# Resource object code (Python 3)
# Created by: object code
# Created by: The Resource Compiler for Qt version 6.3.1
# WARNING! All changes made in this file will be lost!

from PySide6 import QtCore

qt_resource_data = b"\
\x00\x00\x19@\
\x89\
PNG\x0d\x0a\x1a\x0a\x00\x00\x00\x0dIHDR\x00\
\x00\x02\x00\x00\x00\x02\x00\x08\x04\x00\x00\x00^q\x1cq\
\x00\x00\x00\x04gAMA\x00\x00\xb1\x8f\x0b\xfca\x05\
\x00\x00\x00 cHRM\x00\x00z&\x00\x00\x80\x84\
\x00\x00\xfa\x00\x00\x00\x80\xe8\x00\x00u0\x00\x00\xea`\
\x00\x00:\x98\x00\x00\x17p\x9c\xbaQ<\x00\x00\x00\x02\
bKGD\x00\x00\xaa\x8d#2\x00\x00\x00\x09pH\
Ys\x00\x00\x0e\xc4\x00\x00\x0e\xc4\x01\x95+\x0e\x1b\x00\
\x00\x00\x07tIME\x07\xe3\x04\x13\x0c\x1a'\xf7\x15\
+\xe9\x00\x00\x18\x0eIDATx\xda\xed\xddi\xac\
\x5c\xe5}\xc7\xf1\x9f\x17\xc0`06\x98\x00.ai\
\x1d\x16\x19\x08\x02\xb3U\x81\xb6,\x09\xd0\x80\x9a\x04\xaa\
\x94\x94-\x91p\xa0\x15$\xca\x0b\xd4TIP\xa1*\
]\x22BTT\xaa@iA\xa4\x12\x12m\x08M\xa2\
\x94\x02-\xa2!b\x09\x11\x04B\x03\x04\xb3&\x84\xd8\
\x06\x130\x8b\xed\xdb\x177\xc6\xbe\xf6\xbdw\xce9\xcf\
\xf2\x7f\xfe\xcf\xf3\xfd\xcc\xdb\xb9\x9e9f~_f\xce\
\x1d\xcfH\x00\x00\x00\x00\x00\x00\x00\x00\x00\x00\x00\x00\x00\
\x00\x00\x00\x00\x00\x00\x00\x00\x00\x00\x00\x00\x00\x00\x00\x00\
\x00\x00\x00\x00\x00\x00\x00\x00\x00\x00\x00\x00\x00\x00\x00\xa0\
\x9f\x19\xd6w\x00nm\xa3Cu\x80\x16\xeb}\xda[\
;i\xae\xb6\xd3\x0ez]k\xb4Z\xab\xb5\x5cO\xea\
\x09\xfdD\xf7\xebu\xeb\xbb\x89\xe9\x10\x00\xf45S\xc7\
\xe88\xfd\x8e\x8e\xd0\xb6#\xaf\xbbV\x0f\xe8n\xfd\xb7\
\xee\xd0\xdb\xd6w\x1b@\xa8%\xbaT?\xd5X\xef\xcb\
*\xdd\xa0S5\xdb\xfa\xee\x03\x18fk\x9d\xa3G\x06\
L\x7f\xd3\xcbr}F\xdb[\x1f\x08\x80~\xe6\xeas\
z.p\xfc\x1b.+t\x99\x16Z\x1f\x10\x80\xaeN\
\xd5\xf2H\xe3\xdf\xf8\x82\xe0b^\x0e\x00\xe5[\xa2;\
#\x8f\x7f\xc3\xe5\x87:\xc6\xfa\xe0\x00Lm\x86.\xd6\
\x9b\x89\xe6?\xa61\xad\xd7U\xda\xda\xfa \x01Lf\
\xa1nK8\xfe\x0d\x97\xfb\xb5\xd8\xfa@\x01l\xeep\
=\x9fa\xfec\x1a\xd3+:\xd5\xfa`\x01l\xea8\
\xbd\x9ai\xfec\x1a\xd3Z\x9do}\xc0\x0068S\
oe\x9c\xff\xf8\xe5\x0a\xeb\x83\x06 I\x17j}\xf6\
\xf9\x8fiLW\xf2\xb6t\xc0\xda\xf9F\xf3\x1f\xd3\x98\
\xae!\x01\x80%\xcb\xf9\x93\x00\xc0\x94\xf5\xfcI\x00`\
\xa6\x84\xf9\x93\x00\xc0D)\xf3'\x01@v%\xcd\x9f\
\x04\x00Y\x956\x7f\x12\x00dS\xe2\xfcI\x00\x90E\
\xa9\xf3'\x01@r%\xcf\x9f\x04\x00I\x95>\x7f\x12\
\x00$\xe3a\xfe$\x00H\xc2\xcb\xfcI\x00\x10\x9d\xa7\
\xf9\x93\x00 *o\xf3'\x01@4\x1e\xe7O\x02\x80\
(\xbc\xce\x9f\x04\x00\xc1<\xcf\x9f\x04\x00A\xbc\xcf\x9f\
\x04\x00\x83\xd50\x7f\x12\x00\x0cR\xcb\xfcI\x00\xd0[\
M\xf3'\x01@/\xb5\xcd\x9f\x04\x00\x9d\xd58\x7f\x12\
\x00tR\xeb\xfcI\x000R\xcd\xf3'\x01\xc0\xb4j\
\x9f?\x09\x00\xa6\xd4\xc2\xfcI\x000\xa9V\xe6O\x02\
\x80-\xb44\x7f\x12\x00L\xd0\xda\xfcI\x00\xf0\xae\x16\
\xe7O\x02\x00I\xed\xce\x9f\x04\x00M\xcf\x9f\x04\xa0q\
\xad\xcf\x9f\x04\xa0a\xcc\x9f\x04\xa0Y\xcc\x9f\x04\xa0Y\
\xcc\x9f\x04\xa0Y\xcc\x9f\x04\xa0Y\xcc\x9f\x04\xa0Y\xcc\
\x9f\x04\xa0Y\xcc\x9f\x04\xa0Y\xcc\x9f\x04\xa0Y\xcc\x9f\
\x04\xa0Y\xcc\x9f\x04D1\xcb\xfa\x0e`\x80\xf3yP\
\xf7\xb0T\xbb\xe9[\xd6w\xa2T\x04\xc0\x1f\xe6\xdf\x17\
\x09\x98\x12\x01\xf0\x86\xf9\x0fA\x02\xa6@\x00|a\xfe\
C\x91\x80I\x11\x00O\x98\x7f\x08\x120\x09\x02\xe0\x07\
\xf3\x0fE\x02\xb6@\x00\xbc`\xfe1\x90\x80\xcd\x10\x00\
\x1f\x98\x7f,$`\x02\x02\xe0\x01\xf3\x8f\x89\x04l\x82\
\x00\x94\x8f\xf9\xc7F\x02\xdeE\x00J\xc7\xfcS \x01\
\xbfF\x00\xca\xc6\xfcS!\x01\x92\x08@\xd9\x98\x7fJ\
$@\x04\xa0d\xcc?5\x12@\x00\x8a\xc5\xfcsh\
>\x01\x04\xa0L\xcc?\x97\xc6\x13@\x00J\xc4\xfcs\
j:\x01\x04\xa0<\xcc?\xb7\x86\x13@\x00J\xc3\xfc\
-4\x9b\x00\x02P\x16\xe6o\xa5\xd1\x04\x10\x80\x920\
\x7fKM&\x80\x00\x94\x83\xf9[k0\x01\x04\xa0\x14\
\xcc\xbf\x04\xcd%\x80\x00\x94\x81\xf9\x97\xa2\xb1\x04\x10\x80\
\x120\xff\x924\x95\x00\x02`\x8f\xf9\x97\xa6\xa1\x04\x10\
\x00k\xcc\xbfD\xcd$\x80\x00\xd8b\xfe\xa5j$\x01\
\x04\xc0\x12\xf3/Y\x13\x09 \x00v\x98\x7f\xe9\x1aH\
\x00\x01\xb0\xc2\xfc=\xa8>\x01\x04\xc0\x06\xf3\xf7\xa2\xf2\
\x04\x10\x00\x0b\xcc\xdf\x93\xaa\x13@\x00\xf2c\xfe\xdeT\
\x9c\x00\x02\x90\x1b\xf3\xf7\xa8\xda\x04\x10\x80\xbc\x98\xbfW\
\x95&\x80\x00\xe4\xc4\xfc=\xab2\x01\x04 \x1f\xe6\xef\
]\x85\x09 \x00\xb90\xff\x1aT\x97\x00\x02\x90\x07\xf3\
\xafEe\x09 \x0090\xff\x9aT\x95\x00\x02\x90\x1e\
\xf3\xafME\x09 \x00\xa91\xff\x1aU\x93\x00\x02\x90\
\x16\xf3\xafU%\x09 \x00)1\xff\x9aU\x91\x00\x02\
\x90\x0e\xf3\xaf]\x05\x09 \x00\xa90\xff\x16\xb8O\x00\
\x01H\x83\xf9\xb7\xc2y\x02\x08@\x0a\xcc\xbf%\xae\x13\
@\x00\xe2c\xfe\xadq\x9c\x00\x02\x10\x1b\xf3o\x91\xdb\
\x04\x10\x80\xb8\x98\x7f\xab\x9c&\x80\x00\xc4\xc4\xfc[\xe6\
2\x01\x04 \x1e\xe6\xdf:\x87\x09 \x00\xb10\x7f8\
L\x00\x01\x88\x83\xf9c\x9c\xb3\x04\x10\x80\x18\x98?6\
r\x95\x00\x02\x10\x8e\xf9c\x22G\x09 \x00\xa1\x98?\
\xb6\xe4&\x01\x04 \x0c\xf3\xc7\xe4\x9c$\x80\x00\x84`\
\xfe\x98\x9a\x8b\x04\x10\x80\xe1\x98?\xa6\xe7 \x01\x04`\
(\xe6\x8f\xd1\x8aO\x00\x01\x18\x86\xf9\xa3\x9b\xc2\x13@\
\x00\x86`\xfe\xe8\xae\xe8\x04\x10\x80\xfe\x98?\xfa)8\
\x01\x04\xa0/\xe6\x8f\xfe\x8aM\x00\x01\xe8\x87\xf9c\x98\
B\x13@\x00\xfa`\xfe\x18\xae\xc8\x04\x10\x80\xee\x98?\
\xc2\x14\x98\x00\x02\xd0\x15\xf3G\xb8\xe2\x12@\x00\xbaa\
\xfe\x88\xa3\xb0\x04\x10\x80.\x98?\xe2)*\x01\x04`\
4\xe6\x8f\xb8\x0aJ\x00\x01\x18\x85\xf9#\xbeb\x12@\
\x00\xa6\xc7\xfc\x91F!\x09 \x00\xd3a\xfeH\xa7\x88\
\x04\x10\x80\xa91\x7f\xa4U@\x02\x08\xc0T\x98?\xd2\
3O\x00\x01\x98\x1c\xf3G\x1e\xc6\x09 \x00\x93a\xfe\
\xc8\xc74\x01\x04`K\xcc\x1fy\x19&\x80\x00l\x8e\
\xf9#?\xb3\x04\x10\x80\x89\x98?l\x18%\x80\x00l\
\x8a\xf9\xc3\x8eI\x02\x08\xc0F\xcc\x1f\xb6\x0c\x12@\x00\
6`\xfe\xb0\x97=\x01\x04`\x1c\xf3G\x192'\x80\
\x00H\xcc\x1f%\xc9\x9a\x00\x02\xc0\xfcQ\x9a\x8c\x09 \
\x00\xcc\x1f\xe5\xc9\x96\x80\xd6\x03\xc0\xfcQ\xa6L\x09h\
;\x00\xcc\x1f\xe5\xca\x92\x80\x96\x03\xc0\xfcQ\xb6\x0c\x09\
h7\x00\xcc\x1f\xe5K\x9e\x80V\x03\xc0\xfc\xe1C\xe2\
\x04\xb4\x19\x00\xe6\x0f?\x92&\xa0\xc5\x000\x7f\xf8\x92\
0\x01\xed\x05\x80\xf9\xc3\x9fd\x09h-\x00\xcc\x1f>\
%J@[\x01`\xfe\xf0+I\x02Z\x0a\x00\xf3\x87\
o\x09\x12\xd0N\x00\x98?\xfc\x8b\x9e\x80V\x02\xc0\xfc\
Q\x87\xc8\x09h#\x00\xcc\x1f\xf5\x88\x9a\x80\x16\x02\xc0\
\xfcQ\x97\x88\x09\xa8?\x00\xcc\x1f\xf5\x89\x96\x80\xda\x03\
\xc0\xfcQ\xa7H\x09\xa8;\x00\xcc\x1f\xf5\x8a\x92\x80\x9a\
\x03\xc0\xfcQ\xb7\x08\x09\x98i}\x0c\x09\x1d\xcb\xfcQ\
\xb9e\xfaJ\xd8\xa3\xbc\xe6g\x00\xb7j\x1f\xbd\xdf\xfa\
N\x00I\x1d\x19\xf6,\xa0\xe6\x00\x8c\xe9\x9b$\x00\xd5\
\x0bz!Ps\x00\xc6\x13\xb0X\x07Y\xdf\x0d \xa9\
\xa5\x9a\xa7\xef\x0e\xfb\xd1\xba\x03 \x8d\xf1B\x00\x0d8\
Zo\xea\x7f\x87\xfc`\xed\x01\xe0\x85\x00\xdap\xbc\x9e\
\xd3C\xfd\x7f\xac\xfe\x00\xf0B\x00-\x98\xa1\xdf\xd7}\
z\xaa\xff\x8f\xb5a\x96\xae\xd7Y\xd6w\x02Hj\x95\
\x0e\xd1\xb3\xfd~\xa4\xe6\xf7\x01lj\x9d\xce\xd3\x8d\xd6\
w\x02Hj\x81n\xec\xfb\x9c\xbe\x85\x97\x00\xe38\x17\
\x80\xfa\xed\xa5\xf5\xfa\x9f>?\xd0\xcaK\x80q\xb3t\
\x83\xce\xb4\xbe\x13@Bku\x98\x1e\xee~\xf5V^\
\x02\x8c[\xa7\xb3y!\x80\xaa\xcd\xd6\xd5}\xfe\xb7\xde\
\xceK\x80q\xbc\x10@\xed\xf6\xd4\x8f\xf5h\xd7+\xb7\
\xf5\x12`\x1c/\x04P\xb7\xe7\xb5\xaf\xd6t\xbbjk\
\xcf\x00$\xde\x1d\x88\xda\xcd\xd3\x8b\xba\xbf\xdbU[|\
\x06 \xf1\xbe\x00\xd4\xedi\xed\xab\xb5]\xae\xd8\xe23\
\x00\x89s\x01\xa8\xdb\x02=\xd6\xed<@\xab\x01\xe0\x0d\
\xc2\xa8\xdb{um\x97\xab\xb5\xfa\x12`\x1c/\x04P\
\xaf\xfd\xf4\x93\xd1Wj\xf7\x19\x80\xc4\x0b\x01\xd4\xece\
\xdd=\xfaJ\xfe\xde\x08t\xbe\xfe!\xe2\xf3\x16\xfe\x8d\
\x00j\xd5\xe9W\xdd\xb3\xad\xefeO\xe3\x9f\xf4;C\
\x17h,\xd2\x9f\xb8N\xe7i\x16\xef\x0b@u\xf6\xd7\
\x01\xfa\xf1\xa8+\xf9z\x09\xb0\xe1\x83\xbe\xe3~A\x22\
\xef\x0b@\x9d\x1e\xd1\x83\xa3\xae\xe2)\x00\x9b~\xce\x7f\
\xec\x04p.\x00\xf5yM\xb7\x8c\xba\x8a\x9f\x00l\xfe\
5\x1f$\x00\x98\xdeB}y\xd4U\xbc\x04`\xb2o\
\xf9\x89\x9f\x00\xde\x17\x80\x9a\xec\xa0\xeb\xb4z\xfa\xab\xf8\
\x08\xc0T_\xf2\xc5\xb9\x00`:\xb7i\xf9\xf4W\xf0\
\x10\x80\xe9\xbe\xe3\x8f\x17\x02\xc0\xd4\xbe\xa7\x1fL\x7f\x85\
\xf2\x030\xea+>I\x000\x95\xc7u\xfb\xf4W(\
=\x00]\xbe\xe1\x97s\x01\xc0\xe4\x9e\x1b\xf5{\x80\xb2\
\xdf\x09\xd8\xf5\x0b\xbe\x97E~w \x1f\x1c\x86:\xec\
0\xea\x0a%\x07\xa0\xeb\xfc\xa5\xf8\x09\xe0\x0d\xc2\xa8\xc1\
\xf6\xa3\xaePn\x00\xfa\xcc_\x22\x01\xc0\x96\xdc\x06\xa0\
\xef\xfc\xa5\x14\x09\xf8\xba\xf5_\x03\x10d\xebQW(\
3\x00C\xe6/q.\x00\x98\xe8W\xa3\xaePb\x00\
\x86\xce_\xe2\x85\x00\xb0)\x87\x01\xf8\x93\x80\xf9K\xd2\
2]I\x02\x00I\x0e\x03p\x8e\xbe\x1a<\xdf\x8b9\
\x17\x00H\x92V\x8e\xbaBY\x01\xf8\x98\xae\x8dr\x8f\
8\x17\x00H\xd2\x93\xa3\xaeP\xd2;\x01O\xd3\xcd\xda\
*\xd2\x9f\xb5T\xf3\xf5\xddh\xf7\x8c7\x08\xc3\xa7k\
F}&P9\xcf\x00\x96\xea\xeb\xd1\xe6/\xa5x!\
\xc0\xb3\x00x\xf3\xc4\xa8+\x94\xf2\xb1\xe0{\xeb\xfb\xda\
5\xfa\x9f\xfa\x8f\x11?;\x90\xef\x14\x847\xefh\xbe\
\xde\x98\xfe*e<\x03\x98\xa7\xdb\x12\xcc\x9fs\x01h\
\xdb\x03\xa3\xe6_\xc69\x80Y\xfa\xa6\x8eN\xf4gs\
.\x00\xed\xbaIw\x8c\xbaJ\x09\xcf\x00.\xd3\x89\x09\
\xfft\xce\x05\xa0U\x1d\xbe\x18\xc4\xfe\x1c\xc0i\xfaF\
\xf2{\xc1\xb9\x00\xb4g\x8dv\xd5k\xa3\xaed\xfd\x12\
`\xb1\xbe\xa39\xc9o%\xf6\x0b\x01>;\x10\xe5\xfb\
\x86n\x1a}%\xdb\x00\xcc\xd6mZ\x9c\xe5\x96\x8e\xe2\
\x83\xc3\xd0\x98/\xe8\xf1\xd1W\xb2\x0d\xc0\x97\xf4\x89l\
\xb7\xc5g\x07\xa2%\xab\xf5i\xad\x1d}5\xcb\x00\x1c\
\xae\xeb\xb3\xde>\x9f\x1d\x88v\x5c\xa7[\xbb\x5c\xcd.\
\x00\xdb\xeav\xed\x92\xf969\x17\x806\xac\xd3'\xb4\
\xaa\xcb\x15\xed~\x0d\xf8\x05\xbd\xcf\xe0V\xf9\xa5 Z\
p\xb3\x9e\xeavE\xabg\x00\x07\xe9_\x8cn\x9b\x17\
\x02\xa8\xdd\x98\xce\xd1\xcf\xbb]\xd5f\x843u\xab\xf6\
4\xb9e\x89\x17\x02\xa8\xdd\xbf\xea\xea\xaeW\xb5\x09\xc0\
y\xba\xd0\xe4v7\xe0\x97\x82\xa8\xd7\x1b\xfa\x88^\xed\
ze\x8b\x00l\xaf\x7f\x1f\xfd\x85\x05\x89\xf1KA\xd4\
\xea\x8b}\x1e\xd9\x16\x01\xf8\x92N1\xb8\xd5\xcdq.\
\x005zL\xe7i]\xf7\xab\xe7\x0f\xc0{uS\xd4\
\x0f\xfe\x18\x8es\x01\xa8\xcd\x9b:E/\xf4\xf9\x81\xfc\
\x01\xf8\x1b\x1d\x95\xfd6\xa7\xc2\xb9\x00\xd4\xe5\x22\xfdG\
\xbf\x1f\xc8\xfd\xaf\x01\xf7\xd4\x13\xa3\xbf\xad$+\xfe\xa5\
 jq\x8bN\xef\xfb#\xb9\x9f\x01\xfc\xad\x8e\xc8|\
\x8b\xa3\xc4>\x17\xc0\x0b\x01\xd8x@\x1f\xd1\xdb}\x7f\
(o\x00\xf6\xd2?\x99\xff\x03\xe4-\xf1\xa9A\xf0\xef\
)\x9d\xd0\xed\xcd\xbf\x13\xe5\x9d\xe3\x17\xf5\x81\xac\xb7\xd7\
\x15\xe7\x02\xe0\xdb\xcb:N\xcf\x0e\xf9\xc1\x9c\x01\xd8A\
7f\xf8\xf0\x8fa\xf8\xa5 \xfc\xfa\xa5N\x18\xf5\xf9\
\xffS\xc9\x19\x80\x0b\xf4\x07\x19o\xad/\xce\x05\xc0\xa7\
\x97u\x82\x1e\x1e\xfa\xc3\xf9\x020C7j\xa7l\xb7\
6\x04\xe7\x02\xe0O\xd0\xfcs\x06\xe08}6\xdbm\
\x0d\xc5\xb9\x00\xf8\x128\xff\x9c\x01\xb8\xdc\xc5kb\xfe\
\x8d\x00\xfc\x08\x9e\x7f\xbe\x00\xec\xa8\xaf\x15\xf2\x06\xe0Q\
H\x00|\x880\xff|\x01\xf8d\xd1'\x00'\xe2\x5c\
\x00\xca\x17e\xfe\xf9\x02\xf0w\xda;\xd3-\xc5\xc0\xb9\
\x00\x94-\xd2\xfcs\x05`W]U\xc4\x97\x90u\xc7\
\x0b\x01\x94+\xda\xfcs\x05\xe0l\x9d\x9a\xe5vb\x22\
\x01(S\xc4\xf9\xe7\x0a\xc0_\xe97\xb3\xdcN\x5c\x9c\
\x0b@y\xa2\xce?O\x00\xe6\xeaj\xcd\xcep;\xf1\
q.\x00e\x89<\xff<\xdf\x0b\xf0{\xda&\xc3\xad\
\xa4\xb1\x8c\xef\x11@1\xa2\xcf?O\x00>\x94\xe16\
\xd2!\x01(C\x82\xf9\xe7y\x09p\xa5\x16f\xb8\x95\
t8\x17\x00{I\xe6\x9f\xe3#\xc1\xde\xa3\x97\x92\xdf\
Fz\xb1?8\xecz\x9de}Hp$\xd1\xfcs\
\xbc\x04\xf8\xed\xe4\xb7\x90\x03/\x04`g\x95NN3\
\xff\x1c\x018:\xf9-\xe4A\x02`c\x95N\xd4\x83\
\xa9\xfep\x02\xd0\x1d\x09@~I\xe7\x9f\xfe$\xe0\x0c\
}\xb5\xb0\x8f\x01\x0f\xc1\xe9@\xe4\x95x\xfe\xe9\x9f\x01\
\xec\xa3\xed\x13\xdfB^\x17\xf3,\x00\xd9$\x9f\x7f\xfa\
\x00x\xf8\x10\x90~x!\x80<2\xcc?}\x00\x0e\
L}\x00\x06H\x00\xd2\xcb2\xff\xf4\xe7\x00\x96\xe9\xe0\
\xf4\x07\x91\x1d\xe7\x02\x90V\xa6\xf9\xe78\x07P'\xce\
\x05 \x9dl\xf3O\x1f\x80\xbd\xf2\x1c\x86\x01^\x08 \
\x8d\x8c\xf3O\xfdV\xe0\xad\xb4\xa6\xc0\xef\x02\x8c\x877\
\x08#\xb6\xac\xf3O\xfd\x0c`\x8f\xaa\xe7/-\xd3\x95\
<\x0b@D\x99\xe7\x9f:\x00\xbb\xe6<\x14\x13\x9c\x0b\
@<\xd9\xe7\x9f:\x00e\x7f\x15X\x1c\x9c\x0b@\x1c\
\x06\xf3O\x1d\x80\x9ds\x1f\x8e\x09\x12\x80p&\xf3'\
\x00q\x90\x00\x841\x9a\x7f\xea\x00\xec`qH&8\
\x1d\x88\xe1\xcc\xe6\x9f:\x00\xf5\xfc;\xc0\xd18\x1d\x88\
a\x0c\xe7O\x00b\xe2\x85\x00\xfa3\x9d?\x01\x88\x8b\
\x04\xa0\x1f\xe3\xf9\xa7\x0e\x80\x8f/\x04\x8f\x89s\x01\xe8\
\xce|\xfe\xa9\x03\xb0\xd6\xf6\xe0Lp.\x00\xdd\x140\
\xff\xd4\x01x\xdb\xfa\xf0L\xf0B\x00\xa3\x151\x7f\x02\
\x90\x06\x09\xc0\xf4\x0a\x99?\x01H\x85\x04`j\xc5\xcc\
?u\x00^\xb3><C$\x00\x93+h\xfe\xa9\x03\
\xb0\xc2\xfa\xf0L\x91\x00l\xa9\xa8\xf9\x13\x80\xb4H\x00\
&*l\xfe\xa9\x03\xb0\xd2\xfa\xf0\xcc\x91\x00lT\xdc\
\xfcS\x7f*\xf0\x1c]d}\x80\xe6\xf8\x04a\x8c+\
p\xfe\xa9?\x13p\x1b\xad\xc9\xf0\x05\xe4\xe5\xe3\xb3\x03\
Q\xe4\xfcS?\x03X\xa7OW\xf6\xd5`\xc3,\xd5\
n\xfaV\xb4?\x8dg\x01\xfe\x14:\xff\xf4_\x0cr\
\x86\xf6\xb0>\xc4\x22\x90\x80\x96\x15;\xff\xf4\x018\xa1\
\xca/\x07\x1b\x82s\x01\xad*x\xfe\xe9\x03p\xa0~\
\xd7\xfa\x10\x8bq\x14\xcf\x02\x1aT\xf4\xfc\xd3\x07`g\
\xfd\xa1\xf5!\x16\x84\x17\x02\xad)|\xfe\xe9\x03\xb0^\
\x7fj}\x88E!\x01-)~\xfe\xa9\x7f\x0d(\xcd\
\xd2k\xda\xd6\xfa \x0b\xc3/\x05\xdb\xe0`\xfe\xe9\x9f\
\x01\x8c\xe9\xc3\xfc\x1e`3\x9c\x0el\x81\x8b\xf9\xa7\x0f\
\x80\xb4DG[\x1fdq8\x1dX;'\xf3\xcf\x11\
\x80y:\xc3\xfa \x0b\xc4\xb9\x80\x9a\xb9\x99\x7f\x8e\x00\
\xbc\xa2\xcfY\x1fd\x91H@\xad\x1c\xcd?G\x00^\
\xd3\xb9\x9ao}\x98E\xe2\x5c@\x8d\x5c\xcd?G\x00\
\xa4%:\xcc\xfa0\x0b\xc5\xb9\x80\xda8\x9b\x7f\x9e\x00\
l\xcd\x9b\x81\xa6\xc4\x0b\x81\x9a\xb8\x9b\x7f\xfa\xf7\x01H\
\xd2|\xbd\xac\xd9\xd6\x07Z0\xde\x17P\x07\x87\xf3\xcf\
\xf3\x0c\xe0M}P{Z\x1fh\xc18\x17P\x03\x97\
\xf3\xcf\x13\x00i\xbe>d}\xa0E\xe3\x5c\x80wN\
\xe7\x9f+\x00\xcf\xeb\xb3|2\xd0\xb48\x17\xe0\x99\xdb\
\xf9\xe7\x0a\xc0j\x9d\xc4\x1b\x82G \x01^9\x9e\x7f\
\xae\x00H;\xf2\x22`$\xce\x05x\xe4z\xfey~\
\x0b I\xbb\xea\xb9\x06\xbf,\xbc?~#\xe0\x8b\xf3\
\xf9\xe7{\x06\xf0\xba\x0e\xd5\xfe\xd6\x07\xeb\x00/\x04<\
q?\xff|\x01\x90^\xd7\x99\xd6\x07\xeb\x02\x09\xf0\xa2\
\x82\xf9\xe7\x0c\xc0O\xf5)\xcd\xb3>\x5c\x178\x17\xe0\
A\x15\xf3\xcf\x19\x80\xf5\x9a\xa3\xe3\xad\x0f\xd7\x09\xde\x17\
P\xbaJ\xe6\x9f\xef$\xa0$\xed\xa4g5\xd7\xfa\x80\
\xdd\xe0t`\xb9\xaa\x99\x7f\xceg\x00\xd2\x1a\xbdWK\
\xad\x0f\xd8\x0d\xce\x05\x94\xaa\xa2\xf9\xe7\x0d\x80\xf4\xa4.\
\xe4\x1d\x81\x9dq.\xa0DU\xcd?w\x00V\xe8\x00\
\xbe)\xa8\x07\xce\x05\x94\xa6\xb2\xf9\xe7\x0e\x80\xf4\x88.\
\xd4L\xeb\x83v\x84\x17\x02%\xa9n\xfe\xf9\x03\xb0B\
\xfb\xe9 \xeb\x83v\x85\x04\x94\xa2\xc2\xf9\xe7\x0f\x80\xf4\
\xa8\x96\x19\xdc\xaag\x9c\x0b(A\x95\xf3\xb7\x08\xc0\x0a\
\xed\xa2#\xad\x0f\xdb\x19\xce\x05X\xabt\xfe6\x16\xe8\
\x97\x1a\xe3\xd2\xf3rM\xd4\xdf\x9f\xcc\xd2\x0d\xe6G\xe4\
\xe7\xb2\xb2\xde\x8f\xb5\xb5x2\xfe\xa6\xde\xd2I\xd6\x07\
\xee\x0e\xe7\x02\xacT\xfd\x7f\x7f\x9bW\xe3?\xd0G\xf5\
\x1e\xebCw\x87s\x01\x16\xaa\x9e\xbfU\x00\xd6\xebA\
}\x92\xb7\x04\xf5\xc6\xb9\x80\xdc*\x9f\xbfU\x00\xa4\x17\
\xb4\x9b\x0e\xb7>x\x87x!\x90S\xf5\xf3\xb7\x0b\x80\
t\x8f\xce\xe2\x9f\x07\x0f\xc0\x0b\x81\x5c\x1a\x98\xbfe\x00\
\xde\xd2\x8f\xf4\xc7\xbc\x0c\x18\x80\x17\x02941\x7f\xcb\
\x00HOi\xa1\x8e\xb0\xfe\x0bp\x89\x17\x02\xa952\
\x7fks\xf4\xb0\xf9\xefx\xbd^x_@\xbaK\xc5\
\xbf\xf7\xdf\xf2?\xbc\xa5\xb5\xbaW\xe7\xf2\xbd\x81\x83p\
. \x95\xa6\xfe\xefo\xfd\xae\xfc\x9f\xeb\x19}\xd4\xfa\
/\xc1)\xce\x05\xa4\xd0\xd4\xfc\xed\x03 =\xacE\xed\
<\xe1\x8a\x8cs\x01\xb156\xff\x12\x02 \xdd\xae\x0f\
\xea7\xac\xef\x84S\xbc\x10\x88\xa9\xb9\xf9\x97bw=\
c~\xe2\xc7\xef\x85\xd3\x81q.\x0d\x9d\xfa+\xcf\x12\
\xbdb\xfe\x00\xf0{!\x01\xe1\x97F\xe7_\xc2K\x00\
IzY\x0f\xe9\xe3|X\xd8@\x9c\x0b\x08\xd5\xec\x93\
\xffR\x02 =\xa5\x17t\x1a\xef\x0c\x1ch\xa9\x16p\
.`\xb0f\xe7_R\x00\xa4\x87\xb4B\xa7X\xdf\x09\
\xb7\x8e\xe4Y\xc0@\x0d\xcf\xbf\xac\x00H\xf7i\x9d\x8e\
\xb3\xbe\x13n\xf1B`\x88\xa6\xe7_Z\x00\xa4\xbb\xb5\
\x8d\x8e\xb1\xbe\x13n\xf1B\xa0\xaf\xc6\xe7_^\x00\xa4\
;4[\xc7Z\xdf\x09\xb7x!\xd0G\xf3\xf3/1\
\x00\xd2]$ \x00/\x04\xbab\xfe*3\x00$ \
\x0c\x09\xe8\x82\xf9K*5\x00$ \x0c\x09\x18\x85\xf9\
\xffZ\xa9\x01 \x01aH\xc0t\x98\xff\xbb\xca\x0d\x00\
\x09\x08C\x02\xa6\xc2\xfc7Qr\x00H@\x18\x120\
\x19\xe6?A\xd9\x01 \x01aH\xc0\xe6\x98\xfffJ\
\x0f\x00\x09\x08C\x026\xc5\xfc\xb7P~\x00H@\x18\
\x12\xb0\x01\xf3\x9f\x84\x87\x00\x90\x800$@b\xfeS\
\xf0\x11\x00\x12\x10\x86\x040\xff)x\x09\x00\x09\x08\xd3\
v\x02\x98\xff\x94\xfc\x04\x80\x04\x84i7\x01\xcc\x7f\x1a\
\x9e\x02@\x02\xc2\xb4\x99\x00\xe6?-_\x01 \x01a\
\xdaK\x00\xf3\x1f\xc1[\x00H@\x98\xb6\x12\xc0\xfcG\
\xf2\x17\x00\x12\x10\xa6\x9d\x040\xff\x0e<\x06\x80\x04\x84\
i#\x01\xcc\xbf\x13\x9f\x01 \x01a\xeaO\x00\xf3\xef\
\xc8k\x00H@\x98\xba\x13\xc0\xfc;\xf3\x1b\x00\x12\x10\
\xa6\xde\x040\xff\x1e<\x07\x80\x04\x84\xa93\x01\xcc\xbf\
\x17\xdf\x01 \x01a\xeaK\x00\xf3\xef\xc9{\x00H@\
\x98\xba\x12\xc0\xfc{\xf3\x1f\x00\x12\x10\xa6\x9e\x040\xff\
\x01j\x08\x00\x09\x08SG\x02\x98\xff u\x04\x80\x04\
\x84\xf1\x9f\x00\xe6?P-\x01 \x01a|'\x80\xf9\
\x0fVO\x00H@\x18\xbf\x09`\xfe\x01j\x0a\x00\x09\
\x08\xe33\x01\xcc?H]\x01 \x01a\xfc%\x80\xf9\
\x07\xaa-\x00$ \x8c\xaf\x040\xff`\xf5\x05\x80\x04\
\x84\xf1\x93\x00\xe6\x1fA\x8d\x01 \x01a|$\x80\xf9\
GQg\x00H@\x98\xf2\x13\xc0\xfc#\xa95\x00$\
 L\xd9\x09`\xfe\xd1\xd4\x1b\x00\x12\x10\xa6\xdc\x040\
\xff\x88j\x0e\x00\x09\x08Sf\x02\x98\x7fTu\x07\x80\
\x04\x84)/\x01\xcc?\xb2\xda\x03@\x02\xc2\x94\x95\x00\
\xe6\x1f]\xfd\x01 \x01a\xcaI\x00\xf3O\xa0\x85\x00\
\x90\x800e$\x80\xf9#\xc8e\x1a\xe32\xf8r\x8d\
fD\xfco1K7\xf4\xbc\xfd\x95:\xcc\xfa\x01\x04\
\xefH\x80\xd7\x040\x7fDq\xb9\xf9\x8c<_\xac\x12\
\xc0\xfc\x11\x0d\x09\xf0\x96\x00\xe6\x8f\xa8H\x80\xa7\x040\
\x7fDG\x02\xbc$\x80\xf9#\x09\x12\xe0!\x01\xcc\x1f\
\xc9\x90\x80\xd2\x13\xc0\xfc\x91\x14\x09(9\x01\xcc\x1f\xc9\
\x91\x80R\x13\xc0\xfc\x91\x05\x09(1\x01\xcc\x1f\xd9\x90\
\x80\xd2\x12\xc0\xfc\xb3j\xe3\x1f\x03M\xedNm\xc5?\
\x13\x1a,\xfe?\x13Z\xa8\x8b\xf4\x90\xf5a\xb5\xa4\xf5\
\x00\x90\x800\xb1\x13\xf0m\xbdd}Hm!\x00$\
 L\xdc\x04 3\x02 \x91\x800$\xc01\x020\
\x8e\x04\x84 \x01n\x11\x80\x0dH@\x08\x12\xe0\x14\x01\
\xd8\x88\x04\x84 \x01.\x11\x80M\x91\x80\x10$\xc0!\
\x020\x11\x09\x08A\x02\xdc!\x00\x9b#\x01!H\x80\
3\x04`K$ \x04\x09p\x85\x00L\x86\x04\x84 \
\x01\x8e\x10\x80\xc9\x91\x80\x10$\xc0\x0d\x020\x15\x12\x10\
\x82\x048A\x00\xa6F\x02B\x90\x00\x17\x08\xc0tH\
@\x08\x12\xe0\x00\x01\x98\x1e\x09\x08A\x02\x8aG\x00F\
!\x01!H@\xe1\x08\xc0h$ \x04\x09(\x1a\x01\
\xe8\x82\x04\x84 \x01\x05#\x00\xdd\xdc\xa9m\xf5\x01\xeb\
;\xe1\xd6R\xcd\xd6\x9d\xd6w\x02\x93!\x00]\xfd\x17\
\xcf\x02\x06[\xa5\xcf\xebg\xd6w\x02\x93!\x00\xdd\xf1\
B`\x98U:Q\x0fZ\xdf\x09L\x8e\x00\xf4A\x02\
\xfac\xfeE#\x00\xfd\x90\x80~\x98\x7f\xe1\x08@_\
$\xa0;\xe6_<\x02\xd0\x1f\x09\xe8\x86\xf9;@\x00\
\x86 \x01\xa31\x7f\x17\x08\xc00$`z\xcc\xdf\x09\
\x020\x14\x09\x98\x1a\xf3w\x83\x00\x0cG\x02&\xc7\xfc\
\x1d!\x00!H\xc0\x96\x98\xbf+\x04 \x0c\x09\x98\x88\
\xf9;C\x00B\x91\x80\x8d\x98\xbf;\x04 \x1c\x09\x18\
\xc7\xfc\x1d\x9a1\xe0gf\xeaH\x1d\xa9E\xda]\xdb\
X\xdf\xfd\xc1\x9e\xd7%z'\xe2\x9fw\xb9\xfe\xdc\xfa\
\x90\x8c1\xff&\xec\xa1\xbf\xd7\xcf4V\xc1\xe5\x16m\
\x15\xf5o\xe6r\xf3#\xb2\xbc\xac\xd4a\xd6\x0fM\xa4\
\xb6\x9d\xae\xd0\x1b\xe6\x0f\xb5r\x13\xf0\x97\xe6Gdu\
yI\xef\xb7~p\x22\xb5E\xba\xcf\xfc\x81Vz\x02\
.1?\x22\x8b\xcb\x8b:\xd0\xfa\xc1\x89\xd4\xf6\xd3\x8b\
\xe6\x0f4\x0f\x09\xb8@\xeb\xcc\x8f)\xef\xe5i\xfd\x96\
\xf5\x83\x13\xa9-\xd0\xff\x99?\xd0\xbc$\xe0\x5c\xbdm\
~L\xf9.?\xd4\x22\xeb\x07'\xd2\xfb\xb6\xf9\x03\xcd\
S\x02\x8e\xd7*\xf3c\xcas\xf9O\xedh\xfd\xd0D\
z\x1f6\x7f\xa0yK\xc0\x12-7?\xa6\xf4\x97k\
#\xff\xad\xa1H3\xf5\xb0\xf9C\xcd_\x02v\xd3=\
\xe6\xc7\x94\xf2\xf2\x8e>c\xfd\xc0D\x1e\xc7\x9a?\xd8\
|&`\xb6\xae0?\xa6T\x97_\xe8x\xeb\x87%\
r\xf9\xb2\xf9\xc3\xcdk\x02\xa4?\xd2\xaf\xcc\x8f*\xfe\
\xe5\x1eN\xfc\xb5\xe41\xf3\x07\x9c\xe7\x04\xec\xaf\x07\xcc\
\x8f*\xe6e\xad\xae\xd0\xd6\xd6\x0fI\xe43Ck\xcc\
\x1ft\xbe\x130[\x97j\xad\xf9q\xc5\xb9,\xe7\x1f\
=\xb5f'\xf3\x07\x9d\xff\x04H\xc7\xea\x09\xf3\xe3\x0a\
\xbd\xac\xd7u\x9ag\xfdpDn\xfb\x98?\xf0\xeaH\
\xc0\xb6\xbaTo\x99\x1f\xd9\xf0\xcb\x93:\xc1\xfa\xa1\x08\
\x0bs\xcd\x1fz\xb5$@:X\xdf7?\xb2!\x97\
\xb7t\x99\xe6X?\x10a\xe5U\xf3\x07`=\x09\x98\
\xa13\xdc\xbdE\xe86-\xb6~\x08\xc2\xd2\xbd\xe6\x0f\
\xc1\x9a\x12 m\xa7K\xb4\xda\xfc\xe8\xba]\x1e\xd5I\
\xd6\x0f?X\xfb3\xf3\x87am\x09\x90vq\xf0\xc9\
\x0a\x8f\xeal>0\x0e\xd2\x01\xe6\x0f\xc5\x1a\x13 \xed\
\xae\xab\x8a\xfd\x15\xeb\xa3\xfa\xb8fZ?\xf0P\x8a\xdb\
\xcc\x1f\x90u&@\xdaE\x97\xe8y\xf3c\x9cx\xb9\
Gg\xf0\x7f~l\xea\x00\xbdc\xfe\xb0\xac5\x01\xd2\
\x1c}J\x0f\x99\x1f\xe5\x98\xc6\xb4F7\xe8P\xeb\x07\
\x1bJ\xf4\xd7\xe6\x0fN\xcb\xcb\xbfex\xf3\xeb\x12]\
\xa1\x97\x0d\x8f\xf1Q]\xa2\x85\xd6\x0f3\x94jf\xd3\
/\x03\xc6\xf4\x1dm\x9b\xe1oy\x8e\xce\xd0\xcd\xd9\xff\
\xf9\xd0\xe3\xba\x5c\x07Y?\xc0P\xbay\xba\xcb|\x86\
\x96\x97;47\xd3\xdf\xf4v\xfa\x98n\xd2/\x92\x1f\
\xd1:=\xa0\xbf\xd0\xc1\xd6\x0f,x\xb1\x95\xae1\x9f\
\xa1\xe5\xe5\x1e\xed\x94\xf1o{\xa6\x0e\xd3\xe7u\x97^\
Op$\xcb\xf5\xcf:S\xbbX?\xa0P\x82~\xdf\
\x0ct\x8a\xaeh\xf8\xe9\xe2c:Y\xcff\xbe\xcd\xd9\
:DG\xeb(\x1d\xa2}5;\xe8OZ\xa5G\xf4\
\x80\xbe\xa7{\xf5b\xe6c@\xc1\xfa~5\xd8L\x9d\
\xae\xd3u\xb2\xb6\xb7\xbe\xe3&^\xd4\xc9z\xd8\xe8\xb6\
\xb7\xd6\xfeZ\xa2\xfd\xb4\xb7\xf6\xd2\xde\xda\xa3C\x0e^\
\xd53zFO\xebi=\xa6\x1f1{Lf\xc8w\
\x03Js\xb4D\x8b\xb4H\xf3\xad\xef~v\xaf\xeak\
Zg}'$I\x0b\xb4\xb3v\xd6\xce\x9a\xab\x19\xef\
\xfewxKoh\xbdVj\x85Vh\xa5\xd6X\xdf\
E\x00\x00\x00\x00\x00\x00\x00\x00\x00\x00\x00\x00\x00\x00\x00\
\x00\x00\x00\x00\x00\x00\x00\x00\x00\x00\x00\x00\x00\x00\x00\x00\
\x00\x00\x00\x00\x00\x00\x00\x00\x00\x00\x00\x00\x00\x00\x00\x00\
\x80\x1a\xfc?\x9dA\xae\xa3|\xac\xa8\xd8\x00\x00\x00%\
tEXtdate:create\x00\
2019-04-19T10:26\
:39+02:00\x1e\xc4w;\x00\x00\x00\
%tEXtdate:modify\
\x002019-04-19T10:2\
6:39+02:00o\x99\xcf\x87\x00\x00\
\x00\x19tEXtSoftware\x00w\
ww.inkscape.org\x9b\
\xee<\x1a\x00\x00\x00\x00IEND\xaeB`\x82\
\x00\x00\x1c\xee\
\x89\
PNG\x0d\x0a\x1a\x0a\x00\x00\x00\x0dIHDR\x00\
\x00\x02\x00\x00\x00\x02\x00\x08\x04\x00\x00\x00^q\x1cq\
\x00\x00\x00\x04gAMA\x00\x00\xb1\x8f\x0b\xfca\x05\
\x00\x00\x00 cHRM\x00\x00z&\x00\x00\x80\x84\
\x00\x00\xfa\x00\x00\x00\x80\xe8\x00\x00u0\x00\x00\xea`\
\x00\x00:\x98\x00\x00\x17p\x9c\xbaQ<\x00\x00\x00\x02\
bKGD\x00\x00\xaa\x8d#2\x00\x00\x00\x09pH\
Ys\x00\x00\x0e\xc4\x00\x00\x0e\xc4\x01\x95+\x0e\x1b\x00\
\x00\x00\x07tIME\x07\xe3\x04\x13\x0d\x1e\x0c>\x07\
}\x9a\x00\x00\x1b\xbcIDATx\xda\xed\xddw\xa0\
T\xd5\xb5\xc7\xf1\xdf\xbd\xf4\xdeD\x04\x1bJQ\x88\x15\
!V@\x14\x09F\xa31\x96\x98\xc4\x9e\x88-\x9a\xf6\
b\x8b)\x9a\xf8\x0cy\xd1\x881\x1a\x8dy\x22Q\x11\
\xd0\xc4(\x82\x12\x94X\x83\x15%\x88\x0a\x88\x8a\x0d\x10\
\x05E\xb8\xb4{\xe7\xfdAx\xb4;\xf7\x9e\x99\xbb\xd7\
Y\xa7|?\xe7\x0f\x15u\xcfZ\xb3g\xad93s\
\xf6>\x12\x00\x00\x00\x00\x00\x00\x00\x00\x00\x00\x00\x00\x00\
\x00\x00\x00\x00\x00\x00\x00\x00\x00\x00\x00\x00\x00\x00\x00\x00\
\x00\x00\x00\x00\x00\x00\x00\x00\x00\x00\x00\x00\x00\x00\x00\x00\
\x00\x00\x00\x00\x00\x00\x00\x00\x00\x00\x00\x00\x00\x00\x00\x00\
\x00\x00\x00\x00\x00\x00\x00\x00\x00\x00\x00\x00\x00\x00\x00\x00\
\x00\x00\x00\x00\x00\x00\x00\x00\x00\x00\x00\x00\x00\x00\x00\x00\
\x00\x00\x00\x00\x00\x00P\x92\x8aX\x1e\xa5\xb5z\xaa\xa7\
zj;\xb5P\x07\xb5Psu\xf0N\xbcDKU\
\xa5*-\xd3J-\xd4<\xcd\xd3<\xad\xf0\x0e\x09h\
8\xcb\x06\xd0A\x035X\xfd\xd5[\xdby\xa7i\xe0\
\x03\xcd\xd5\xf3z\x5cOi\x99w(@\xb9,\x1a@\
3\x0d\xd7a\x1a\xac=U\xe9\x9d^\x0c\xaa5SO\
h\xaa\xa6h\x8dw(\x80\xb7\xfd4J\x8bU\xc8\xe1\
\xb1Tc44\xa6\x8fT@\xe2\xec\xa0\xab\xf5\xb6{\
\x19z\x1f\xf3u\x95\xbayO\x05\x10\xaf]4JU\
\xee\xc5\x97\x94c\xb5\xc6\xa8\xb7\xf7\x94\x00\xf1\xd8Cc\
\xb4\xd6\xbd\xe8\x92vTk\xbc\xfazO\x0d`k[\
\xdd\xa1\x1a\xf7bK\xeaQ\xad\xdb\xd4\xc9{\x8a\x00\x1b\
\x15:M\x1f\xb9\x17Y\xd2\x8fO\xf4\xbd\x5c\xfc\x16\x82\
\x9c\xd9G\xcf\xb8\x17WZ\x8e\xe7\xd5\xdf{\xba\x80p\
*\xf5s\xads/\xab4\x1dku9?\x10\x22\x1b\
:\xeba\xf7\x82J\xe31U]\xbc\xa7\x0eh\xa8A\
z\xdf\xbd\x94\xd2z\xbc\xab\x83\xbd\xa7\x0fh\x88K\xf9\
\xc1\xafA\xc7\x1a\xfd\xc0{\x0a\x81\xf24\xd2\x1f\xdd\x0b\
(\x0b\xc7\x8d\xfc*\x80\xf4i\xaaq\xee\xa5\x93\x95\xe3\
>5\xf3\x9eN`\xbdh\xdfM\xb7\xd2_5\xcc;\
\xd4\x0cyL_\xd5r\xef \x80h\x0d\xa0\xb3&\xf1\
Kv`\xcf\xea(}\xec\x1d\x04P\x7f\x03h\xabi\
\xea\xe7\x1df\x06\xbd\xa0\xc38\x0b\x80\xb7\xfa\xbe\x90j\
\xaa{)\x7f\x13\xfd\xf5w\xbe\x0b\x80\xb7\xba\x1b@#\
\xdd\xa5#\xbcC\xcc\xac!\xbaG\x8d\xbc\x83@\xbe\xd5\
\xf5\x02\xac\xd0-:\xc5;\xc0L\xdb]\xdb\xea!\xef\
 \x90gu5\x80+\xb9l\xc5\x5c\x7f\xad\xd1S\xde\
A \xbf\x8a\x7f\x09x\xb8\x1e\xe1\x045\x065\x1a\xae\
\x7fx\x07\x81\xbc*\xd6\x00v\xd0\x0cm\xe3\x1d\x5cN\
,R?}\xe0\x1d\x04\xf2\xa9\xf6/\x01\x1bk,\xe5\
\x1f\x9b.\xba\x9bs-\xf8\xa8\xfd\x857R'{\x07\
\x96+\xddU\xa1i\xdeA \x8fj\xfb\x080D\x8f\
\xb2}E\xccj4P\xcfx\x07\x81\xfc\xd9\xba\xd0\x9b\
\xeae\xf5\xf1\x0e+\x87f\xa9\x9f\xd6z\x07\x81\xbc\xd9\
\xfa#\xc0\xa5\xfa\xbawP\xb9\xb4\xad\x96j\xbaw\x10\
\xc8\x9b-\xcf\x00v\xd2l\xb5\xf2\x0e*\xa7\x96\xab\xaf\
\xde\xf3\x0e\x02\xf9\xb2\xe5\xaf\x007R\xfen\xda\xe8:\
\xef\x10\x907\x9b\x9f\x01\x0c\xe5\x92\x14g\x87\xe8i\xef\
\x10\x90'\x9b\x9f\x01\xfc\xc4;\x9c\xdc\xbb\xdc;\x00\xe4\
\xcb\xa6g\x00\x07\xc6\xf0C\xd4B\xbd\xa9\xf9\xaa\xd2R\
\xef\xc4KR\xa1\xf6j\xa1\x1e\xeaa\xbe\xb5wA\xfd\
\xf5\x92w\xba\xc8\xa7\x07\x0d\xf7\xc1\xfbP7\xea\xf8\x0c\
\xec\x8c\xbf\x9dN\xd4MZd\xf8L\xdd\xeb\x9d\x22\xf2\
io\xa3\xdb|\xd6\xe8A\x0d\xcb\xd8\xa5\xae\x8d5\x5c\
\x93\x8c\x9e\xafj\xae\xc2\x80\x871&/\xe7\x07\xb5\xa7\
wbf\xf6\xd1d\x93\xe7\xec6\xef\xc4\x90?\xad\xf4\
y\xf0\x17\xf2\x02\x1d\xe3\x9d\x96\xb9\xe3\x0d\xee\x94\xb4\x5c\
m\xbc\xd3B\xde\x9cb\xf0\xde\xdf\xc9;\xa9Xl\xa3\
I\xc1\x9f\xbbo{'\x85\xbc\x09}2{e\x8e\x96\
\x13U\xea\x9a\xc0\xcf\x1e+\x03\x11\xabm\x83\xde\xf3\xaf\
F?\xf4N(v\x17\xaa:\xe03X\xad\xae\xde\x09\
!O.\x0a\xfa\xfeu\xaew:.\xbe\x1b\xf49<\
\xc7;\x1d\xe4\xc9C\x01_\xbaWx'\xe3\xe6\xaa\x80\
\xcf\x22W\x03 6\x8d\xb44\xd8\x0bw\xbcw2\x8e\
*t_\xb0\xe7qq\x8e\xbeC\x81\xb3\xfd\x82\xbdl\
\xe7\xaa\x9dw2\xae\xdak~\xb0\xe7\xb2\xafw2\xc8\
\x83JI\x83\x03\x8dU\xd0\xd9\xfa\xd4;!W\xcbt\
\x86\x0a\x81\xc6\x0a5+@=\xee\x0f\xf4\x9e5\xda;\
\x91D\x18\x1b\xe8\xd9\xbc\xc7;\x11\xe4E\x98\xa5-\xab\
\xb4\xbdw\x22\x89\xb0\xb3\xd6\x04y>\x17x'\x82|\
h\x17\xe8\x1d\xebV\xefD\x12\xe3\x8e \xcfg\x8dZ\
z'\x82<\xe8\x1f\xa8\x01\xb0\x86m\x83\xbd\x02=\xa3\
\xd9]F\x85\xc4\xa8T\xcf \xe3\xbc\xa0\xd7\xbcSI\
\x8c\x99\xfaw\x90qzx'\x82\xec\x0b\xd5\x00\xf8\xca\
jSc\x83\x8c\xd2\xcb;\x0dd_\xa8\x060\xd5;\
\x91Dy4\xc8(\x9c\x01\xc0\x5c\xa5v\x080\xca\xb2\
@'\xbdY\xf1\x92>\x0f0\xca\x8e\xdei \xfb*\
\xd5:\xc0(3T\xe3\x9dH\xa2\xac\xd3+\x01Fa\
[\x10\x98\x0b\xd3\x00\xe6y\xa7\x918o\x06\x18\x83[\
\xb4\xc0\x5ce\x90\x97\xd9[\xdei$\xce\xfc\x00c\x84\
h\xcd@\x9d\xc2\x9c\x01\xa4k\x97\xff8,\x0b0\x06\
\x0d\x00\xe6\xc24\x80\x15\xdei$N\x88/\x01i\x00\
0W\xa9\xe6\x01FY\xe5\x9dF\xe2\xac\x0c0F\x0b\
\xef$\x90}\x95\x0d\x1f\x02@Z\xd1\x00\x80\x1c\xa3\x01\
\x009F\x03\x00r\x8c\x06\x00\xe4\x18\x0d\x00\xc81\x1a\
\x00\x90c\x8d\xbd\x03@Q\x15\xda\xd5;\x84T\xf8T\
UA\xae\xbb\xc8%\x1a@r5\x0e\xb2\xa4(/\x96\
\xa9J\x1fj\x9e\xe6i\x9e\xe6j\x8e\x16{\x07\x94\x0e\
4\x00dC{\xb5WW\xf5\xfb\xff\x7f\xfePOi\
\xaa\x9e\xd6l\x85\xbaSC&\xd1\x00\x90M]u\xa2\
N\x94\xf4\x81\xa6j\xac\xfe\xa1j\xef\x80\x92\x89/\x01\
\x91m\xddt\x9a&k\xb1n\xd1!\xdcoqk4\
\x00\xe4AG\x8d\xd0\x93\x9a\xad\x0bYc\xb99\x1a\x00\
\xf2cw\xdd\xa0\x05\xbaZ\x1d\xbd\x03I\x0e\x1a\x00\xf2\
\xa5\x83.\xd7[\xfa\x05;.\xaeG\x03@\xfe\xb4\xd5\
\xcf\xf5\x86N\xf3\x0e#\x09h\x006\xd8%9\xe9\xba\
\xea\x0eM\xe6\xde\x0b4\x00\x1b\x5c\x99\x96\x06\xc35K\
?SS\xef0<\xd1\x00l\xb0Kb:4\xd7\x95\
zZ\xbbx\x87\xe1\x87\x06`c\x91w\x00\x88\xac\xbf\
^\xd0\xd1\xdeAx\xa1\x01\xd8\x98\xcf\xb7\x00)\xd2Q\
\x0fh\x94\x9ax\x87\xe1\x81\x06`\xa3J\xefy\x87\x80\
\x12T\xe8\x22M\xcd\xe3\xf5\x014\x00+\xff\xf2\x0e\x00\
%\x1a\xa4'\xf3wCV\x1a\x80\x95'\xbd\x03@\xc9\
\xfa\xeaI\xed\xe6\x1dD\xbch\x00V&\xb2\x0c5\x85\
v\xd63:\xd0;\x888\xd1\x00\xac\xbc\xc3\x87\x80T\
\xea\xa8G4\xd8;\x88\xf8\xd0\x00\xec\x8c\xf6\x0e\x00e\
i\xa3\x07\xb4\xafw\x10q\xa1\x01\xd8\x19\xa3\x0f\xbcC\
@Y\xda\xea\x91\xbc|\x17@\x03\xb0\xb3Z\xbf\xf5\x0e\
\x01e\xea\xacI\xea\xea\x1dD\x1ch\x00\x96\xfe\xa0\xd7\
\xbcC@\x99v\xd5\x14u\xf0\x0e\xc2\x1e\x0d\xc0\xd2\x1a\
]\xc0o\x01\xa9\xb5\x87\xc6f\xbf>2\x9f\xa0\xb3i\
\xfa\x8dw\x08(\xdb\x97t\x99w\x08\xd6h\x00\xd6\xae\
\xe0\x92\xa0\x14\xbbRC\xbcC\xb0E\x03\xb0\xb6N_\
\xd1+\xdeA\xa0L\x8d4V\xdd\xbc\x83\xb0D\x03\xb0\
\xf7\xa9\x8e\xd6[\xdeA\xa0L]tg\x96\xab$\xc3\
\xa9%\xc8{:\x88\xb3\x80\xd4\x1a\xa2s\xbcC\xb0C\
\x03\x88\xc7B\x0d\xd1?\xbc\x83@\x99\xfe[]\xbcC\
\xb0B\x03\x88\xcbR\x0d\xd7\xcf\xb8AU*\xb5\xcf\xee\
%]4\x80\xf8\xd4\xe8\x97\xea\xafg\xbc\xc3@\x19N\
\xd1a\xde!\xd8\xa0\x01\xc4\xebe\x0d\xd4)z\xd5;\
\x0c\x94\xec\xc6ln\x19F\x03\x88[\x8d\xee\xd2\x9e:\
Z\xe3T\xe5\x1d\x0aJ\xd0G\xa7z\x87`\xa1\x22\xc8\
\xa5\xaa'i\x82w\x22)\xd4Z\x035P\xfb\xab\x87\
v\xa4\x11\xa7\xc0\x1c\xf5\xcd\xdew84\x80$h\xa6\
vj\xadv\xb4\x81\xb2\xb4SK\xf5P\x0f\xed\xa3\x01\
jn\xfaH'k\x9cw\xb2\xe1\x15\x02\x1c'z'\
\x01Hj\xae!\xfa\xa3\x96\x04yM\xd7v\xbc\xa2\x0a\
\xef\x14\xc3\xa3\x01 [\x9a\xeaL\xbdn\xd4\x02\xbe\xe2\
\x9d\x5cx4\x00dO\xa5\xbe\xa3\x8f\x0c\x1a@\x06/\
\xe6\xa2\x01 \x9b:il\xf0\x06P\xad\xee\xdei\x85\
\xc5\xd7N\xc8\xaa\x8f\xf5\x0d\x9d\xabUA\xc7\xac\xd4\x19\
\xdei\x85\xc6\x19\x00\xb2\xec\x80\xc0_\x0a\xbe\xe1\x9dP\
X\x9c\x01 \xdb\xa6\xeb\xb0\xa0\xf7j\xee\xad=\xbdS\
\x0a\x89\x06\x80\xac\x9b\xa9\xe1\xfa4\xe0x_\xf5N(\
$\x1a\x00\xb2\xefe}Uk\x83\x8dv\xa8w:!\
\xd1\x00\x90\x07\xff\x0c\xb8\xbd\xe7\x81j\xe6\x9dN84\
\x00\xe4\xc3u\x9a\x18h\xa4\x16\x1a\xe0\x9dL84\x00\
\xe4CA\xe7\xeb\xf3@c\x0d\xf2N&\x1c\x1a\x00\xf2\
\xe2]]\x1dh\xa4C\xbdS\x09\x87\x06\x80\xfc\xb8A\
\x1f\x05\x19'C\xf7\x0e\xa6\x01 ?V\xea\x86 \xe3\
l\x93\x9d\xbb\x06\xd2\x00\x90'\xb7h]\x90qzx\
'\x12\x0a\x0d\x00y\xf2\x91\x1e\x0d2N/\xefDB\
\xa1\x01 _\xee\x0d2JO\xef4B\xa1\x01 _\
\x1e\x0f2\x0a\x0d\x00H\xa5\xb9Z\x18`\x94\xce\xdei\
\x84B\x03@\xde\xcc\x0e0F+\xef$B\xa1\x01 \
o\xde\x0c0Fk\xef$B\xa1\x01 o\x16\x04\x18\
\x83\x06\x00\xa4T\x88\x15\x014\x00 \xa5\x96\x07\x18\x83\
\x06\x00\xa4T\x88\xadA2s\xa3P\x1a\x00\x90c4\
\x00 \xc7h\x00@\x8e\xd1\x00\x80\x1c\xa3\x01\x009F\
\x03\x00r\x8c\x06\x00\xe4\x18\x0d\x00\xc81\x1a\x00\x90c\
4\x00 \xc7h\x00@\x8e\xd1\x00\x80\x1c\xa3\x01\x009\
F\x03\x00r\x8c\x06\x00\xe4\x18\x0d\x00\xc81\x1a\x00\x90\
c4\x00 \xc7h\x00@\x8e\xd1\x00\x80\x1c\xa3\x01\x00\
9F\x03\x00r\x8c\x06\x00\xe4\x18\x0d\x00\xc81\x1a\x00\
\x90c4\x00 \xc7h\x00@\x8e\xd1\x00\x80\x1c\xa3\x01\
\x009F\x03\x00r\x8c\x06\x00\xe4\x18\x0d\x00\xc81\x1a\
\x00\x90c4\x00 \xc7h\x00@\x8e\xd1\x00\x80\x1c\xa3\
\x01\x009F\x03\x00r\x8c\x06\x00\xe4\x18\x0d\x00\xc81\
\x1a\x00\x90c\x8d\xbd\x03\xc8\x98\xe6j\xa1&j\xed\x1d\
\x06\xea\xd09\xc0\x18\x15\xda5\xb6x\xab\xf5\x99Vj\
\xb5\xcd\xe04\x80\x86\xa8\xd4N\xdaM\xbb\xab\x97vP\
guS\x17\xb5\xf0\x0e\x09\xb1h\xae7c~\xc4e\
Z\xa8E\x9a\xa7\xb9\x9a\xa3W4?\xd4\xb04\x80r\
\xf4\xd2\xfe\xda_\xfbk\x0f\x0a\x1e1i\xaf\xf6\xda]\
\x83\xff\xf3O\x1f\xe9Y=\xa3G4C\x85\x86\x0d[\
\xd1\xd0\x01$I'i\x82\xf7\xf3\x13\x8b\xee\x1a\xa6a\
:T\x9d\xbc\x03\x01$I\x8b\xf5\xb0\xc6k\x8a\xd6\x96\
;\x00\x0d \x8aJ\x1d\xa2\xe35\x5c\xbd\xbd\x03\x01j\
\xb1D\xe3u\xab^)\xe7\x7f\xa5\x01\xd4\xadR\x07\xe9\
D\x9d\xa0n\xde\x81\x00\xf5xB7\xea\xaf\xaa.\xed\
\x7f\xe2;\x80\xe2v\xd0Y:K;{\x87\x01D2\
H\x834G\xbf\xd4\xd8R\x9a\x00\xd7\x01\xd4\xa6\xb1\x8e\
\xd5D\xbd\xad+)\x7f\xa4Jo\xfdE\xb3tL\xf4\
\xff\x81\x06\xb0\xa5\xd6\xfa\x9e\xe6\xe9~\x1d\xa5F\xde\xa1\
\x00e\xd8]\x7f\xd7T\xf5\x89\xf6\x1f\xd3\x006\xb5\xbd\
F\xea=]\xcf\xfb>R\xeep\xcd\xd0\xc5Q\xaa\x9b\
\x06\xb0\xc1\xce\xbaU\xf3u\xb1\xday\x07\x02\x04\xd0L\
#\xf5X\xfdoe4\x00I\xdaQ7i\x8e\xceV\
S\xef@\x80\x80\x06k\x86\x8e\xa8\xfb?\xa1\x01l\xa3\
\x1b4W\xe7Q\xfc\xc8\xa0\x0e\x9a\xa4\x8b\xea\xfa\x0f\xf2\
\xdd\x00\x9a\xeaG\x9a\xab\x0b\xd5\xcc;\x10\xc0Hc\x8d\
\xd2u\xaa(\xfe\xaf\xf3k\xa8F\xa9\xafw\x10\x80\xb9\
\x1f\xa8\x95\xceSMm\xff*\xaf\x0d`g\xdd\xac#\
\xbd\x83\x00b2B\x05\x9d[\xdb\xbf\xc8\xe3G\x80J\
\x8d\xd0\xbf)\x7f\xe4\xca9\xba\xa2\xb6?\xce_\x03\xd8\
K\xd3u\x8b\xdax\x87\x01\xc4\xec*\x9d\xba\xf5\x1f\xe6\
\xab\x01Th\x84\xa6k\x80w\x18\x80\x83\x0a\xdd\xaa}\
\xb7\xfc\xc3<5\x80m\xf5\xa0na\x0b\x0f\xe4Vs\
\x8dW\xdb\xcd\xff(?\x0d\xe0\xcb\x9a\xa5\xa3\xbc\x83\x00\
\x5c\xf5\xd4\xa8\xcd\xff \x1f\x0d\xa0B\x97\xe8\xc1 \x9b\
A\x02\xe9v\xc6\xe6\xd7\x06\xe6\xa1\x01\xb4\xd1\x04\xfd:\
\x17\x99\x02\xf5\xbbi\xd3\x8f\xc1\xd9/\x8b^zN\xc7\
{\x07\x01$FO\xfdx\xe3?d\xbd\x01\x0c\xd0S\
\xda\xdd;\x08 Q~\xacm7\xfcm\xb6\x1b\xc0P\
=\xba1U\x00\x92\xa4\xd6\xbax\xc3\xdff\xb9\x01\x9c\
\xa6I\x5c\xf0\x03\xd4\xe2\x82\x0d_\x89g\xb7\x01\x9c\xa5\
\xdb\xd5\xc4;\x08 \x91\x9a\xeb\xf4\xf5\x7f\x93\xd5\x06p\
\xa6\xfe\x94\xd9\xdc\x80\x86;w}}d\xb3H\xce\xd4\
m\x19\xcd\x0c\x08\xa3\x87\x86H\xd9l\x00'P\xfe@\
\xbdFHYl\x00_\xd4\x1d\x19\xcc\x0a\x08\xedH5\
\xc9^\x03\xe8\xa1\x89j\xe9\x1d\x04\x90\x02mtP\xd6\
\x1a@gM\xe1\x8a\x7f \xa2\xe1\xd9j\x00M4N\
\xbbz\x07\x01\xa4\xc6\xb0l\xed\x09x\xfd\xfa\xef5]\
|\xa6\xd75[\xf3\xf5\xbe\x16\xe9\x13\xadQ\x95Vy\
?\x1d\xc8\x80fj\xa9vj\xa6\xee\xdaM}tH\
\xe0\x8f\xb7\xfb\xaaMv\x1a\xc0\xd9:\xdf\xe1Q\xdf\xd3\
T=\xa9\xe9z-\xc8m\xd6\x81\xba\xb4\xd0a:K\
\xc7\x15\xdf\xe4\xbbD\x15\xea#\x15\x02\x1c'z?3\
:X\xab\x83d\x12\xfdx^\x17k\x0f\xef\xb4\x91C\
\xfb\xea\xb9`\xaf\xe2\xd3\xb3\xd1\x00v\xd4\xc2\x18K\x7f\
\xbe~\xaa\x1e\xde\xaf\x02\xe4XK\xdd\x17\xe8\xb5<2\
\x0b\x0d\xa0\x85^\x88\xa9\xf4\xabu\x9f\x8e\xc8\xd4\x17\xa7\
H\xa7\xe6\x9a\x15\xe4\x15\xfd@\x16\x1a\xc0\x9d\xb1\x14\xff\
\xe7\xba\x91\xf7}$\xc6AA^\xd5\xd3\xd3\xdf\x00.\
\x89\xa1\xf8\xd7\xe8\x16u\xf5\x9eq`3\xaf\x06xe\
\xbf\x9a\xf6\xd3\xd9\xe1\xba\xda\xf8\x11\xaa5Z\xbdt\x8e\
>\xf4N\x15\xd8\xcc\xe4\x00c\xb4M\xf7\xcf\x80\xbd5\
V\x8dL\x1fa\xaa~\xa4\x99\xdei\x02\xb5x7\xc0\
\x18\xa9\xbe\x0e\xa0\xad\xeeW{\xc3\xf1g\xeb<=\xe1\
\x9d$P\xc4\x92\x00c\xb4N\xefG\x80J\xdd\xa5>\
f\xa3\xaf\xd6\x15\xda\x97\xf2G\x82m\x17`\x8cU\xe9\
=\x03\xf8\xa5\x8e6\x1b{\x96N\xd1+\xde\x09\x02u\
\xda%\xc0\x18\xcb\xd3\xfa+\xc0I\xaa1\xfb\xce\xff\xf7\
j\x1e{>@\xa9f\x07x\xad\xcfK\xe7\x19\xc0>\
\xba=\xd8\xf5\xd0\x9b[\xa1\x11\xba\xdb;=\xa0^\xfd\
\x82|\x00\xfe,\x8d\x0d\xa0\xb3\xee7\xda\xf4\xe3=\x1d\
\xc5w\xfeH\x85o\x07\x19eA\xfa\xbe\x04l\xa2\xf1\
\xda\xd9d\xe4Y:\x98\xf2G*\xf4\xd0w\x82\x8c3\
7}g\x00\xa3t\xa8\xc9\xb8/j\x98>\xf1N\x0e\
\x88\xe4Z5\x0d2\xce\x9bi\xfb\x12p\x84\xd1\x17\x7f\
\xcf\xa8ml9\x00\x0dsl\xb0\xd7\xfd\xd0t5\x80\
\x83\xb4\xca\xa4\xfcg\xa9\x83\xf7\x9c\x02\x11\xed\xa0%\x81\
^\xf7\xd5\xea\x98\xa6\xef\x00\xbai\x82\x9a\x19\x8c\xfb\xbe\
\x8e\xd4R\xef\xe4\x80H\x1ai\x8c:\x05\x1ak\x96>\
IO\x03h\xae\xfb\xd5\xcd`\xdc*\x1d\x1b\xe4\xaaj\
 \x0e\xbf\x09\xb8\xf3\xe5\x93Rz>\x02\xdcer\xf2\
_\xa3\x93b\x88\x1d\x08\xe3\x94\xa0\xaf\xfe\x93\xa5\xb44\
\x00\xabU\xff\xd6\x8b\x89\x81p\xf6\xd5\x8a\x80\xaf\xfd5\
\xea(\xa5\xa3\x01\x0c\xd3:\x93\xf2\x7f\xd8x11\x10\
N\x17-\x08\xfa\xea\x9f$\xa5\xe3\xc6 \xbd5\xce\xa4\
P\xdf\xd0\xc9\xaa\xf6N\x0e\x88\xa4\x89\xc6i\xc7\xa0#\
NX\xff\x97\xa4\x9f\x01\xb4\xd3k&\xef\xfe\xcb\xb4\x9b\
a\xd4@X\xb7\x04~\xfd\xff\xe7\x03@\xd2\x1b@\xa5\
\x1e4)\xffj\xc3\xc5\xc4@h\xe7\x05\xaf\x80\xb1\x1b\
\x86Nv\x03\xb8\xc6\xa4\xfc\x0b\xba\xd4{F\x81\xc8,\
n{s\xc0\x86\xc1\x93\xdc\x00\x8e7Z\xf5\x7f\x9f\xd1\
bb \xbc\x9d\xb4(x\x05\xbc\xb0q\xf8\xe46\x80\
\xb0?zl<f\xa8\x95\xf7\x9c\x02\x11\xb5\xd0\x8b\x06\
5\xf0\xad\x8d\x0f\x90\xd4\x06\xd0I\xf3M\xca\x7f\x09\xb7\
\x10G\x8aX\x5c\x00\xf7\xc6\xa6w\x05Of\x03h\xa2\
i&\xe5\xbf\xd6\xf1\x16\xe2@\xa9.6\xa9\x82\x136\
}\x88d6\x80\x9bM\x12/\xe8\xbb\xde3\x0aDv\
\x84\xc9\x05p\xcfo\xfe\x0dX\x12\x1b\x80\xd5\xaa\xff?\
{\xcf(\x10Y/}bR\x05C7\x7f\x98\xe45\
\x80\x83\x0c~\xf4(\xa8\xa0gL\x16\x13\x03\x16\xda\x04\
\xba\xff\xef\x96\xc7\x84-\x1f(i\x0d\xc0\xe2G\x8f\x82\
\x0a\xfa@\xdb{\xcf)\x10Q\x85&\x98T\xc1\xb2\xad\
\xab Y\x0d\xa0\x85\x9e3I\xbcJ\xfb{\xcf)\x10\
\xd9U&UP\xd0\xd9[?T\x92\x1a@\x85\xee6\
J\xfc\x0c\xef\x19\x05\x22\xfb\x9a\xd1\x05p\xff\xac\xed\x02\
\xb8$5\x80K\x8d\xca\xffw\xde3\x0aD\xd6G\x9f\
\x9aT\xc1Ru\xaf\xed\xe1\x92\xd3\x00\xacV\xfdOU\
\xfa6?G^u\xd4\x5c\xa3\xb7\xc1\xe3j\x7f\xc0\xa4\
4\x80\xdeZj\x92\xf6[\xea\xec=\xa7@D\x8d4\
\xd9\xa8\xfc\x7f_\xec!\x93\xd1\x00\xacV\xfd\x7f\xae\xbd\
\xbc\xe7\x14\x88\xec:\xa3\xf2\x7f\xa9\xf8\x0do\x93\xd0\x00\
\xacV\xfd\xb3\xe5'\xd2\xe4T\xa3\xf2\xafs\xfdK\x12\
\x1a\x80\xd5\xaa\xff\xab\xbcg\x14\x88\xac\x9fV\x9aTA\
=\xeb_\xfc\x1b\x80\xd5\xaa\xff\xc9l\xf9\x89\xd4\xe8\xa2\
w\x8d\xde\x06/\xa8\xfb\x81\xbd\x1b\xc0>\xfa\xdc$\xed\
\xd7\xd5\xce{N\x81\x88\x9a\xe8q\xa3\xf2\x1f]\xdfC\
\xfb6\x00\xabU\xff\x9f\xaa\xaf\xf7\x9c\x02\x91\xddjT\
\xfe\x11\xd6\xbfx6\x80&\xfa\xa7I\xda\xd5:\xca{\
F\x81\xc8.0*\xff\xf7\xa3\xdcL\xcf\xb3\x01\xfc\xd1\
(\xf1\x8b\xbdg\x14\x88\xec\x10\xa3\xd5\xafU\x1a\x10\xe5\
\xe1\xfd\x1a@\xf8\xad\x8e\xd7\x1f\xf7\xb2\xe5'R\xc3j\
\xf5kAgF\x0b\xc0\xab\x01Xlu\x5cPA3\
\xd4\xd2{N\x81\x88Z\xe8y\xa3\xf2\x1f\x195\x04\x9f\
\x06`\xd5\xf7\x96h\x17\xef9\x05\x22\xb2[\xfd:%\
\xfaO\xe0\x1e\x0d\xc0\xaa\xef\xad\xd1\xa1\xdes\x0aDf\
\xb5\xfa\xf5\x0d\xb5\x8f\x1eD\xfc\x0d\xc0\xae\xef\x9d\xe7=\
\xa3@dV\xab_?\xd3\x17J\x09#\xfe\x06p\x99\
Q\xf9\x8f\xf6\x9eQ 2\xab\xd5\xaf\xd5\xfaJi\x81\
\xc4\xdd\x00\xbed\xd4\xf7\xd8\xf2\x13\xe9a\xb5\xe5gA\
\x97\x97\x1aJ\xbc\x0d`7\xa3\xbe\xf7A\x94K\x1e\x80\
D\xa8\xd4\x03F\xe5_\xc6]/\xe3l\x00m\xf4\xaa\
I\xdaU\xfa\xa2\xf7\x9c\x02\x91\xfd\xca\xa8\xfc_.\xe7\
\xae\x97\xf15\x00\xabU\xff\x05\x9d\xe5=\xa3@d\xc7\
\x19\xad~-\xf3\xae\x97\xf15\x80_\x1b\x95\xff\xb5\xde\
3\x0aD\xb6\x97\xd1\xea\xd75\xe5\xde\xf52\xae\x06`\
\xb5\xea\x9f-?\x91\x1e\x1d5\xcf\xe8m\xf0\xfcrC\
\x8a\xa7\x01\xec\xa3\x15&i\xbf\xa5m\xbc\xe7\x14\x88\xa8\
\xb1\x1e5*\xff\xdb\xcb\x0f*\x8e\x06`\xb5\xea\x7f\xb9\
\xf6\xf4\x9eS \xb2QF\xe5\xfftC~\x02\xb7o\
\x00V\xab\xfe\xd9\xf2\x13ib\xb5\xe5g\xa4U\xff\xc5\
\xd97\x00\xabU\xff\xbf\xf0\x9eQ 2\xab-?#\
\xae\xfa/\xce\xba\x01X\xad\xfa\xbf_\x95\xdes\x0aD\
\xb4\x9d\xd9\x96\x9f\x11W\xfd\x17g\xdb\x00\xacV\xfd\xbf\
\xc6\x96\x9fH\x8d&z\xc2\xa8\xfc#\xaf\xfa/\xce\xb2\
\x01X\xad\xfa\xffD=\xbd\xe7\x14\x88\xecOF\xe5_\
\xc2\xaa\xff\xe2\xec\x1a\x80\xd5\xaa\xffj}\xd9{F\x81\
\xc8.2*\xff\x92V\xfd\x17g\xd5\x00*4\xd6(\
\xf1\xff\xf2\x9eQ 2\xab-?K\x5c\xf5_\x9cU\
\x03\xb8\xdc\xa8\xfc\xef\xf4\x9eQ \xb2\x9d\xb5\xd8\xa4\x0a\
J^\xf5_\x9cM\x03\xb0Z\xf5\xcf\x96\x9fH\x8f\x16\
z\xc1\xe8m\xf0\xb2pAZ4\x00\xabU\xff\x0b\xb5\
\xa3\xf7\x9c\x02\x11U\xe8\x1e\xa3\xf2/c\xd5\x7fq\xe1\
\x1b@[\xa3U\xffk4\xd8{N\x81\xc8\xac>\x04\
\x97\xb5\xea\xbf\xb8\xd0\x0d\xa0R\x13\x8d\x12?\xc7{F\
\x81\xc8\xac>\x04\x97\xb9\xea\xbf\xb8\xd0\x0d`\xa4Q\xf9\
\xff\xaf\xf7\x8c\x02\x91Y}\x086\xd8\xf8>l\x038\
\xc1h\xd5\xff\xd3j\xea=\xa7@DV[\xdf\x99l\
|\x1f\xb2\x01X\xad\xfao\xe0z' Fv[\xdf\
5`\xd5\x7fq\xe1\x1a@\x17-0I\xbb\xc1\xeb\x9d\
\x80\x18]cT\xfe\x0dZ\xf5_\x5c\xa8\x06`\xb5\xea\
?\xc0z' 6_3\xfa\x10lv\x16\x1c\xaa\x01\
X\xad\xfa\xff\x1f\xef\x19\x05\x22\xdb\xdbh\xcbO\xc3\xb3\
\xe00\x0d\xe0|\xa3\xf2\x9f\xc2\x96\x9fH\x8dNz\xd3\
\xa8\x0e\xbei\x17t\x88\xf0\xae7Z\xf00\x9f-?\
\x91\x1a\x8d\xf5\x98Q\xf9\xff\xda2l\x9b\x90C\x1c\xc1\
\xd6;\x011\xb8\xc1\xa8\x0e&\x87X\xf5_\x9cw\x99\
\x17;jJ\xbc\xe70\xe0\xe94\xa3:\x08\xb4\xea\xbf\
8\xefB/v\xfc\xcc{F\x81\xc8\x0e\xd0*\x93*\
\x88\xe1,\xd8\xbb\xd0k?\xd8\xf2\x13\xe9\xd1U\xef\x99\
TA\xb5\x8e\xb6\x0f\xde\xbb\xd4k;f\xab\xad\xf7\x9c\
\x02\x115\xd7t\xa3:\x08\xb8\xea\xbf8\xefb\xdf\xfa\
`\xcbO\xa4\xc9mFu\x10t\xd5\x7fq\xde\xe5\xbe\
\xe5\xb1NGz\xcf(\x10\xd9\xf7\x8d\xea \xf0\xaa\xff\
\xe2\xbc\x0b~\xcb\xe3\x87\xde3\x0aDv\xb8\xd6\x9aT\
A\xf0U\xff\xc5y\x17\xfc\xe6\xc7_\xbcg\x14\x88\xcc\
j\xcbO\x83U\xff\xc5y\x97\xfc\xa6\xc7Kl\xf9\x89\
\xd4h\xadW\x8c\xea\xc0`\xd5\x7fq\xdeE\xbf\xf1`\
\xcbO\xa4G\x85\xc6\x19\xd5A\xcc{_y\x97\xfd\x86\
c\x8d\x06y\xcf)\x10\xd9O\x8d\xea \xf6\xbd\xaf\xbc\
\x0b\x7f\xc31\xc2{F\x81\xc8\x86\x1bm\xf9\xf9\x8e\xb6\
\x8d;\x15\xef\xc2_\x7f\xfc\xc1{F\x81\xc8v\xd32\
\x93*p\xd9\xfb\xca\xbb\xf4\x0b*\xe8)\xb6\xfcDj\
X\xdd\xf7\xa2F\xdf\xf0H\xc7\xbb\xf8]N{\x802\
\xd9\xdd\xf7\xe2\x1a\x9f\x84\xbc\xcb\x9f-?\x91&V\xf7\
\xbdx\xc4v\xd5\x7fq\xde\x0d\xc0\xe5\xb4\x07(\xcb\xf1\
F[~\x9a\xaf\xfa/\xce\xb7\xfcM7;\x02\x82\xb2\
\xba\xef\x85\xeb\xdeW\x9e\xe5?\xc5\xeb\xb4\x07(Y'\
\xcd7\xa9\x82XV\xfd\x17\xe7W\xfes\xfcN{\x80\
\x125\xd14\xa3:\xb8\xd471\xaf\xf2g\xcbO\xa4\
\xc9MFupo<\xab\xfe\x8b\xf3)\xff\x1a\x1d\xef\
=\xa3@d\xa7\x1b\xd5\xc1\x8c\xb8V\xfd\x17\xe7\xd3\x00\
\xae\xf0N\x1b\x88\xec@\xa3-?\x97h\x17\xef\xd4|\
\x1a\xc0_\xbdO{\x80\xc8\xba\xea}\x93*\x88u\xd5\
\x7fq\xf1\x97?[~\x22=\x9a\xebY\xa3:8\xd7\
;\xb5\xf5\xe2.\xff\x8f\xd5\xc3;e \xb2?\x1b\xd5\
A\xcc\xab\xfe\x8b\x8b\xb7\xfc\xd7i\xb8w\xc2@d?\
4\xaa\x83\xd8W\xfd\x17\x17o\x03\xf8\xbew\xba@d\
C\x8d\xb6\xfcL\xd4\xf2\xb7\xaa\x18\xcb\x7f\x8cw\xb2@\
d\xdd\xf5\x91I\x15$l\xf9\x9bM\x92\xb5\x1d/\xaa\
\x85w\xb2@D\xad5\xd3\xa4\x0a\x9cV\xfd\x17\xf7v\
L\xe5\xff\xa1v\xf0N\x15\x88\xc8n\xcbO\xa7U\xff\
\xc5\xcd\x8a\xa5\xfc\xd7h\xa0w\xa2@d?7\xaa\x03\
\xb7U\xff\xc5Y\xfd\xca\xb9\xf9q\xb6w\x9a@d\xc7\
\xaa\xda\xa4\x0a^O\xe2\xf2\xb7\xa91\x94\xff\xad\xdeI\
\x02\x91\xed\xa9\xcfL\xaa`\x99v\xf7N\xad6\xa3\xcd\
\xcb\x7f\xbe\xdax'\x09D\xd4U\xef\x98T\x81\xf3\xaa\
\xff\xe2~b\x5c\xfe\xebt\x88w\x8a@D\x1d4\xc3\
\xa8\x0e\x9cW\xfd\x17\xf7u\xe3\x06\xf0;\xef\x04\x81\x88\
\xda\xe99\xa3*\x18\x9b\xdc\xe5o\xfb\x99\x96\xff2u\
\xf2N\x10\x88d\x1b\xb3/\xc4\x13}\xd3\xdbv\xa6\x0d\
\xe02\xef\xf4\x80H\xba\xebu\xa3\x1aH\xc4\xaa\xff\xba\
,4+\xff\xcf\xfc\xf7;\x01\x228X\x1f\x1a\xd5@\
\x0a\xae\x80\xf9\x9bY\x03\x18\xed\x9d\x1a\x10\xc1\x08\xad6\
\xab\x81s\xbc\x93\xab\xdf\xf7\xcd\x92\x1f\xe6\x9d\x1aP\x8f\
\x0e\xba\xc7\xec\xf5_\xd0\xcd\xde\xe9E\xd1\xcf,\xfd\x8e\
\xde\xa9\x01u:\x5c\xef\x1a\x96\xff\x13j\xe2\x9d`\x14\
\x8d\xb4\xd4$\xfde\xde\x89\x01uh\xafQF\x97\xfc\
\xae?\x12\xb5\xea\xbfn6\xf7;\xfd\xc0;-\xa0\x88\
J\x9d\xa9E\x86\xc5_\xd0\x0a\xf5\xf3N2\xba\x0bM\
\x9e\x82u\xc9[\xf9\x04H:T/\x99\x16\x7fA5\
:\xd9;\xc9Rt1\xda\xfa\xa8\x8fwb\xc0\x16\x06\
h\x92q\xf1\x17\x94\xc0U\xff\xf5\xb1yR~\xe1\x9d\
\x16\xb0\x89\x83\xf4\x80\xd1\xed\xbd7?\x1eR\xa5w\xaa\
\xa5\xfa\x96\xc9\x13\xf1~\x12\xd7?#\x87\x9a\xebL\xbd\
\x18C\xe9\x17T\xd0\xebj\xe7\x9dn\xe9Zi\xb9\xc9\
\x93qWr\x17A 'v\xd251\xee|\xb9L\
\xbby'\x5c\x9e1FO\xc8\x9dj\xe6\x9d\x1ar\xaa\
\xadN\xd3CZ\x17[\xf1\x17T\xad/{']\xae\
\xfefO\xcaL\x1d\xcby\x00b\xb5\xab\xce\xd7\xc4X\
\xb7\xbc_\x7f\x5c\xe2\x9dxC<n\xf8\xc4\xcc\xd2\xaf\
\xb4\x7fr\xee\x86\x82L\xea\xa4A\xbaPw\xc7\xb6\xd3\
\xf5\x96\xc7\xdd\xe9{\xa3\xdb4\xe0\xa34\xd1\xf8\xd1\xd6\
\xe9m\xcd\xd1\x12Uq\x95 \x82i\xa5\x16\xea\xa2n\
\xdaQ\x9d]\xe3xI\x03\xb5\xd2\xfb\xc9(\xd5\xe6\x1d\
\xeb_:\xc0;  \x95>\xd6\x00\xbd\xe5\x1dD\xe9\
6\xff\xbd\xf2g\xde\xe1\x00\xa9\xb4J\xc7\xa4\xb1\xfc\xb5\
\xc5\xc5\xba\xf3\xd5/\xad?b\x00n\x0a:C\x93\xbc\
\x83(\xcf\x96_Z\xec\xa4\xd9\xec\xe2\x03\x94\xe4\xc7\xfa\
\xadw\x08\xe5\xdar\xb9\xce\xa7\xaa\xd1P\xef\xa0\x80\x14\
\xb9Q?\xf5\x0e\xa1|[\xffl\xd1T3\xd4\xd7;\
, %n\xd7wT\xe3\x1dD\xf9\xb6^\xb4\xb0F\
\xe7\xab\xe0\x1d\x16\x90\x0aw\xa4\xbb\xfcU\xeb\x8a\xfdw\
\xd4R\x07{\x07\x06$\xde]:3\xdd\xe5\xaf\x22W\
.5\xd6c\xc9\xdf\xcc\x18p\xf5\x07]\x94\xf6\xf2W\
\xd1K\x17\xb7\xd3\x0cm\xe7\x1d\x1c\x90P\x05]\x95\x8d\
\xdd.\x8a_\xbb|\x98\xa6\xb0\xa5\x17P\x8bj\x9d\x9f\
\x95[\xde\x17/\xf1\xb7$\x0d\xf1\x0e\x0fH\x9cOt\
\x9c&x\x07\x11J]\xef\xf1O\xa8\x9b\xf6\xf3\x0e\x10\
H\x94\x99:\x5c/z\x07\x11N\xdd'\xf9\x93\xd4G\
_\xf0\x0e\x11H\x8c\xf1:F\x8b\xbd\x83\x08\xa9\xee\xcd\
\x0b\xabu\x9a\xa6y\x87\x08$B\x95.\xd4\xc9Z\xe1\
\x1dFX\xf5o`\xd0F\xd3\xf8 \x80\xdc{U\xdf\
\xd4L\xef \xc2\xab\x7f\xfb\xe2\xe5\x1a\xae\xe7\xbd\xc3\x04\
\x1c\xd5\xe8:\xed\x97\xc5\xf2\x8fr\x06 I\xadt\xaf\
\x86{\x87\x0a\xb8\x98\xabs\xb2\xfbA8\xda\x0d\x0cV\
\xe8X\xdd\xe3\x1d*\x10\xbb\xb5\x1a\xa9=\xb3[\xfe\xf5\
\xfd\x0a\xb0Q\xb5\xfe\xa6\xce\x1a\xe0\x1d.\x10\xa3\xc7t\
\xb4\xc6\xa9\xda;\x0cK\xd1\xaf\xf5+h\x92V\xe8\xb0\
\xf4\xdd\xf4\x08(\xc3\x1c\x9d\xa5\x9f\xe8c\xef0\xac\x95\
\xba\x8d\xf1\x00\x8dWw\xef\xa0\x01SK5R\xd7k\
\xb5w\x18q(}\x1f\xf3\xce\xfa\x8b\xbe\xe4\x1d6`\
d\xb9n\xd0\xb5Z\xea\x1dF\x5cJ_\xee\xb3Rw\
k\x9d\x06\xf1Q\x00\x99\xb3\x5c\xd7\xead=\xa4U\xde\
\x81\xc4\xa7\xdc;\x99\xec\xad\x9bu\xa0w\xf0@0K\
u\xb3\xae\xcb\xfeg\xfe-\x95\x7f+\xa3\x0a\x9d\xaa\xdf\
:\xdf\x8b\x05\x08\xe1M\xfd^\xb7e\xed\x22\xdfh\x1a\
v/\xb3m\xf4\x1b\x9d\xce\x87\x01\xa4VA\xd34J\
\x13\xd3\xbf\xb3O\xb9\x1a~3\xc3\x1e\xbaXg\xa9\xb1\
w\x22@\x89\x16\xea\x0e\xdd\xa6y\xdea\xf8\x0as7\
\xd3]u\x89NW3\xefd\x80HVi\xb2Fk\
\x92\xd6y\x07\xe2/\xdc\xed\x8c\xb7\xd7\x05:]\xdd\xbc\
\x13\x02\xeaP\xa5\x875A\x13\xb5\xdc;\x90\xa4\x08{\
?\xf3F:R\xdf\xd0\xd1j\xeb\x9d\x16\xb0\x85\xb75\
E\x8fh\x8a>\xf7\x0e$Y\xc26\x80\xf5\x9a\xebp\
\x1d\xae\xc1\xda\x9bME\xe1n\x81\xa6\xebi=\xa27\
\xbc\x03I&\x8b\x06\xb0A;\x0d\xd4 \x0dP/m\
\xef\x9d&re\x8d\xe6\xe9u\xbd\xa6\xe7\xf5\xac\x16z\
\x07\x93l\x96\x0d`\xa3\x96\xea\xa9\x9e\xea\xa9.j\xad\
vj\xa1\x96\xea\xe0\x9d82c\xa5Vk\xa5Vh\
\xb1\x16\xeaC-\xd2|\xcd\xe7\xeb=\x00\x00\x00\x00\x00\
\x00\x00\x00\x00\x00\x00\x00\x00\x00\x00\x00\x00\x00\x00\x00\x00\
\x00\x00\x00\x00\x00\x00\x00\x00\x00\x00\x00\x00\x00\x00\x00\x00\
\x00\x00\x00\x00\x00\x00\x00\x00\x00\x00\x00\x00\x00\x00\x00\x00\
\x00\x00\x00\x00\x00\x00\x00\x00\x00\x00\x00\x00\x00\x00\x00\x00\
\x00\x00\x00\x00\x00\x00\x00\x00\x00\x00\x00\x00\x00\x00\x00\x00\
\x00\x00\x00\x00\x00\x00\x00\x00\x00\x00\x00\x00\x00\x00\xc0\xc8\
\xff\x01)|m\xc5J+\xc4P\x00\x00\x00%tE\
Xtdate:create\x0020\
19-04-19T11:30:1\
2+02:00O\xe0R\xbe\x00\x00\x00%t\
EXtdate:modify\x002\
019-04-19T11:30:\
12+02:00>\xbd\xea\x02\x00\x00\x00\x19\
tEXtSoftware\x00www\
.inkscape.org\x9b\xee<\
\x1a\x00\x00\x00\x00IEND\xaeB`\x82\
\x00\x00\x18\xb5\
\x89\
PNG\x0d\x0a\x1a\x0a\x00\x00\x00\x0dIHDR\x00\
\x00\x02\x00\x00\x00\x02\x00\x08\x04\x00\x00\x00^q\x1cq\
\x00\x00\x00\x04gAMA\x00\x00\xb1\x8f\x0b\xfca\x05\
\x00\x00\x00 cHRM\x00\x00z&\x00\x00\x80\x84\
\x00\x00\xfa\x00\x00\x00\x80\xe8\x00\x00u0\x00\x00\xea`\
\x00\x00:\x98\x00\x00\x17p\x9c\xbaQ<\x00\x00\x00\x02\
bKGD\x00\x00\xaa\x8d#2\x00\x00\x00\x09pH\
Ys\x00\x00\x0e\xc4\x00\x00\x0e\xc4\x01\x95+\x0e\x1b\x00\
\x00\x00\x07tIME\x07\xe3\x04\x13\x0d\x1e,\x05i\
]R\x00\x00\x17\x83IDATx\xda\xed\xddy\x90\
\x9c\x05\x9d\x87\xf1g&'$$\x13\x22\x87\x18\x12\xe4\
\xc8$\x80\x82\x80($\x80\xe1\x88G\x19AD\x045\
Z\xba\x1e\xa5\xbb.\xa5\xb5\xa5\xeb\xaee\xb1U\xeb\x82\
\xe5Q\x88\x96\xbb\xba\xba\x8bx\x05\xd9En\xc9\x0db\
`U\x0c\xb8*$(\x0a*\xe0\xb2K\x08\x09\xb9\xc3\
\xcc\xfe1\x8c\x19\x92\xccLO\xf7\xdb\xfd{\xdf\xfe=\
\x9f\xfe\xc3\x10&\xcd\xb7\x93~\x1f\xdf\xee\xe9twP\
\x9c\x89t3\x93n\xba\x99\xc1D&0\x85\x89\x8c)\
\xf0\xfa\x1b\xf1\x04\x07\x15p-\x9b\xd87\xfa\x86hX\
\x9b\x98\x18=\xa1:F\x17p\x1d\xfbr*s\x99\xc3\
\xe9\x8c\x8d\xbe9\x92F\xa2\xb1\x00\xec\xc3\x1bX\xc89\
\x1e\xf8R5\xd5\x1f\x80W\xf0\x1e\xde\xcc\xe4\xe8\x1b \
\xa9~\xf5\x05`.\x1f\xe3\xf5\xd1\xd3%5j\xe4\x01\
\x98\xcf\xa5\x9c\x12=[R\x11F\x16\x80C\xb8\x9c\x85\
\xd1\x93%\x15\xa5\xb3\xe6\xaf\x1c\xc3%\xac\xf1\xf0\x97\xda\
I\xadg\x003X\xc4+\xa3\xc7J*Vmg\x00\
o\xe4>\x0f\x7f\xa9\xfd\x0c\x1f\x80\xb1|\x99\xeb\xe8\x8a\
\x1e*\xa9x\xc3=\x04\x98\xc0\xb5\xbc6z\xa4\xa4\xe6\
\x18:\x00S\xb8\x99S\xa3'Jj\x96\xa1\x020\x8d\
%\xcc\x8e\x1e(\xa9y\x06\x7f\x0e`\xaa\x87\xbf\xd4\xee\
\x06\x0b\xc0\xbe\xdc\xe8\xe1/\xb5\xbb\xbd\x07`\x0c\xff\xe1\
c\x7f\xa9\xfd\xed=\x00W\xf8\xcc\xbf\x94\xc1\xde\x02p\
\x01\x1f\x8c\x9e%\xa9\x15\xf6\x0c\xc0\x11|-z\x94\xa4\
\xd6\xd8=\x00c\xb8\xc67\xf9\x90\xb2<\x05\xbe{\x00\
>\xc2\x89\xd1\x93\xa4\x12\xb8.\xc7\xdf~y~\x00\x0e\
\xe5\x13\xd1\x83\xa4R\x98\xc4\xe2\x0c\x09x~\x00\xae\xf0\
\x0d\x95\xa5\xe7L\xe26^\x11=\xa2\xd9\x06\x06`>\
\xe7G\xcf\x91Jd2\x8b99zDs\x0d\x0c\xc0\
'\xa3\xc7H%3\x99%\xed}\x16\xb0+\x00g2\
'z\x8cT:m~\x16\xb0+\x00\x7f\x1f=E*\
\xa5\xc9,i\xdf\x04\xf4\x07\xe0d\xce\x8c\x9e\x22\x95\xd4\
dnk\xd7o\x8f\xf7\x07\xe0\xbd\xd1C\xa4\x12\x9b\xc2\
2^\x1e=\xa2\x19\xfa\x020\x9e\x0b\xa2\x87H\xa5\xd6\
\xc5\x92vL@_\x00\xce\xf5M?\xa5at\xb1\x84\
\x93\xa2G\x14\xad/\x00~\xdc\x874\xbc.\x96\xb6[\
\x02:\x81}9;z\x86T\x09m\x97\x80N`.\
\xe3\xa2gH\x15\xd1\xc5\x92v\xfa\x8e@'0/z\
\x84T!SX\xda>\x09\xe8\x04_\x01 \x8dH\x1b\
%\xa0\x93\x09\x9c\x10=B\xaa\x98)\xfc\x80\x97D\x8f\
(B'\xdd5\x7fB\xb0\xa4~\x07\xb0\xbc\x1d\x12\xd0\
Iw\xf4\x04\xa9\x92\xda\x22\x01\x06@\xaa\xd7\x01,\xe7\
\xd8\xe8\x11\x8d1\x00R\xfd*\x9f\x80N\x0e\x8d\x9e \
U\xd8\x81,\xe3\xe8\xe8\x11\xf5\xebdR\xf4\x04\xa9\xd2\
\x0eb%\xc7D\x8f\xa8W'\xfbEO\x90*\xee@\
VT5\x01\x06@j\x5ce\x13`\x00\xa4\x22\x1c\xc8\
\xf2*>\x17\xd0\xc9\x98\xe8\x09R[8\x88\x15\xd5K\
@g\xe3W!\x09\xa8d\x02\x0c\x80T\x9c\xca%\xc0\
\x00HE:\x88\x15U\xfada\x03 \x15\xabR\x09\
0\x00R\xd1\x0e\xaeN\x02\x0c\x80T\xbc\x83Y\xc2\x91\
\xd1#ja\x00\xa4f\x98\xc6J\x8e\x88\x1e1<\x03\
 5G%\x12`\x00\xa4f9\xb4\xfc\x090\x00R\
\xf3\x94>\x01\x06@j\xa6CY\xc9\xe1\xd1#\x06g\
\x00\xa4\xe6*u\x02\x0c\x80\xd4l\xd3\xcb\x9b\x00\x03 \
5\xdftV\xf2\xe2\xe8\x11{c\x00\xa4V\x98\xce\xed\
eL\x80\x01\x90Z\xa3\x94\x090\x00R\xab\x94\xf0\x81\
\x80\x01\x90Zg\x06+9,z\xc4@\x06@j\xa5\
\x19\xdc^\xa6\x04\x18\x00\xa9\xb5J\x95\x00\x03 \xb5Z\
\x89\x1e\x08\x18\x00\xa9\xf5\x0ec)/\x8a\x1e\x01\x06@\
\x8aq$+\xcb\x90\x00\x03 \xc58\xaa\x0c\x090\x00\
R\x94\xa3X\xc9!\xb1\x13\x0c\x80\x14'<\x01\x06@\
\x8a436\x01\x06@\x8a\x15\x9a\x00\x03 E\x9b\xc9\
\x8a\xa8\x04\x18\x00)^7+xa\xc4\x7f\xd8\x00H\
e\xd0\xcd\xca\x88\x04\x18\x00\xa9\x1cB\x12`\x00\xa4\xb2\
\x08x `\x00\xa4\xf2\x98\xc5\x0a\x0en\xe5\x7f\xd0\x00\
He2\x8b\x95\xadL\x80\x01\x90\xca\xa5\xa5\x09\xc8\x12\
\x80\xd1\x85\x5c\xcb\xb6\xe8\x9b\xa1\x1al-\xe4Z\x8a\xb9\
\xc7\xd4g\x16\x8byAk\xfeSY\x020\xb1\x90k\
y<\xfaf\xa8\x06\x8f\x15r-\x93Bo\xc3KY\
\xde\x9a\x04d\x09\xc0X\xc6\x16p-k\xa3o\x86j\
P\xc4\x9f\xd2h\xc6\x07\xdf\x8a\x97\xb2\xac\x15\x09\xc8\x12\
\x00\xd8\xaf\x80\xeb\xb89\xfaF\xa8\x067\x15p\x1dE\
\xdc[\x1au\x5c+\x12\x90'\x00E\x9c\xd2}\x9f\xf5\
\xd17C\xc3X\xc7\x0d\x05\x5cK\xec\x03\x80~\xc7\xb1\
\x94\xa9\xcd\xfdO\xe4\x09\xc0\x8c\x02\xae\xe3).\x8f\xbe\
\x19\x1a\xc6\xa7x\xba\x80k9,\xfaf<\xe7x\x96\
57\x01y\x02\xd0]\xc8\xb5|\x9e\xdb\xa3o\x88\x86\
p'_*\xe4z\x8a\xb9\xb7\x14\xa1\xc9\x090\x00#\
\xb3\x83\x0b\xf9U\xf4M\xd1 ~\xc1\x1b\xd9^\xc85\
\x95'\x00MN\x80\x01\x18\xa9\xff\xe5\xd4B\x1ee\xaa\
h\xd71\x87'\x0b\xba\xae2\x05\xa0\xa9\x09\xc8\x13\x80\
\xe3\x0b\xbb\xa6\x0d\x9c\xc7k\xb9\x9b\xde\xe8\x9b\xa4\xe7\xf4\
r7\xaf\xe6Ml,\xec\x1a\x8f\x8f\xbeI{\xecY\
\xcc\x94f\x5cq\x07=tD\xdf\xba\x16\x99\xcd\x9aB\
\xafo\x1a\xf3\x98\xc1A\x85\xbc\xc2@\xf5\xd9\xc1\x9fx\
\x84\x95\xfc\xb1\xd0k\xed.\xf8\x9eR\x8c{9\x9bu\
\xc5_m\x0f\xbdI.\x1f\x8c\xfe\x13TE| \xfc\
\xbe\xba\xf7\xcbj\xf6/\xfa\xa6\xe6y\x08\x00\xf3\xa2\x07\
\xa8\x22\xce\x8c\x1e0\x88\x97\xb1\xb4\xe8\x04dz\x08\xb0\
\x8e\x83\xd9\x11=B\xa57\x86\xc7\x9b\xfd\xf2\x9b\x06\xfc\
\x84\xf9\x85\xbc\xd2\xe19\x99\xce\x00\xf6\xe75\xd1\x13T\
\x01\xaf)\xf1\xe1\x0f'\xb3\xbc\xc8\xa7\x033\x05\x00\x16\
F\x0fP\x05\x94\xfd^r\x22K\x8bK@\xa6\x87\x00\
\xb0\x9dC\x0a\xfbN\xb1\xda\xd3d\x1eg\x9f\xe8\x11\xc3\
\xba\x9b\xd7\xb0\xa1\x88+\xcau\x060\x96\xb7DOP\
\xc9]\x5c\x81\xc3\x1fN\xe1\xb6b\xfe\xc2R\xae3\x00\
\xf8-\xdd\xec\x8c\x1e\xa1\xd2\x1a\xc5\x03\x1c\x15=\xa2F\
\x85\x9c\x05\xe4:\x03\x80\xc3\xb98z\x82J\xec\xad\x95\
9\xfc\xe1\x14~\xd0\xf8\xfb\x16d;\x03\x805\x1cC\
O\xf4\x08\x95R'?\xe7\xd8\xe8\x11#r\x17\xafi\
\xec\x05\xd0\xd9\xce\x00`\x96\xcf\x03h\x10\x17U\xec\xf0\
\x87S\xb9\xb5\xb1\xf7\xbb\xccw\x06\x00\x7fbV\x91/\
\xa5P\x9b\xd8\x8f\x07xQ\xf4\x88:\xac\xe2\xb5\xf5\x9f\
\x05\xe4;\x03\x80\x83\xf9d\xf4\x04\x95\xd0?T\xf2\xf0\
\x879\x8d<\x17\x90\xf1\x0c\x00vr\x12?\x8f\x1e\xa1\
R9\x96\xd5\x8c\x89\x1eQ\xb7\xba\xcf\x022\x9e\x01\xc0\
h\xbe\xce\xb8\xe8\x11*\x91q\x5cU\xe1\xc3\x1f\xe6p\
\x13\x13\xea\xf9\x859\x03\x00'\xf2\x99\xe8\x09*\x91\xcf\
qb\xf4\x84\x06\x9d\xc1m\xf5=\x1d\x98\xe7\xfd\x00v\
\xbf\xf8\x8a\x00\xf5\xb9 \xfc\xbeX\xcc\xe5\xce\x91' \
\xe7s\x00}\x9e\xe6\x15~\xd6\x8f\x98\xc5\x7f19z\
DAV\xb0\x80\xcd#\xf9\x05Y\x1f\x02\x00Lf\x19\
\xd3\xa3G(\xd8!\xfc\xa0m\x0e\x7f8s\xa4\x0f\x04\
2\x07\x00\xa6qk\xf1o\xb2\xa4\x0a\x99\xcc\xad\xa5\xf9\
\x10\x90b\x9c\xc6-#y:0w\x00\xe0\x18n(\
\xe8\x93\x83U=\x13\xb8\x89\xe3\xa2G\x14\xeet\xae\xaf\
\xfdo4f\x0f\x00\xcce%\x07D\x8fP\x80\xfdY\
\xc2i\xd1#\x9a\xe2ln\xa85\x01\x99\x9f\x04\xdc\xe5\
!^\xcdC\xd1#\xd4R3\xb8\x8dY\xd1#\x9ah\
)\xe7\xb2e\xf8/\xf3\x0c\x00\xe0\x08\xee\xa8\xfc\xf7\x81\
5\x12'rW[\x1f\xfep\x0e\xd73~\xf8/3\
\x00}^\xc4*.\xf1\x5c(\x89wp'\x87D\x8f\
h\xba\xf9\xb5=\x10\xc8\xfbB\xa0=/\xdfo\xce\xc7\
/\xa9D&\xb1(\xfc~\xd6\xba\xcb\xe2\xe1\xcf\x02\x0c\
\xc0\xc0\xcb#\x9c\x17}\x0fU\x13\x9d\xcb\xc3\xe1\xf7\xb1\
\xd6^~0\x5c\x02\x0c\xc0\xee\x97e%\xfblX\x15\
\xe3pn\x0e\xbfoE\x5cn\x1b:\x01\x06`\xcf\xcb\
f.\xf3[\x83m\xe5\x00.cs\xf8\xfd*\xear\
\xcbP\x7f\xf7\xd5\x00\xec\xfd\xb2\x95\xaf0-\xfa~\xab\
\x02\x1c\xc8\xe5l\x0a\xbf?\xc5^\x06} \xe0\xeb\x00\
\x86\xb2\x8dk\xf9&\xcby6z\x88\xea2\x8a3Y\
\xc8\x85\xbe\xf7\x03p\x0b\xe7\xb3}\xcf\x9f6\x00\xc3{\
\x94\xefp-\xab\xcd@\x85\x8c\xe2\x04\xde\xcc[+\xfa\
&_\xcdq\x13\x17\xec\x99\x00\x03P\xab\xf5\xdc\xc1\x0a\
\xee\xe4\x01\xb6FO\xd1\xa0\xc63\x8b\xd39\x933\xe8\
\x8a\x9eRB7\xf2\xe6\xdd\x13`\x00F\xaa\x87Gx\
\x90\x07y\x8cMl\xe4\x19\xd6G\x0fJ\xae\x8b\x89L\
d\x22/\xa4\x9b\x99\xcc\xf0\xa5mC\xba\x91\x0b\xd81\
\xf0'\x0c\x80\x94\xc9wy\xfb\xc0\x0f\xc6\xb1\x97R&\
\x17\xf3\xe9\x81\xff\xe8\x19\x80\x94\xcd\xdb\xf8N\xff\x0f\x0d\
\x80\x94\xcd\xd3\x9c\xc0o\xfb~\xe8C\x00)\x9b\xc9|\
\xb5\xff\x87\x06@\xca\xe7,.\xe8\xfb\x81\x0f\x01\xa4\x8c\
\x1ef&;<\x03\x90r:\xac\xef\x83q<\x03\x90\
r\xba\x9fc\xe9\xf5\x0c@\xca\xe9hN\xf6!\x80\x94\
\xd7\xdb|\x08 \xe5\xf5(\xd3\x0c\x80\x94\xd7L\x1f\x02\
Hy\xbd\xca\x00Hy\x1dk\x00\xa4\xbc|\x08 %\
v\x84\x01\x90\xf2\x9a\xecw\x01\xa4\xbc\xb6\x18\x00)/\
_\x0a,ef\x00\xa4\xc4\x0c\x80\x94\x98\x01\x90\x123\
\x00Rb\x06@J\xcc\x00H\x89\x19\x00)1\x03 \
%f\x00\xa4\xc4\x0c\x80\x94\x98\x01\x90\x123\x00Rb\
\x06@J\xcc\x00H\x89\x19\x00)1\x03 %f\x00\
\xa4\xc4\x0c\x80\x94\x98\x01\x90\x123\x00Rb\x06@J\
\xcc\x00H\x89\x19\x00)1\x03 %f\x00\xa4\xc4\x0c\
\x80\x94\x98\x01\x90\x123\x00Rb\x06@J\xcc\x00H\
\x89\x19\x00)1\x03 %f\x00\xa4\xc4\x0c\x80\x94\x98\
\x01\x90\x123\x00Rb\x06@J\xcc\x00H\x89\x19\x00\
)1\x03 %f\x00\xa4\xc4\x0c\x80\x94\x98\x01\x90\x12\
3\x00Rb\x06@J\xcc\x00H\x89\x19\x00)1\x03\
 %f\x00\xa4\xc4\x0c\x80\x94\x98\x01\x90\x123\x00R\
b\x06@J\xcc\x00H\x89\x19\x00)1\x03 %f\
\x00\xa4\xc4\x0c\x80\x94\x98\x01\x90\x123\x00Rb\x06@\
J\xcc\x00H\x89\x19\x00)1\x03 %f\x00\xa4\xc4\
\x0c\x80\x94\x98\x01\x90\x123\x00Rb\x06@J\xcc\x00\
H\x89\x19\x00)1\x03 %f\x00\xa4\xc4\x0c\x80\x94\
\x98\x01\x90\x123\x00Rb\x06@J\xcc\x00H\x89\x19\
\x00)1\x03 %f\x00\xa4\xc4\x0c\x80\x94\x98\x01\x90\
\x12\x1b\x1d=\xa0)\xd6\xd3\x1b=Am\xa7\x83\xae\xe8\
\x09\xc5k\x97\x00l\xe1.\xee\xe0~\xd6\xf20\xcfD\
\x8fQ\xdb\x9a\xc8\x8b\xe9\xe6h\xce\xe0T\xc6G\x8f)\
B\x07=tD\x8fh\xc8Vn\xe0j\x96\xb3-z\
\x88R\x19\xcf9,dA\xc53\xd0[\xed\x00<\xc9\
\x95|\x89u\xd13\x94\xd6T\xfe\x9a\x0f1%zF\
\xddz\xa1\x87\xdeJ^\xb6\xf2\x8fL\x8c\xfe\xfd\x93\xd8\
\x8f\xcb\xd8\x1e~<\xd4w\xe9\xa9j\x00~Hw\xf4\
\x9f\xbb\xf4g\xb3\xf9Q\xf81\x91&\x00=|\x811\
\xd1\x7f\xe2\xd2\xf3\x8c\xe6R\x9e\x0d?6\x12\x04`\x13\
\x0b\xa2\xff\xac\xa5\xbdz#[\xc2\x8f\x8f\x11\x06\xa0j\
O\x02>\xc5\x02VE\x8f\x90\x06q\x1a7V\xea\xd5\
\x02\x15\xfb.\xc0f\xce\xe1\xae\xe8\x11\xd2\x10Nfy\
\x85\x9e\x9c\xee\xad\xd2K\x81wp\xbe\x87\xbfJ\xee'\
\xbc\x85\x9d\xd1#jW\xa5\x00|\x8c\xc5\xd1\x13\xa4a\
\xdd\xca'\xa2'\xd4\xae:\x0f\x01na\x01\xbe\xc2_\
U\xd0\xc1\xf5\xbc!zDM*\xf3\x1c\xc0S\xcc\xe2\
\x89\xe8\x11R\x8d\x0ebM%\x9e\x0c\xac\xccs\x00\x7f\
\xe7\xe1\xaf\x0a\xf9\x1f.\x8d\x9eP\x9bj\x9c\x01\xfc\x92\
\xe3\xe8\x89\x1e!\x8d\xc0(~\xc9\xac\xe8\x11\xc3\xaa\xc8\
\x19\xc0?y\xf8\xabb\x9e\xe5\xf2\xe8\x09\xb5\xa8\xc2\x19\
\xc0o\x99\xc9\xb3\xd1#\xa4\x11\x1a\xcd\xaf9,z\xc4\
0*q\x06p\x95\x87\xbf*h'\xdf\x88\x9e0\xbc\
\xf2\x9f\x01\xf4r$\xbf\x8d\x1e!\xd5\xe1\xc5<T\xf6\
\xa3\xab\xfcg\x00\xf7x\xf8\xab\xa2~\xc7\xbd\xd1\x13\x86\
S\xfe\x00\xac\x88\x1e \xd5\xad\xf4\xf7\xde\xf2\x07\xe0\xf6\
\xe8\x01R\xddVF\x0f\x18N\xf9\x03p_\xf4\x00\xa9\
n?\x8f\x1e0\x9c\xb2?\x09\xf8t%^P)\x0d\
\xe6i&EO\x18B\xe9\x9f\x04\xfcM\xf4\x00\xa9!\
\x0fE\x0f\x18Z\xd9\x03\xb0>z\x80\xd4\x90\xf5\xd1\x03\
\x86V\xf6\x00l\x8c\x1e 5\xa4\xe4\xf7\xe0\xb2\x07`\
K\xf4\x00\xa9!\x9b\xa2\x07\x0c\xad\xec\x01\xf0-@T\
m%\xbf\x07\x97=\x00\x92\x9a\xc8\x00H\x89\x19\x00)\
1\x03 %f\x00\xa4\xc4\x0c\x80\x94\x98\x01\x90\x123\
\x00Rb\x06@J\xcc\x00H\x89\x19\x00)1\x03 \
%f\x00\xa4\xc4\x0c\x80\x94\xd8\xe8\xe8\x01%4\x911\
\xd1\x13\xd4\x14;x&zB\xd9\x18\x80~/\xe0<\
\xe6\xf12\x8e`l\xf4\x145\xcdv\x1eb5+\xb9\
\x9e'\xa3\xa7\x94\x83\x01\x008\x91\xbf\xe5\x5c\xff\x7f?\
\x81\xb1\xccf6o\xe3\xcb|\x9f\xcb}\xcby\x9f\x03\
\x80\x03\xb9\x9a\x9fr\x81\x87\x7f*cy\x0b\xab\xf9:\
S\xa3\x87D\xcb\x1e\x80Wq\x1f\x0bK\xfd\xc9\x08j\
\x96\x0e\xde\xcd}\xcc\x89\x9e\x11+w\x00.f1/\
\x8c\x1e\xa1@\xd3X\xce\x05\xd1#\x22e\x0e\xc0\xb9\x5c\
\xed\x13~\xe9\x8dc\x11\xe7G\x8f\x88\x937\x00'\xb0\
\xc8\xa7@\x05\x8c\xe2\x9b\xbc$zD\x94\xac\x01\xd8\x87\
E\x8c\x8f\x1e\xa1\x92\xd8\x97k\x18\x17=\x22F\xd6\x00\
|\x9c\xa3\xa2'\xa8Df\xf37\xd1\x13b\xe4\x0c\xc0\
T>\x1c=A%\xf3Q\xa6DO\x88\x903\x00\x1f\
`b\xf4\x04\x95\xcc$\xde\x1b=!B\xc6\x00t\xf0\
\xce\xe8\x09*\xa1\x94\xf7\x8a\x8c\x01\x98\xcd\x91\xd1\x13T\
BGsx\xf4\x84\xd6\xcb\x18\x80\xd3\xa3\x07\xa8\xa4\xce\
\x88\x1e\xd0z\x19\x03pL\xf4\x00\x95\xd4\xd1\xd1\x03Z\
/c\x00\xa6G\x0fPI\xcd\x88\x1e\xd0z\x19\x030\
)z\x80J*\xe1=#c\x00z\xa3\x07\xa8\xa4\x12\
\xde32\x06`C\xf4\x00\x95T\xc2{F\xc6\x00<\
\x12=@%\xf5p\xf4\x80\xd6\xcb\x18\x80_F\x0fP\
I\xfd*z@\xebe\x0c\xc0\x1d\xd1\x03TR\x09\xef\
\x19\x19\x03\xf0 k\xa2'\xa8\x84~\x9e\xf1\xc1a\xc6\
\x00\xc0U\xd1\x03TB\xdf\x88\x1e\x10!g\x00\xfe\x85\
\xf5\xd1\x13T2\xeb\xf8Z\xf4\x84\x089\x03\xf04\x9f\
\x89\x9e\xa0\x92\xf9\x14\x1b\xa3'D\xc8\x19\x00\xf8l\xc6\
g|5\xa8{\xb92zB\x8c\xac\x01\xd8\xce\x85l\
\x8a\x1e\xa1\x92\xd8\xc0E\xec\x8c\x1e\x11#k\x00\xe0~\
\xcec{\xf4\x08\x95\xc0\x0e.\xe4\xc1\xe8\x11Q\xf2\x06\
\x00\x96q![\xa2G(\xd8f\xcecq\xf4\x888\
\x99\x03\x0070/\xe3\xf7~\xf5g\x0fq\x1a\xb7F\
\x8f\x88\x94;\x00\xf0c\x8e\xe7\x9f\xe9\x89\x9e\xa1\x00;\
\xb9\x92\x13X\x1d=#V\xf6\x00\xc0z>\xc81\x5c\
\xc5\xe6\xe8!j\xa1M\xfc\x1b\xc7pI\xc6\xbf\xff\xf7\
|~8\x16\xc0\x1a\xde\xc5%\xbc\x8e\xb38\x9e#\xe9\
\x8a\x9e\xa3\xa6Y\xcfoX\xcd\x0an\xe1\x99\xe8)\xe5\
`\x00\xfam`\x11\x8b\x9e\xfbq\x97\x1f\x18\xde\x86z\
}\xfd\xe7\x9e\x0c\xc0\xde\xac\x8f\x1e \xb5\x86\xcf\x01H\
\x89\x19\x00)1\x03 %f\x00\xa4\xc4\x0c\x80\x94\x98\
\x01\x90\x123\x00Rb\x06@J\xcc\x00H\x89\x19\x00\
)1\x03 %f\x00\xa4\xc4\x0c\x80\x94\x98\x01\x90\x12\
3\x00Rb\x06@J\xcc\x00H\x89\x19\x00)1\x03\
 %f\x00\xa4\xc4\x0c\x80\x94\x98\x01\x90\x123\x00R\
b\x06@J\xcc\x00H\x89\x19\x00)1\x03 %f\
\x00\xa4\xc4\x0c\x80\x94\x98\x01\x90\x123\x00Rb\x06@\
Jlt\xf4\x806s\x10\xf38\x91\x99\xec\xcf>\xd1\
S\xda\xcc\x16\xd6\xb1\x96{\xb8\x9d'\xa2\xa7\xb4\x13\x03\
P\x94N\xde\xc4\xfb\x99\xe79U\x93\xf5\xb0\x9c\xafr\
\x1d=\xd1C\xda\x83w\xd7b\xbc\x9a_\xf1=\xce\xf2\
\xf7\xb3\xe9:9\x87k\xf9\x05gG\x0fi\x0f\xdea\
\x1b\xb7/_\xe76fE\xcfH\xe5h\x96\xf2\x15\x1f\
f5\xce\x004\xea@\xee\xe4\xdd\xd1#Rz\x1f\xb7\
s@\xf4\x88\xaa3\x00\x8d9\x80;8!zDZ\
's;S\xa3GT\x9b\x01h\xc48n\xf2\xd4?\
\xd4\xd1\xdc\xc8\x98\xe8\x11Uf\x00\x1a\xf1i^\x11=\
!\xbdS\xb9,zB\x95\x19\x80\xfa\x9d\xc4\x87\xa2'\
\x08\xf80'GO\xa8.\x03P\xbf\xcf\xfb\xbbW\x0a\
\x9d\x5c\x1e=\xa1\xba\xbc\x0b\xd7k\x0e\xa7EO\xd0s\
\xe6\xf1\xca\xe8\x09Ue\x00\xea\xf5\x17\xd1\x034\x80\xdf\
\x88\xad\x93\x01\xa8\xcf(\xde\x18=A\x03\x9c\xef=\xb9\
>\xfe\xb6\xd5\xe7x\xba\xa2'h\x80\xa9\xbc4zB\
5\x19\x80\xfa\x1c\x1f=@\xbb9.z@5\x19\x80\
\xfa\x1c\x11=@\xbb92z@5\x19\x80\xfatE\
\x0f\xd0n\xba\xa2\x07T\x93\x01\xa8\xcf\xd8\xe8\x01\xda\xcd\
\xb8\xe8\x01\xd5d\x00\xea\xf3L\xf4\x00\xedfC\xf4\x80\
j2\x00\xf5y,z\x80v\xe3\x9fH]\x0c@}\
\xd6D\x0f\xd0n\xd6F\x0f\xa8&\x03P\x9fU\xbe'\
]\xa9\xf4pw\xf4\x84j2\x00\xf5y\x92\x9fEO\
\xd0\x00?f]\xf4\x84j2\x00\xf5\xfaV\xf4\x00\x0d\
\xf0\xed\xe8\x01Ue\x00\xeau\x15\xeb\xa3'\xe89\xeb\
\xb8:zBU\x19\x80zm\xe0\xf3\xd1\x13\xf4\x9c\xcf\
\xb21zBU\x19\x80\xfa}\x86\xdfDO\x10\xb0\xd6\
\x14\xd7\xcf\x00\xd4o+\x17\xb3=zDz\xdbx+\
\xdb\xa2GT\x97\x01h\xc4=\xbc\x9f\xde\xe8\x11\xa9\xf5\
\xf2\x1eVG\x8f\xa82\x03\xd0\x98\xab\xb8\xc4W\x04\x84\
\xe9\xe1\xaf\xfcnLc\x0c@\xa3\xbe\xc8\xc5\xfe\xcd\x80\
\x10\x1bx3_\x8e\x1eQu\x06\xa0q\xdf\xe3\xe5\xfc\
(zD:wp\x12\xd7E\x8f\xa8>\x03P\x845\
\x9c\xce\xc5\xfc2zF\x1a\xff\xcd\x85\xcc\xe3\xd7\xd13\
\xda\xc1\xe8\xe8\x01m\xa2\x97E\x5c\xc3\xa9\x5c\xc4Y\xcc\
\x8e\x1e\xd3\xc6\xeeg\x19\xd7p\xb7O\xbd\x16\xc5\x00\x14\
\xa7\x97U\xac\x02&r\x14S\xe9\xa2#zP\x1b\xe9\
e=O\xf2k\x9fm)\x9a\x01(\xde3\xdc\x1b=\
A\xaa\x8d\xcf\x01H\x89\x19\x00)1\x03 %f\x00\
\xa4\xc4\x0c\x80\x94\x98\x01\x90\x123\x00Rb\x06@J\
\xcc\x00H\x89\x19\x00)1\x03 %f\x00\xa4\xc4\x0c\
\x80\x94\x98\x01\x90\x123\x00Rb\x06@J\xcc\x00H\
\x89\x19\x00)1\x03 %f\x00\xa4\xc4\x0c\x80\x94\x98\
\x01\x90\x12+{\x00|\xdbrU[\xc9\xef\xc1e\x0f\
\xc0\x84\xe8\x01RC\xf6\x8b\x1e0\xb4\xb2\x07\xa0\xe4\xbf\
}\xd20J~\x0f.{\x00\x0e\x8e\x1e 5\xa4\xe4\
\xf7\xe0\x0ezJ\xfd\x19v;\x99\xc0\xf6\xe8\x11R\x9d\
\xc6\xb2\xa9\xd4\xcf\x02\xf4\x96\xfd\x0c`4GDO\x90\
\xeavT\xa9\x0f\x7f\xca\xff\x10\x00N\x89\x1e \xd5m\
N\xf4\x80\xe1\x94?\x00\xf3\xa2\x07Hu+\xfd\xbd\xb7\
\xec\xcf\x01\xc0\x9f\x98\xc6\xb3\xd1#\xa4:\x8c\xe6Q\x0e\
\x8c\x1e1\xa4\xd2?\x07\x00\x07sV\xf4\x04\xa9.\xf3\
K~\xf8S\x85\x87\x00\xf0\x8e\xe8\x01R]\x16F\x0f\
\x18^\xf9\x1f\x02\xc06\x0e\xe7\xb1\xe8\x11\xd2\x08M\xe3\
!\xc6F\x8f\x18F\x05\x1e\x02\xc08>\x12=A\x1a\
\xb1\x8f\x96\xfe\xf0\xa7\x1ag\x00\xb0\x89n\x1e\x8d\x1e!\
\x8d\xc0t\xd6\xb0O\xf4\x88aU\xe2\x0c\x00&\xf0\xb9\
\xe8\x09\xd2\x88|\xa1\x02\x87?U9\x03\x00x-\xb7\
EO\x90j\xb4\x80\x1b\xa3'\xd4\xa4\xb7:\x01x\x82\
\x97\xf9T\xa0*a\x1a\xf7\xf2\x82\xe8\x115\xa9\xc8C\
\x00\x80\x03\xf96c\xa2GH\xc3\x1a\xcbw+r\xf8\
S\x8d\xd7\x01\xf4{\x15WUj\xaf2\xea\xe0\xab\xcc\
\x8d\x1e1\x12=\xf4V\xe8\xf2\xb9\x8a<`QN\x1d\
\x5c\x11~\x8c\x8c\xe4\xd2S\xb5\x00\xf4rU\xd9\xff\x82\
\xa5\xd2\x1a\xc5W\xc3\x8f\x8f\xb6\x0f@/7\xd2\x15\xfd\
'-\xeda\x7fn\x09?6F\x1c\x80\xea|\x17`\
\xa0\xdfs\x11wG\x8f\x90\x068\x89k8<z\xc4\
\x88U\xe8\xbb\x00\x03M\xe7\x87|\xa1\xeco\xb7\xa84\
&p)\xab*x\xf8\x03U|\x08\xd0\x7f\xf9\x03\xef\
\xa9\xc2\xab\xad\xd5\xd6\xc6\xf1~\x1e\x0d?\x16\x92=\x04\
\xd8\xe5\x0f\x5c\xc1\xb7x\x22z\x86R:\x98\xb7s\x09\
\xd3\xa2g4\xa0B\xaf\x04\x1c\xdcN\x16s\x13+y\
0z\x88\xd2\xe8\xe6L\x160\x9fQ\xd1C\x1a\xd4\x16\
\x01\xe8\xf78\xbf\xe2A\x1e\xe6i6\xf8&b*\xdc\
(&\xd1\xc5\x0c\xba9\xa6\xec\xef\xf6_\xb3\xb6\x0a\x80\
\xa4\x91\xa9\xe8w\x01$\x15\xc2\x00H\x89\x19\x00)1\
\x03 %f\x00\xa4\xc4\x0c\x80\x94\x98\x01\x90\x123\x00\
Rb\x06@J\xcc\x00H\x89\x19\x00)1\x03 %\
f\x00\xa4\xc4\x0c\x80\x94\x98\x01\x90\x123\x00Rb\x06\
@J\xcc\x00H\x89\x19\x00)1\x03 %f\x00\xa4\
\xc4\x0c\x80\x94\x98\x01\x90\x123\x00Rb\x06@J\xcc\
\x00H\x89\x19\x00)1\x03 %f\x00\xa4\xc4\x0c\x80\
\x94\x98\x01\x90\x123\x00Rb\x9d\xec\x88\x9e )\xc8\
\xf6N6Fo\x90\x14d\x83\x01\x90\xf2\xdah\x00\xa4\
\xbc6v\xb2!z\x83\xa4 \x1b:\xf9C\xf4\x06I\
A~\xdf\xc9\xda\xe8\x0d\x92\x82\xac5\x00R^\x06@\
Jlm\x07\x13X\xcf\xe8\xe8\x1d\x92Zn\x07]\x9d\
l\xe2g\xd1;$\x05\xf8)\x9b;\x81\x15\xd1;$\
\x05X\xd1\xf7\x97\x81VF\xef\x90\x14`%t\x00\xfb\
\xb2\x8eq\xd1[$\xb5\xd4V\xf6gK'\xb0\x99\xa5\
\xd1[$\xb5\xd8b\xb6\xf4\xbf\x1f\xc07\xa3\xb7Hj\
\xb1oB\xdfC\x00\x18\xcf\xe3tE\xef\x91\xd42O\
\xf1B\xb6\xf5\x9f\x01l\xe5\xda\xe8=\x92Z\xe8\x1a\xb6\
\xc1\xae\xb7\x04\xfb\xd7\xe8=\x92Z\xe8\xeb}\xff\xd3\x1f\
\x80\x9f\xb2<z\x91\xa4\x16Y\xcc=}?\xd8\xf5\xa6\
\xa0\x9f\x8a\xde$\xa9E\xfe|\xb4w\x0c\xf8\xc9;\x99\
\x1b\xbdKR\xd3\xdd\xc5\x9c\xfe\x1f\x8e\x1a\xf0\xd3\x7f\xe0\
\x1d\xd1\xcb$5\xdd;y\xb8\xff\x87\x03?\x17`\x19\
\xff\x19\xbdLR\x93]3\xf0\xc5\xff\x1d\xcf\xfbW\xd3\
x\x80\x89\xd1\xfb$5\xcdFf\xf3\xe8\xae\x7f\x1c\xf5\
\xbc\x7f\xb9\x81\x9d\x9c\x13\xbdPR\xd3|\x9c%\x03\xff\
\xb1c\xb7\x7f=\x86\xbb8)z\xa3\xa4\xa6\xf81s\
\xd99\xf0':\xf6\xf8\x92\x19\xacf\xff\xe8\x9d\x92\x0a\
\xb7\x9e\x13\xf8\xdd\xf3\x7fj\xcf\x0f\x07}\x84\xf7E\xef\
\x94T\xb8^\xde\xbd\xfb\xe1\xbf\xfbs\x00}\x1e\xe0\x05\
\x9c\x1c\xbdVR\xa1\xae\xe4\x8a=\x7f\xb2c\xaf_:\
\x86\xeby]\xf4^I\x85\xb9\x85\xf3\x9e\xff\xe8\xbfO\
\xc7 _\xbe\x0fKw\xbdZHR\xa5\xfd\x98\xb3\xd8\
\xb4\xb7\x7f\xd11\xe8/\x99\xca\x0f9:z\xb7\xa4\x86\
\xdd\xcfi\xac\xdb\xfb\xbf\xea\x1c\xf4\x17=\xc9\xab\xb9?\
z\xb9\xa4\x06\xdd\xcf\xfc\xc1\x0e\xff\xa1\x02\x00\x7fd.\
\xab\xa2\xd7Kj\xc0O8c\xe0+\xffv\xd79\xe4\
/~\x8a\xf9\xdc\x1a}\x0b$\xd5i)g\xf1\x7fC\
}\xc1\xa8a\xae`\x07\xd72\xc5o\x0aJ\x95\xd3\xcb\
\x17y'[\x87\xfe\xa2\x8e\x9a\xae\xea\x5c\xfe\x9d)\xd1\
\xb7GR\xcd6\xf0^\xbe7\xfc\x97\xd5\x16\x00\x98\xce\
\x22N\x89\xbeM\x92jr\x0f\x17\xf1P-_8\xdc\
C\x80~O\xf3\x0d\xd6q\xaa\x9f $\x95\xdc&.\
\xe3]C?\xf2\xdf\xa5\xd63\x80>\x87p9\x0b\xa3\
o\x9f\xa4A\xdd\xcc_\xf2\xfb\xda\xbf\xbc\xb3\xf6/\x05\
\x1e\xe3\x1d\x9c\xed\xb7\x06\xa5R\xba\x93\xb3X0\x92\xc3\
\x7f\xa4g\x00\xfd\xe6\xf21^\x1f}k%\xfd\xd9*\
>\xcdM#\xffe\xf5\x05\x00\xe0\xe5\xbc\x87\x0b\xfd@\
1)\xd8S|\x8f\xaf\xf5\xbf\xcf\xffH\xd5\x1f\x00\x80\
\xf1,`!\xf3}jP\x0a\xb0\x8d\xc5\x5c\xcd\xcd}\
\x1f\xf2U\x9f\xc6\x02\xd0g\x1fNd\x0egs:c\
\xa3\x7fG\xa4\x04\x9e\xe5>\x96\xb1\x8a\xdb\xd9\xd8\xe8U\
\x15\x11\x80~\xfb\xd2\xcdL\xba\x99\xc5t&\xb2\x1f]\
L4\x09R\x83\xb6\xf3\x0c\xeb\xd9\xc83\xfc\x9e5\xac\
\xe5A\xd6\xb2\xb9\xa8+\xff\x7f\xad\x13y\x9c|v\x0a\
\xda\x00\x00\x00%tEXtdate:cr\
eate\x002019-04-19T\
11:30:44+02:00d\xd0\
i\xe0\x00\x00\x00%tEXtdate:m\
odify\x002019-04-19\
T11:30:44+02:00\x15\
\x8d\xd1\x5c\x00\x00\x00\x19tEXtSoftw\
are\x00www.inkscape\
.org\x9b\xee<\x1a\x00\x00\x00\x00IEND\
\xaeB`\x82\
\x00\x001m\
\x89\
PNG\x0d\x0a\x1a\x0a\x00\x00\x00\x0dIHDR\x00\
\x00\x02\x00\x00\x00\x02\x00\x08\x06\x00\x00\x00\xf4x\xd4\xfa\
\x00\x00\x00\x01sRGB\x00\xae\xce\x1c\xe9\x00\x00\x00\
\x04gAMA\x00\x00\xb1\x8f\x0b\xfca\x05\x00\x00\x00\
\x09pHYs\x00\x00\x0e\xc3\x00\x00\x0e\xc3\x01\xc7o\
\xa8d\x00\x001\x02IDATx^\xed\xdd\x09\xac\
\xaduy\xef\xf1\x8d \x02\x8eu H\x8dUq@\
\x1c@+\xdeT\x11D\xad\xf6\x92FE\xa8\xdc\xd2j\
\x9b:k\x93\x868\x14\xd1\x94\xd6\xa6U\x9bJ\xc5P\
\x15\x15\xeb\x10C\x0dx\x15ZD\xcbEj\x1b\xa15\
\x0eX\x95\x12\x04\x87^\x8b\xb68\xa0\xcc \xb9\xf7\xf7\
\x15=l8\xcf9g\x0fk\xf8\xff\xff\xef\xf7\x93|\
\x13\xb3\xddg\x9f\xb5\xd7z\xdf\xe7\xe1\xec\xbd\xd6zW\
$u\xe1Ni\xef\xf4\xa8\xf4\xe4tDzI:.\
\xbd%\xbd/\x9d\x96\xceL\x9fH\xe7\xa5\xf3\xd3\xe7\xd2\
\x97\xd3%\xe9\x9b\xe9;\xe9\x07\xe9\xeat\xd3\xcf\xe2\x7f\
\xf31\xfe?>\x87\xcf\xe5\xcf\xf0g\xf9\x1a|-\xbe\
&_\x9b\xbf\x83\xbf\x8b\xbf\x93\xbf\x9b\xdb\xc0m\xe16\
q\xdb\xb8\x8d\xdcVI\x92\xb4\x1dwH\xf7O\x87\xa4\
\xdfM\x7f\x92>\x90\xfe!}!}+\xb1\xa0\xff_\
gq\x9b\xb9\xed|\x0f|/|O|o|\x8f|\
\xaf|\xcf|\xef\x92$\x0d\xeb>\xe9\xf1\xe9\xa8tl\
:9\xb1\x14/M7\xa4j\x81N!\xbew\xee\x03\
\xee\x0b\xee\x13\xee\x1b\xee#\xee+\xee3I\x92\xba\xb0\
Gby\xbd0\x9d\x98\xf8\xd1\xf9\xf7R\xb5\xfcl\xc7\
q\xdfq\x1fr_r\x9fr\xdfr\x1fK\x92\xb4\x14\
;\xa5}\xd2\xe1\xe9\xf8\xf4\x91\xc4\xef\xcdoN\xd5\x22\
\xb3\xd9\xc5}\xcc}\xcd}\xce}\xcfc\xc0c\xc1c\
\x22I\xd2L\xed\x95x\xa2\xdb\x09\x89'\xc5\xf5\xf8;\
\xf9\xd1\xe31\xe1\xb1\xe11\xe2\xb1\xe21\x93$i\xcd\
\xf8\x97$\xcff\xe7\xd9\xed<q\xed\xb2T-\x1ck\
?\x1e;\x1eC\x1eK\x1eS\x7fJ I\xda\x82\xdf\
)\x1f\x9a^\x9f\xceN?L\xd52\xb1\xfe\xe3\xb1\xe5\
1\xe6\xb1\xe61\xf7\xf9\x04\x9241\x8fI\xbc\x86\xfd\
\x9f\x13\xaf\x83\xaf\x96\x85\x8d\x1f\x8f=\xc7\x00\xc7\x02\xc7\
\x84$i0wO\xbf\x91\xde\x9b.O\xd520\xe3\
\xd8\xe0\x18\xe1X\xe1\x98\x91$u\xe8\x80\xf4\xda\xf4O\
\xc9\x7f\xe5\xdbz\xe3\x98\xe1\xd8\xe1\x18\xe2X\x92$5\
j\xd7\xf4\xcctJ\xf2_\xf96\xeb8\xa68\xb68\
\xc68\xd6$IK\xb4K:,\xbd?]\x99\xaa\xc1\
m6\xeb8\xd68\xe68\xf68\x06%I\x0b\xb0s\
zzzO\xfa~\xaa\x06\xb4\xd9\xa2\xe2\x18\xe4X\xe4\
\x98\xe4\xd8\x94$\xcd\x10\x17\x8dyJzg\xba\x22U\
\x83\xd8l\xd9qlr\x8cr\xacz\xa1#I\xda\x84\
\x03\xd3I\xe9\xbb\xa9\x1a\xb8f\xad\xc61\xcb\xb1\xcb\xf5\
\x0b$Ik\xc0\xcb\xaf^\x91.L\xd5`5\xeb-\
\x8ee\x8ei_Z(I\x85'\xa4\xf7\xa5kR5\
D\xcdz\x8fc\x9b'\x0f\x1e\x94$i\xd2\xee\x99\xfe\
 }%U\x03\xd3l\xd4.J\xc7\xa4{%I\x9a\
\x8cC\xd2\x87\xd2u\xa9\x1a\x8efS\xe9\xfatj\xe2\
\x89\x83\x924\xa4\xdd\xd2\x8b\xd3\xbf\xa7j\x10\x9aM\xbd\
K\xd2\xcb\xd3\xeeI\x92\xbaw\xeft|\xfa\xefT\x0d\
=3\xbbm\xbc\x9c\xf0\x0di\xcf$I\xddyh\xe2\
5\xd1\xd7\xa6j\xc8\x99\xd9\xf6\xe3Wd\xefJ\x0fK\
\x92\xd4\xbc'\xa53\xd2\xcd\xa9\x1ajf\xb6\xbe8\x97\
\xceL\x07'Ij\x0a\xefz\xf6\xdc\xf4\xaf\xa9\x1a`\
f6\x9b>\x9b8\xd7|\xa7AIK\xc5\x85P^\
\x98\xbe\x9e\xaaaef\xf3\x89s\x8es\xcf\x8b\x11I\
Z(\xfe\xf5\xf1\xfcti\xaa\x86\x93\x99-&\xceA\
\xceE\x7f\x22 i\xaevJG%_\xcag\xd6V\
\x9c\x93\x9c\x9b\x9c\xa3\x924S\x87\xa7\x7fK\xd5\xf01\
\xb36\xe2\x1c\xe5\x5c\x95\xa4M;,}>U\xc3\xc6\
\xcc\xda\x8cs\x96sW\x92\xd6\xedi\xe9\x82T\x0d\x17\
3\xeb#\xcea\xceeI\xda\xa1}\xd3\xd9\xa9\x1a&\
f\xd6g\x9c\xd3\x9c\xdb\x92\xb4\x15\xaeU\xfeW\xe9\xc6\
T\x0d\x103\xeb;\xce\xed\xb7\xa6{$I\xfa\xe9\xcb\
\x87^\x9a|\xaf~\xb3i\xc4\xb5\x06\xb8\xe8\x90/\x1d\
\x94&\xec\xc9\xe9K\xa9\x1a\x12f6v\xbcb\xe0\xa9\
I\xd2\x84< \x9d\x9e\xaa\xa1`f\xd3\xeaci\x9f\
$i`wN\x7f\x96\xb8\xcaX5\x08\xccl\x9a]\
\x9f\xde\x9c\xee\x9a$\x0d\xe6Y\xe9\xdb\xa9:\xf9\xcd\xcc\
\xe8\xf2td\x924\x80\xbd\xd2i\xa9:\xd9\xcd\xcc\xaa\
\xf8\xb5\xc0\xdeIR\xa7\xb8Z\xd8\x0fRu\x82\x9b\x99\
m\xaf+\xd3K\x92\xa4\x8e<$\x9d\x97\xaa\x93\xda\xcc\
l=}:=4Ij\xd8\xce\xe9\xb5\xe9\xdaT\x9d\
\xc8ff\x1b\x89'\x0e\x1f\x97vI\x92\x1a\xf3\xb8t\
a\xaaN^3\xb3Y\xc4\xfb\x86\x1c\x98$5`\xf7\
\xf4\x96\xf4\x93T\x9d\xb0ff\xb3\x8cYsBb\xf6\
HZ\x92\x03\xd2E\xa9:I\xcd\xcc\xe6\x19\xb3\x87\x19\
$i\xc1^\x95x\xf3\x8e\xea\xc4\xb4\xe9uU\xfaF\
\xfa\x5c:7}<}4\xfdm\xfa@zw:)\
\xf1/\xb77\xa6?N\xfcN\x97\xf8\xdf|\x8c\xff\x8f\
\xcf\xe1s\xf93\xfcY\xbe\x06_\x8b\xaf\xc9\xd7\xe6\xef\
\xe0\xef\xaan\x83M/f\x10\xb3H\xd2\x02\xdc7\x9d\
\x93\xaa\x93\xd1\xc6\x8a\x97a\xf1\xbc\x0e\x960Wq{\
]\xe2\xc2M\xbcQ\xcb\xa1\xe9Q\x89\xd7j\xef\x9a\x16\
\x8d\xbf\x93\xbf\x9b\xdb\xc0m\xe16q\xdb\xb8\x8d\xdcV\
n3\xb7\x9d\xef\xa1\xfa\xdel\xac\x98I\xcc&Is\
\xf2\xec\xc4\x95\xbc\xaa\x13\xd0\xfa\x8bgV\x7f5\xfd}\
\xe2_\xde\xafL\xcfI\x8fM\xbf\x90F\xc1\xf7\xc2\xf7\
\xc4\xf7\xc6\xf7\xc8\xf7\xca\xf7\xcc\xf7\xee\xdbR\x8f\x13\xb3\
\x89\x19%i\x86x\xb2\xcd\xc9\xa9:\xe9\xac\x8f\xbe\x99\
\xceL\x5c\x8b\xe1\xa8\xb4_\xe2e\x9bS\xc7}\xc0}\
\xc1}\xc2}\xc3}\xc4}U\xdd\x87\xd6G\xcc*\x9f\
 (\xcd\x00\xffr\xba8U'\x9a\xb5\xd7\x0d\xe9\x82\
\xf4\x8e\xf4\xb2\xf4\xc4t\xb7\xa4\xf5\xe1>\xe3\xbe\xe3>\
\xe4\xbe\xe4>\xe5\xbe\xad\xeesk/f\x16\xb3K\xd2\
\x06\xbd:9\xf4\xda\x8e\xb7Z>+\xf1\x06LOJ\
\xbb%\xcd\x07\xf7-\xf71\xf75\xf7\xb9os\xddv\
\xcc.f\x98\xa4u\xb8Gb\xc0U'\x95-7\x9e\
\x05\xff\xc1\xc4\x13\xde\x1e\x99vJZ\x0e\xee{\x1e\x03\
\x1e\x0b\x1e\x13\x1e\x9b\xea1\xb3\xe5\xc6,c\xa6I\xda\
\x81\xfd\xd3e\xa9:\x91l\xf1\xf1,\xf6\xd3\xd3\x0b\xd2\
\xfd\x92\xda\xc6c\xc4c\xc5c\xe6+\x10\xda\x89\x99\xc6\
l\x93\xb4\x0d\xcfK\xd7\xa4\xea\x04\xb2\xc5\xc5\xcb\xd7x\
]\xfc\xc1\xc9\xf7>\xef\x17\x8f\x1d\x8f!\x8f\xa5o\x93\
\xbd\xfc\x98m\xcc8I\xab\xdc1\xf1\xd2\xa8\xea\xa4\xb1\
\xf9\xc7\xbf\x14OK\xbf\x97\xbc\x06\xfa\xb8xly\x8c\
y\xac\xfd\xe9\xc0\xf2b\xd61\xf3\xa4\xc9c(}&\
U'\x8a\xcd/\x16\xc0\xfb\xd3a\xc9a4=<\xe6\
<\xf6\x1c\x03\xfe\xc7\xc0\xe2c\xe6\xf9\x1f\xdb\x9a4~\
<\xf9\x9dT\x9d 6\xfb~\x9c>\x94\x9e\x95\x96\xf1\
\xeeyj\x13\xc7\x02\xc7\x04\xc7\x06\xc7Hu\xec\xd8\xec\
c\xf61\x03\xa5\xc99&\xdd\x98\xaa\x13\xc3f\xd7\xd5\
\xe9\xc3\xe9\x88\xe4K\xf4\xb4#\x1c#\x1c+\x1c3\x1c\
;\xd51e\xb3\x8b\x19\xc8,\x94&\x81\x01sj\xaa\
N\x06\x9bM7\xa7O\xa5\xa3\xd3\x1eI\xda\x08\x8e\x1d\
\x8e!\x8e%\x8e\xa9\xeaX\xb3\xd9\xc4L\xf4?\xd05\
\xb4{\xa7\xf3Su\x02\xd8\xe6\xbb<\xf1\x8c\xef}\x92\
4K\x1cS\x7f\x9e8\xc6\xaac\xcf6\x1f\xb3\x91\x19\
)\x0d\xe7!\xe9\xd2T\x1d\xf8\xb6\xf1nJ\x5cX\x86\
\xdf\xe1\xfa\xde\xfa\x9a7\x8e1\x8e5\x8e9\x8e\xbd\xea\
\x98\xb4\x8d\xc7\x8cdVJ\xc38(}/U\x07\xbc\
m,\xde\xf5\xed\xf5\xe9\x17\x93\xb4\x0c\x1c{\x1c\x83\xbe\
\x03\xe1lcV23\xa5\xeeq\x953/y:\xbb\
\xbe\x98\xb8\xf6\xbco\xc1\xabVp,rLrlV\
\xc7\xac\xad?f&\xb3S\xea\xd6\xb1\xc9'\x0f\xcd\xa6\
\x7fI\xbf\x9e\xa4\x96q\x8cr\xe5\xc2\xea\x18\xb6\xf5\xc5\
\xecd\x86J]\xe1\xf7\x84^\xbf\x7f6\xfdczZ\
\x92z\xf2\xd4t^\xaa\x8ei[_\xccR\x9f\xdf\xa3\
.\xdc%\x9d\x9d\xaa\x03\xd9\xd6\xde'\x13\x97~\x95z\
\xf6\xc4\xe4<\xd8|\xdc\x87\xccV\xa9Y{%\x7f\x0f\
\xb8\xb9\xceH\x07&i$\xbf\x9c>\x9a\xfc\x95\xe0\xc6\
c\xb62c\xa5\xe6\xdc?}-U\x07\xaem\xbf\x9f\
$\xdey\xed\xd1I\x1a\xd9#\x13oz\xc31_\x9d\
\x0b\xb6\xfd\x98\xb1\xccZ\xa9\x19\xbcn\xf5[\xa9:`\
m\xdb\xf1:j.\xc6\xf2\xb0$M\x093\xe3\xbd\xc9\
\xb7\x03_\x7f\xccZ\xdf+@M\xe0\xbf\xe8\xbd\xa0\xcf\
\xfa\xba>\xf1\xc4\x9e\x07&i\xca~)\xbd=\xf9R\
\xe1\xf5\xc5\xcce\xf6JK\xf3\xb8\xe4\x1b\xfc\xac\xbdk\
\xd3\x89\xe9~I\xd2\xad\xee\x9bNH^\x80h\xed1\
{\x99\xc1\xd2\xc2\xf1\x0c\xf5\x1f\xa5\xea\xc0\xb4\xad\xfbX\
\xe2_;\x92\xb6\x8d\xff8>=U\xe7\x90m\x1d3\
\xd8W\x0bi\xa1\x9e\x9e\xaeI\xd5\x01i\xb7\xed\xb2\xe4\
\x1b\xf8H\xeb\xf3\x8c\xe4\x93\x8a\xd7\x16\xb3\x98\x99,\xcd\
\xdd\xb3\x13\xbf\xc3\xae\x0eD\xbb5~\xa7\xf9\x86\xe4%\
>\xa5\x8d\xb9S\xfa\xa3\xc4\xaf\xce\xaas\xccn\x8d\x99\
\xccl\x96\xe6\xe6\xb7\x92W\x00\xdbq\x9fH\x0fN\x92\
6\xefA\xe9\xacT\x9dkvk\xccff\xb44s\
\x1cX\xbevw\xfb\xfdG:\x22I\x9a\xbd\xc3\x93/\
7\xde~\xcch\xff#@3\xc5\x8f\x96\xfc\x97\xff\xb6\
\xe3\xb5\xcc\x7f\x91\xee\x9c$\xcd\xcf\x1e\xe9M\xe9\x86T\
\x9d\x8bv\xcb\xac\xf6\xd7\x01\x9a\x09\x9e\x5c\xe2\xef\xfc\xb7\
\x1d\x17<\xd9/IZ\x9c}\xd3\xa7RuN\xda-\
3\xdb'\x06jSxy\x89\xcf\xf6\xaf\xe3\x8d8\xfc\
Q\x9b\xb4\x5cG\xa7\xcbSu\x8eN=f\xb7/\x11\
\xd4\x86\xf0\x06\x13\xbe\xce\x7f\xeb\xf8\xf1\xda\xdb\xd2\xdd\x92\
\xa4\xe5\xe3\x5c\xe4\x0d\xb6\xfc5\xe5\xd61\xc3}\xb3 \
\xad\x0bo1\xe9;\xfcm\xdd\xf9\xe9\x80$\xa9=\xfb\
'\xce\xd1\xea\xdc\x9dr\xccr\xdf6Xk\xc2E&\
|o\xff\xdb\xc6\xdb\x93\xbe8Ij\x1f\xe7\xaao)\
|\xdb\x98\xe9^@H\xdb\xc5e&}\x99\xcdm\xfb\
Jzx\x92\xd4\x0f\xceY\xce\xdd\xea\x9c\x9ej\xccv\
/%\xac\xd2^\xc9\xb7\xde\xbcm\x5c\xaet\xf7$\xa9\
?\x9c\xbb\x9c\xc3\xd5\xb9=\xd5\x98\xf1\xcczi\x8b\xbb\
\xa4/\xa6\xea\x80\x99b\xfc\xf8\xf0\xf9IR\xff8\x97\
\xfd\x95\xc0\xad1\xeb\x99\xf9\xd2\xca\xce\xe9\xecT\x1d(\
S\xec\xcb\xc9\x1f\xf9Kc\xe1\x9c\xe6\xdc\xae\xce\xf9)\
\xc6\xccg\xf6k\xe2NN\xd5\x012\xc5\xfc\x91\xbf4\
.\x7f%p\xdb\x98\xfd\x9a\xb0cSu`L\xad\xab\
\x92?\xf2\x97\xa6\x81s\x9ds\xbe\x9a\x05S\x8b\x1d\xa0\
\x09:*\xdd\x9c\xaa\x83bJ\xf1cA\xdeVT\xd2\
tp\xce\xfb+\x81[v\x00\xbb@\x13rP\xe2z\
\xf5\xd5\x011\xa5NI\xfe\xc8_\x9a&\xce}f@\
5\x1b\xa6\x14\xbb\x80\x9d\xa0\x09\xe0\xcd \xa6\xfe.\x7f\
\xfc\xf8\xefyI\x92\x98\x05S\xff\x95\x00;\xc17\x0a\
\x1a\xdc\xbd\xd3\xa5\xa9:\x00\xa6\x92?\xf2\x97t{\xfe\
J\xe0\x96\xdd\xc0\x8e\xd0\x80vKS\x7f\x9fl\x7f\xe4\
/i[\xfc\x95\xc0-;\x82]\xa1\xc1\x9c\x9a\xaa\x07\
|\x0a\xf1;.\x7f\xe4/i-\x98\x15S~\x8e\x14\
\xbbB\x039&U\x0f\xf4\x14\xba2\x1d\x92$i\xad\
\x98\x19\xcc\x8ej\xa6L!v\x86\x06pp\xba1U\
\x0f\xf2\xe8q\x05,.\x11*I\xeb\xc5\xec\x98\xea\x95\
Q\xd9\x19\xec\x0eul\xef4\xd5\x03\x98\x8b^<0\
I\xd2F1C\xa6z\x914v\x07;D\x1d\xbac\
\xfaL\xaa\x1e\xd8\xd1\xfb|\xda3I\xd2f1K\x98\
)\xd5\xac\x19=v\x08\xbbD\x9d9)U\x0f\xe8\xe8\
\x9d\x9b\xee\x9a$iV\x98)\xcc\x96j\xe6\x8c\x1e\xbb\
D\x1d\xe1Y\xac\xd5\x039z\xa7\xa5]\x93$\xcd\x1a\
\xb3\x85\x19S\xcd\x9e\xd1\xf3UT\x9d\xe0\x89+\xd7\xa4\
\xeaA\x1c\xb9\xb7\xa7\x9d\x92$\xcd\x0b3\x86YS\xcd\
\xa0\x91c\xa7\xf8\x84\xea\xc6\xdd#]\x96\xaa\x07p\xe4\
\x8eO\x92\xb4(\xcc\x9cj\x16\x8d\x1c\xbb\x85\x1d\xa3F\
\x9d\x95\xaa\x07n\xd4~\x92^\x9a$i\xd1\x98=\xcc\
\xa0j6\x8d\x1a;F\x0dzu\xaa\x1e\xb0Q\xbb>\
\x1d\x99$iY\x98A\xcc\xa2jF\x8d\x1a\xbbF\x0d\
yl\xba!U\x0f\xd6\x88\xfd(\x1d\x9a$i\xd9\x98\
E\xcc\xa4jV\x8d\x18\xbb\x86\x9d\xa3\x06p\x01\x8b\x8b\
S\xf5@\x8d\xd8w\xd3c\x92$\xb5\x82\x99\xc4l\xaa\
f\xd6\x88\xb1s\xbc\xb0Z\x03NN\xd5\x034b\x5c\
\xaer\x9f$I\xada6M\xe9r\xeb\xec\x1e-\xd1\
\xb3S\xf5\xc0\x8c\x18'\xd6^I\x92Z\xc5\x8c\x9a\xd2\
\x7f\x04\xb0\x83\xb4\x04\xf7MW\xa4\xeaA\x19-~\xb4\
\xe6\xbf\xfc%\xf5\x80Y5\x95_\x07\xb0\x83\xd8EZ\
\xb0sR\xf5\x80\x8c\x16O\xae\xf1w\xfe\x92z\xc2\xcc\
\x9a\xca\x13\x03\xd9EZ\xa0W\xa5\xea\x81\x18-^^\
\xe3\xb3\xfd%\xf5\x88\xd95\x95\x97\x08\xb2\x93\xb4\x00\x07\
\xa4)\x1cT\xbc\xc1\x86\xaf\xf3\x97\xd43f\xd8\x14\xde\
,\x88\x9d\xc4n\xd2\x1c\xf1\xb2\x8b\x8bR\xf5\x00\x8c\x96\
\xef\xf0'i\x04\xcc\xb2j\xc6\x8d\x16\xbb\xc9\x97\x06\xce\
\xd1\x09\xa9\xba\xe3G\xcb\xf7\xf6\x974\x92\xa9\x5c;\x80\
\x1d\xa5980M\xe1GI\x5ciK\x92F3\x85\
\xab\x08\xb2\xa3\xd8U\x9a\xa1]\xd2\x97Ru\x87\x8f\x14\
\xd7\xda\xf6\x92\xbe\x92F\xc4lc\xc6U\xb3o\xa4\xd8\
U\xec,\xcd\xc8q\xa9\xba\xa3G\xea\xdc\xb4k\x92\xa4\
Q1\xe3\x98u\xd5\x0c\x1c)v\x96f\xe0\xa1\xe9\xba\
T\xdd\xc9\xa3\xf4\xf9t\xd7$I\xa3c\xd61\xf3\xaa\
Y8J\xec,v\x976\xe9\xd3\xa9\xba\x83G\xe9k\
i\xcf$IS\xc1\xccc\xf6U3q\x94\xd8]\xda\
\x84\x97\xa4\xea\x8e\x1d\xa5\xef\xa4\x07&I\x9a\x1af\x1f\
3\xb0\x9a\x8d\xa3\xc4\x0e\xd3\x06\xec\x9d\xaeL\xd5\x9d:\
B|o\xfb'I\x9a*f\xe0\xe8s\x9e]\xa6u\
\xfaX\xaa\xee\xd0\x11\xe2\xf7C\x87$I\x9a:f\xe1\
\xc8\xcf\xf3b\x97i\x1dx\xfb\xc8\xea\x8e\x1c\xa5\xe7%\
I\xd2-\x98\x89\xd5\xac\x1c%\xdf\xd6}\x8dx\x86\xe8\
\xe5\xa9\xba\x13G\xe8\x94$I\xba-fc53G\
\x88\x9d\xe6+\xbd\xd6\xe0\xcd\xa9\xba\x03G\xe8\xcb\xc9\xf7\
\x8a\x96\xa4\xad1\x1b\x99\x91\xd5\xec\x1c!v\x9b\xb6c\
\x9f4\xea\x95\xfe\xaeJ\xfb&IR\x8d\x19\xc9\xac\xac\
fh\xef\xb1\xdb\xd8q\xda\x863Ru\xc7\x8d\x90\xbf\
\xf7\x97\xa4\x1d\x1b\xf9\xf9\x00\xec8\x15~5Uw\xd8\
\x08\xf9{\x7fIZ\xbb\x91\x9f\x0f\xc0\xae\xd3*;\xa7\
\xaf\xa4\xea\xce\xea=\x7f\xef/I\xeb3\xf2\xf3\x01\xd8\
u\xec<\xfd\xcc\xef\xa7\xea\x8e\xea=\x7f\xef/I\x1b\
3\xf2\xf3\x01\xd8y\x8a{\xa6\xef\xa7\xeaN\xea\xbd\xe7\
'I\xd2\xc60C\xab\xd9\xda{\xec<v\xdf\xe4\x9d\
\x94\xaa;\xa8\xf7\xde\x9b$I\x9b\xc3,\xadfl\xef\
\xb1\xfb&\xed\x11\xe9\xa6T\xdd9=\xe7\xef\xfd%i\
6F}>\x00\xbb\x8f\x1d8Y\xe7\xa4\xea\x8e\xe9\xb9\
\xab\xd3\xc3\x93$i6\x98\xa9\xcc\xd6j\xe6\xf6\x1c;\
p\x92~-UwH\xef\xf9{\x7fI\x9a\xbdQ\x9f\
\x0f\xc0.\x9c\x9c\xcf\xa6\xea\xce\xe89\x7f\xef/I\xf3\
3\xe2\xf3\x01\xd8\x85\x93\xf2\xccT\xdd\x11=\xc7k;\
\xfd\xbd\xbf$\xcd\x0f3v\xc4\xf7\x8ca'N\xc6\x17\
Su'\xf4\x9a\xbf\xf7\x97\xa4\xc5\x18\xf1\xf9\x00\xec\xc4\
I8\x22Uw@\xcf\xbd8I\x92\x16\x83\x99[\xcd\
\xe2\x9ec7\x0em\xa74\xda\x8fo\xceO\x92\xa4\xc5\
b\xf6V3\xb9\xd7\xd8\x8d\xec\xc8a\xfdf\xaa\xbe\xf1\
^\xe3u\x9c\x07$I\xd2b1{G{\x1f\x19v\
\xe4\x90\xee\x90.N\xd57\xddkoK\x92\xa4\xe5`\
\x06W\xb3\xb9\xd7\xd8\x91\xec\xca\xe1\xfcN\xaa\xbe\xe1^\
\xfbN\xba[\x92$-\x073\x98Y\x5c\xcd\xe8^c\
W\x0ee\x97tY\xaa\xbe\xd9^\xfb\xad$IZ.\
fq5\xa3{\x8d]\xc9\xce\x1c\xc6\x8bR\xf5\x8d\xf6\
\xdayI\x92\xd4\x06fr5\xab{\x8d\x9d9\x04~\
\x9f\xf1\xf5T}\x93=vc\xda/I\x92\xda\xc0L\
f6W3\xbb\xc7\xd8\x99C<\x17\xe0\xb9\xa9\xfa\x06\
{\xed/\x92$\xa9-\xcc\xe6jf\xf7\x1a\xbb\xb3{\
#\xbd\xe7\xff\x7f\xa4;'IR[\x98\xcd\xcc\xe8j\
v\xf7X\xf7\xd7\x0888U\xdfX\xaf\x0d\xffNM\
\x92\xd4\xb1\xd1\xdei\x96\x1d\xda\xad3S\xf5M\xf5\xd8\
'\x92$\xa9m\xcc\xeaj\x86\xf7\x18;\xb4K\x0fK\
7\xa7\xea\x9b\xea\xad\xeb\xd2\x83\x93$\xa9m\xccjf\
v5\xcb{\x8b\x1d\xca.\xed\xce\xbbR\xf5\x0d\xf5\xd8\
\x1b\x92$\xa9\x0f\xcc\xecj\x96\xf7\x18\xbb\xb4+{\xa6\
Q\xfe\x0b\x8c7e\xd8-I\x92\xfa\xc0\xcc\x1e\xe5\xcd\
\xe7\xd8\xa5\xec\xd4n\x8c\xf4__\xbf\x9e$I}a\
vW3\xbd\xc7\xba\xf9)\xf4\xee\xe9\x8aT}\x13\xbd\
\xf5\xb1$I\xea\x133\xbc\x9a\xed\xbd\xc5Ne\xb76\
\xef\xe5\xa9\xfa\x06z\xeb\xda\xf4KI\x92\xd4'f8\
\xb3\xbc\x9a\xf1\xbd\xc5nm\xde%\xa9\xba\xf1\xbd\xe5\xa5\
~%\xa9\x7f\xa3\x5c2\x98\xdd\xda\xb4\xa7\xa4\xea\x86\xf7\
\xd6\x0d\xe9~I\x92\xd47f93\xbd\x9a\xf5\xbd\xc5\
\x8em\xd6\xa9\xa9\xba\xd1\xbd\xd5\xdd\xcb.$I\xdb4\
\xca\xcb\xd2\xd9\xb1M\xbaW\xba>U7\xba\xa7nJ\
\x0fJ\x92\xa410\xd3\x99\xed\xd5\xcc\xef)v,\xbb\
\xb69\xc7\xa4\xea\x06\xf7\xd6\x07\x93$i,\xcc\xf6j\
\xe6\xf7\x16\xbb\xb69\x17\xa5\xea\xc6\xf6\x14o\xbb\xf8\xf0\
$I\x1a\x0b\xb3}\x84\xb7\xa7g\xd76\xe5\xa0T\xdd\
\xd0\xde:=I\x92\xc6\xc4\x8c\xaff\x7fo\xb1s\x9b\
\xf1\xfeT\xdd\xc8\xdezL\x92$\x8d\x89\x19_\xcd\xfe\
\xdeb\xe76\xe1\xee\xe9\x9aT\xdd\xc8\x9e:+I\x92\
\xc6\xc6\xac\xafv@O\xb1s\xd9\xbdK\xf7\x8aT\xdd\
\xc0\xde\xfa\x95$I\x1a\x1b\xb3\xbe\xda\x01\xbd\xc5\xee]\
\xba\x0bSu\xe3z\xea\xdc$I\x9a\x06f~\xb5\x0b\
z\x8a\xdd\xbbT\x8fO\xd5\x0d\xeb\xad\xa6\xdf]I\x92\
4S\xa3\xbck-;xiNJ\xd5\x8d\xea\xa9\xf3\
\x93$iZ\x98\xfd\xd5N\xe8)v\xf0R\xdc!}\
7U7\xaa\xa7\x0eK\x92\xa4ia\xf6W;\xa1\xa7\
\xd8\xc1\xec\xe2\x85\x1b\xe1G(_H\x92\xa4ib\x07\
T\xbb\xa1\xa7\x96\xf2+\xecw\xa6\xea\xc6\xf4\xd4\x11I\
\x924M\xec\x80j7\xf4\x14\xbbx\xa1vNW\xa4\
\xea\xc6\xf4\xd2W\xd3NI\x924M\xec\x00vA\xb5\
#z\x89]\xccN^\x98\xa7\xa7\xea\x86\xf4\xd4o'\
I\xd2\xb4\xb1\x0b\xaa\x1d\xd1S\xec\xe4\x85yO\xaan\
D/};-\xf4\xbf\x98$IMb\x17\xb0\x13\xaa\
]\xd1K\xec\xe4\x85\xd8%}?U7\xa2\x97\xfe4\
I\x92\x04vB\xb5+z\x89\x9d\xccn\x9e\xbb\xde_\
:\xc1\xe5 \x1f\x90$I\x02;\xa1\xf7K\x05/\xe4\
%\xed\xbd_\xf9\xef\x93I\x92\xa4\xd5\xd8\x0d\xd5\xce\xe8\
\xa5\xb9_!p\xd7te\xaa\xfe\xf2^:2I\x92\
\xb4\x1a\xbb\xa1\xda\x19\xbd\xc4nfG\xcf\xcd3S\xf5\
\x17\xf7\xd2\x7f\xa5\x85\xfc\x9eD\x92\xd4\x15v\x03;\xa2\
\xda\x1d\xbd\xc4\x8e\x9e\x9bSR\xf5\x97\xf6\xd2\x9b\x93$\
I\x15vD\xb5;z\x89\x1d=7\xff\x99\xaa\xbf\xb4\
\x97\x1e\x92$I\xaa\xb0#\xaa\xdd\xd1K\xec\xe8\xb9x\
t\xaa\xfe\xc2^:/I\x92\xb4=\xec\x8aj\x87\xf4\
\x12\xbbz\xe6\xfe0U\x7fY/\x1d\x9d$I\xda\x1e\
vE\xb5Cz\x89]=s=\xffW\xd1\xd5i\x8f\
$I\xd2\xf6\xb0+\xd8\x19\xd5.\xe9\xa1\x99\xff\xb4\xfb\
\xae\xe9\xc6T\xfde=\xf4\xe1$I\xd2Z\xb03\xaa\
]\xd2C\xecjv\xf6\xcc\x1c\x9e\xaa\xbf\xa8\x97\xbc\xec\
\xaf$i\xadz\xbfL0;{fNN\xd5_\xd2\
C?N\xbb%I\x92\xd6\x82\x9d\xc1\xee\xa8vJ\x0f\
\xb1\xb3g\xe6[\xa9\xfaKz\xe8CI\x92\xa4\xf5`\
wT;\xa5\x87\xd8\xd93\xb1_\xaa\xfe\x82^zV\
\x92$i=\xd8\x1d\xd5N\xe9%v\xf7\xa6\xbd2U\
_\xbc\x87\xe6\xfe\xde\xc8\x92\xa4!\xf5~\xed\x1bv\xf7\
\xa6\x9d\x93\xaa/\xdeCs\xbf:\x92$iX=_\
\xfd\x96\xdd\xbd)\xfc\x17\xd0u\xa9\xfa\xe2=\xb4\x90\xeb\
#K\x92\x86\xc4\x0e\xa9vK\x0f\xb1\xbb7\xf5\x13\xf0\
'\xa4\xea\x0b\xf7\x10?\xba\xb9c\x92$i#\xd8!\
=\xff\x1a\x80\x1d\xbea\xafI\xd5\x17\xed\xa1\xd3\x92$\
I\x9b\xc1.\xa9vL\x0f\xb1\xc37\xec\x8cT}\xd1\
\x1ezA\x92$i3\xd8%\xd5\x8e\xe9!v\xf8\x86\
]\x91\xaa/\xdaC{'I\x926\x83]R\xed\x98\
\x1eb\x87o\xc8\xbe\xa9\xfa\x82=\xf4\xa5$I\xd2,\
\xb0S\xaa]\xd3C\xec\xf2u{a\xaa\xbeX\x0f\xbd\
)I\x924\x0b\xec\x94j\xd7\xf4\x10\xbb|\xdd\xfe&\
U_\xac\x87\x0eI\x92$\xcd\x02;\xa5\xda5=\xc4\
._\xb7KR\xf5\xc5Z\xefGi\x97$I\xd2,\
\xb0S\xd8-\xd5\xcei=v\xf9\xba\xec\x99\xaa/\xd4\
C\xff;I\x924K\xec\x96j\xe7\xf4\x10;}\xcd\
\xb8\x96p\xf5Ez\xe8EI\x92\xa4Yb\xb7T;\
\xa7\x87\xd8\xe9k\xf6\x96T}\x91\x1e\xba\x7f\x92$i\
\x96\xd8-\xd5\xce\xe9!v\xfa\x9a\x9d\x9f\xaa/\xd2z\
3\xbb\x06\xb2$I\xb7\xc3\x8e\xa9vO\xeb\xb1\xd3\xd7\
d\xa7tu\xaa\xbeH\xeb}(I\x924\x0f\xec\x98\
j\xf7\xb4\x1e;\x9d\xdd\xbeC\xfb\xa4\xea\x0b\xf4\xd0\xcb\
\x92$I\xf3\xc0\x8e\xa9vO\x0f\xb1\xdbw\xa8\xe7'\
\x00>*I\x924\x0f\xec\x98j\xf7\xf4\xd0\x9a\x9e\x08\
x|\xaa\xfep\xeb\xfd0\xad\xe9G\x1c\x92$m\x00\
;\x86]S\xed\xa0\xd6c\xb7\xef\xd0GR\xf5\x87[\
\xef\xac$I\xd2<\xb1k\xaa\x1d\xd4z\xec\xf6\x1d\xea\
\xf5\x1d\x00\x8fK\x92$\xcd\x13\xbb\xa6\xdaA\xad\xb7\xc3\
w\x04\xdc#\xdd\x9c\xaa?\xdcz\x07'I\x92\xe6\x89\
]S\xed\xa0\xd6c\xb7\xb3\xe3\xb7\xe9\xf1\xa9\xfa\x83\xad\
wC\xda-I\x924O\xec\x1avN\xb5\x8bZ\x8f\
\x1d\xbfM\xbd^\x02\xf8\x82$I\xd2\x22\xb0s\xaa]\
\xd4z\xdb\xbd4\xf0\x89\xa9\xfaC\xad\xf7\x8e$I\xd2\
\x22\xb0s\xaa]\xd4z\xec\xf8m:/U\x7f\xa8\xf5\
|\x03 I\xd2\xa2\xf4\xfa\x86@\xec\xf8m\xfa^\xaa\
\xfeP\xeb\x1d\x94$IZ\x04vN\xb5\x8bZ\x8f\x1d\
_\xbaO\xaa\xfe@\x0f\xdd=I\x92\xb4\x08\xec\x9cj\
\x17\xf5\x10\xbb~+\x07\xa6\xea\x93[\xcf+\x00J\x92\
\x16\xad\xd7+\x03\xb2\xeb\xb7\xf2\xdcT}r\xeb\xfd]\
\x92$i\x91\xd8=\xd5Nj=v\xfdV^\x93\xaa\
On\xbd?O\x92$-\x12\xbb\xa7\xdaI\xad\xc7\xae\
\xdfJ\xaf/k\xf8_I\x92\xa4Eb\xf7T;\xa9\
\xf5\xca\x97\xcd\x9f\x9d\xaaOn\xbdG$I\x92\x16\x89\
\xddS\xed\xa4\xd6c\xd7o\xe5\xe2T}r\xcb]\x9f\
vI\x92$-\x12\xbb\x87\x1dT\xed\xa6\x96c\xd7o\
\xe5\xbaT}r\xcb]\x94$IZ\x06vP\xb5\x9b\
Z\x8e]\x7f\x1b{\xa5\xea\x13[\x8f\xeb2K\x92\xb4\
\x0c\xec\xa0j7\xb5\x1e;\x7f\x8b_I\xd5'\xb5\xde\
_'I\x92\x96\x81\x1dT\xed\xa6\xd6c\xe7o\xf1\x9b\
\xa9\xfa\xa4\xd6{U\x92$i\x19\xd8A\xd5nj=\
v\xfe\x16\xc7\xa5\xea\x93Z\xef\x88$I\xd22\xb0\x83\
\xaa\xdd\xd4z\xec\xfc-\xde\x95\xaaOj\xbd\xc7&I\
\x92\x96\x81\x1dT\xed\xa6\xd6c\xe7o\xd1\xeb[\x1a\xde\
3I\x92\xb4\x0c\xec\xa0j7\xb5\xdem\xdeB\xff\x82\
T}R\xcb\xfd(I\x92\xb4L\xec\xa2jG\xb5\x1c\
;\x7f\x8bKR\xf5I-wa\x92$i\x99\xd8E\
\xd5\x8ej9v\xfe\x16?H\xd5'\xb5\xdcG\x93$\
I\xcb\xc4.\xaavT\xcb\xb1\xf3\x7fj\xe7ts\xaa\
>\xa9\xe5\xde\x9a$IZ&vQ\xb5\xa3Z\x8e\x9d\
\xcf\xee_\xd9\xf3g\x1f\xe8\xad\xd7%I\x92\x96\x89]\
T\xed\xa8\xd6c\xf7\xaf<|\xd5\x07z\xea\xa5I\x92\
\xa4eb\x17U;\xaa\xf5\xd8\xfd+OZ\xf5\x81\x9e\
:2I\x92\xb4L\xec\xa2jG\xb5\x1e\xbb\x7f\xe5\xf0\
U\x1f\xe8\xa9C\x93$I\xcb\xc4.\xaavT\xeb\xb1\
\xfbW^\xb8\xea\x03=\xf5\xa8$I\xd22\xb1\x8b\xaa\
\x1d\xd5z\xec\xfe\x95cW}\xa0\xa7\xf6N\x92$-\
\x13\xbb\xa8\xdaQ\xad\xc7\xee_\xf9\xcbU\x1f\xe8\xa9]\
\x93$I\xcb\xc4.\xaavT\xeb\xb1\xfbW\xde\xb7\xea\
\x03\xbdtU\x92$\xa9\x05\xec\xa4jW\xb5\x1c\xbb\x7f\
\xe5\xb4U\x1f\xe8\xa5o$I\x92Z\xc0N\xaavU\
\xcb\xb1\xfbW\xce\x5c\xf5\x81^\xfa\x5c\x92$\xa9\x05\xec\
\xa4jW\xb5\x1c\xbb\x7f\xe5\x13\xab>\xd0K\xe7&I\
\x92Z\xc0N\xaavU\xcb\xb1\xfbW\xce[\xf5\x81^\
\xfax\x92$\xa9\x05\xec\xa4jW\xb5\x1c\xbb\x7f\xe5\xfc\
U\x1f\xe8%\xaf\x04(IjE\x8fW\x04d\xf7w\
\xf9\xbb\x8b\xbfM\x92$\xb5\x80\x9dT\xed\xaa\x96\xfb\xe9\
s\xe9\xbe\xbc\xea\x03\xbd\xf4\x81$IR\x0b\xd8I\xd5\
\xaej9v\xff\xca%\xab>\xd0K\xefN\x92$\xb5\
\x80\x9dT\xed\xaa\x96c\xf7\xaf|s\xd5\x07z\xe9\xa4\
$IR\x0b\xd8I\xd5\xaej9v\xff\xcawV}\
\xa0\x97NH\x92$\xb5\x80\x9dT\xed\xaa\x96c\xf7\xaf\
\xfc`\xd5\x07z\xe9\x8dI\x92\xa4\x16\xb0\x93\xaa]\xd5\
r\xec\xfe\x95\xabW}\xa0\x97\xfe8I\x92\xd4\x02v\
R\xb5\xabZ\x8e\xdd\xbfr\xd3\xaa\x0f\xf4\xd2qI\x92\
\xa4\x16\xb0\x93\xaa]\xd5r\xec~\xff\x03@\x92\xa4M\
\xe8\xf6?\x00\xfc\x15\x80$I\x1b\xd7\xed\xaf\x00|\x12\
\xa0$I\x1b\xd7\xed\x93\x00}\x19\xa0$I\x1b\xd7\xed\
\xcb\x00}# I\x926\xae\xdb7\x02\xf2\xad\x80%\
I\xda\xb8n\xdf\x0a\xd8\x8b\x01I\x92\xb4q\xdd^\x0c\
\xc8\xcb\x01K\x92\xb4q\xdd^\x0e\xf8\xfcU\x1f\xe8\xa5\
\x8f&I\x92Z\xc0N\xaavU\xcb\xb1\xfbW\xce[\
\xf5\x81^\xfax\x92$\xa9\x05\xec\xa4jW\xb5\x1c\xbb\
\x7f\xe5\x13\xab>\xd0K\xe7&I\x92Z\xc0N\xaav\
U\xcb\xb1\xfbW\xce\x5c\xf5\x81^\xfa\xe9\xef.$I\
j@\x8f\xcf\xa5c\xf7\xaf\x9c\xb6\xea\x03\xbd\xf4\x8d$\
IR\x0b\xd8I\xd5\xaej9v\xff\xca\xfbV}\xa0\
\x97\xaeJ\x92$\xb5\x80\x9dT\xed\xaa\x96c\xf7\xaf\xfc\
\xe5\xaa\x0f\xf4\xd4\xaeI\x92\xa4eb\x17U;\xaa\xf5\
\xd8\xfd+\xc7\xae\xfa@O\xed\x9d$IZ&vQ\
\xb5\xa3Z\x8f\xdd\xbf\xf2\xa2U\x1f\xe8\xa9G%I\x92\
\x96\x89]T\xed\xa8\xd6c\xf7\xaf\x1c\xbe\xea\x03=u\
h\x92$i\x99\xd8E\xd5\x8ej=v\xff\xca\x93V\
}\xa0\xa7\x8eL\x92$-\x13\xbb\xa8\xdaQ\xad\xc7\xee\
_\xd9o\xd5\x07z\xea\xa5I\x92\xa4eb\x17U;\
\xaa\xf5\xd8\xfd+{\xae\xfa@O\xbd.I\x92\xb4L\
\xec\xa2jG\xb5\x1e\xbb\x7fe\xe7U\x1f\xe8\xa9\xb7&\
I\x92\x96\x89]T\xed\xa8\xd6c\xf7\xff\xd4\x0fS\xf5\
\x09-\xe7\x15\x01%I\xcb\xd6\xe3\x95\x00\xd9\xf9[|\
-U\x9f\xd4r\x17&I\x92\x96\x89]T\xed\xa8\x96\
c\xe7oqA\xaa>\xa9\xe5\xaeL\x92$-\x13\xbb\
\xa8\xdaQ-\xc7\xce\xdf\xe2\xefR\xf5I\xad\xf7\x0bI\
\x92\xa4e`\x07U\xbb\xa9\xf5\xd8\xf9[\xbc;U\x9f\
\xd4z\x8fM\x92$-\x03;\xa8\xdaM\xad\xc7\xce\xdf\
\xa2\xd7\x971<'I\x92\xb4\x0c\xec\xa0j7\xb5\xde\
m^F\x7ft\xaa>\xa9\xf5^\x99$IZ\x06v\
P\xb5\x9bZ\x8f\x9d\xbf\xc5\x13R\xf5I\xadwR\x92\
$i\x19\xd8A\xd5nj=v\xfe\x16\xf7M\xd5'\
\xb5\xde\xdf'I\x92\x96\x81\x1dT\xed\xa6\xd6c\xe7\xdf\
\xc6u\xa9\xfa\xc4\x96\xfbj\x92$i\x19\xd8A\xd5n\
j9v\xfdV.N\xd5'\xb7\x1c\xdf\xc8\x96\xb73\
\x94$iA\xd8==\xfe\xc3\x99]\xbf\x95\xb3S\xf5\
\xc9\xad\xf7\xd3+\x1aI\x92\xb4@\xbd^I\x97]\xbf\
\x95w\xa4\xea\x93[\xef\xa8$I\xd2\x22\xb1{\xaa\x9d\
\xd4z\xec\xfa\xad\xbc&U\x9f\xdcz\x7f\x96$IZ\
$vO\xb5\x93Z\x8f]\xbf\x95\xe7\xa6\xea\x93[\xef\
\xcc$I\xd2\x22\xb1{\xaa\x9d\xd4z\xec\xfa\xad\x1c\x98\
\xaaOn\xbdo&I\x92\x16\x89\xddS\xed\xa4\xd6c\
\xd7o\xe5>\xa9\xfa\xe4\x1e\xba[\x92$i\x11\xd89\
\xd5.\xea!v}\xe9{\xa9\xfa\x03\xad\xf7\xc4$I\
\xd2\x22\xb0s\xaa]\xd4z\xec\xf8m:/U\x7f\xa8\
\xf5^\x96$IZ\x04vN\xb5\x8bZ\x8f\x1d\xbfM\
'\xa6\xea\x0f\xb5^\xf9\xb2\x06I\x92\xe6\xa0\xd7\x97\xcd\
\xb3\xe3\xb7\xe9\x85\xa9\xfaC\xadwA\x92$i\x11\xd8\
9\xd5.j=v\xfc6=>U\x7f\xa8\xf5nH\
\xbb%I\x92\xe6\x89]\xc3\xce\xa9vQ\xeb\xb1\xe3\xb7\
i\x8fts\xaa\xfe`\xeb=)I\x924O\xec\x9a\
j\x07\xb5\x1e\xbb\x9d\x1d\xbf]\x97\xa4\xea\x0f\xb7\xdek\
\x93$I\xf3\xc4\xae\xa9vP\xeb\xb1\xdbw\xe8#\xa9\
\xfa\xc3\xadwV\x92$i\x9e\xd85\xd5\x0ej=v\
\xfb\x0e\x1d\x9f\xaa?\xdcz?H;%I\x92\xe6\x81\
\x1d\xc3\xae\xa9vP\xeb\xb1\xdbw\xe8\xf0T\xfd\xe1\x1e\
zd\x92$i\x1e\xd81\xd5\xee\xe9!v\xfb\x0e\xed\
\x93\xaa?\xdcC/M\x92$\xcd\x03;\xa6\xda==\
\xc4n\xdf!~\xc4qu\xaa\xbe@\xeb}0I\x92\
4\x0f\xec\x98j\xf7\xb4\x1e;}\xcd\xbf\x22??U\
_\xa4\xf5\xbe\x91$I\x9a\x07vL\xb5{Z\x8f\x9d\
\xbefoI\xd5\x17\xe9\xa1\xfb%I\x92f\x89\xddR\
\xed\x9c\x1eb\xa7\xafY\xcfO\x04|A\x92$i\x96\
\xd8-\xd5\xce\xe9\xa15=\x01\xf0\xe7\xf6L\xd5\x17\xe9\
\xa1\xd3\x93$I\xb3\xc4n\xa9vN\x0f\xb1\xd3\xd7\xa5\
\xd7w\x04\xbc2\xed\x92$I\x9a\x05v\x0a\xbb\xa5\xda\
9\xad\xb7\xa6w\x00\xbc\xbd\xbfI\xd5\x17\xeb\xa1\x83\x93\
$I\xb3\xc0N\xa9vM\x0f\xb1\xcb\xd7\xad\xd7K\x03\
\xd3\x1b\x93$I\xb3\xc0N\xa9vM\x0fm\xf7\x12\xc0\
\xdb\xb2o\xaa\xbeX\x0f]\x98$I\x9a\x05vJ\xb5\
kz\x88]\xbe!W\xa4\xea\x0b\xf6\xd0\xdeI\x92\xa4\
\xcd`\x97T;\xa6\x87\xd8\xe1\x1bvF\xaa\xbeh\x0f\
\xfd^\x92$i3\xd8%\xd5\x8e\xe9!v\xf8\x86\xbd\
&U_\xb4\x87NK\x92$m\x06\xbb\xa4\xda1=\
\xc4\x0e\xdf\xb0'\xa4\xea\x8b\xf6\x10/\xd9\xb8c\x92$\
i#\xd8!\xbd\xbe\xfc\x8f\xd8\xe1\x1b\xb6k\xba.U\
_\xb8\x87\x0eK\x92$m\x04;\xa4\xda-=\xc4\xee\
f\x87o\xca9\xa9\xfa\xe2=\xf4\xfe$I\xd2F\xb0\
C\xaa\xdd\xd2C\xec\xeeM{e\xaa\xbex\x0f\xf1\xa3\
\x9bM\xff\x17\x90$ir\xd8\x1d=\xff\xf8\x9f\xdd\xbd\
i\xfb\xa5\xea\x8b\xf7\xd2\xb3\x92$I\xeb\xc1\xee\xa8v\
J/\xb1\xbbg\xe2[\xa9\xfa\x0bz\xe8CI\x92\xa4\
\xf5`wT;\xa5\x87\xd8\xd93sr\xaa\xfe\x92\x1e\
\xfaq\xda-I\x92\xb4\x16\xec\x0cvG\xb5Sz\x88\
\x9d=3\x5cK\xb8\xfaKz\xe9\x88$I\xd2Z\xb0\
3\xaa]\xd2K\xec\xec\x99\xb9k\xba1U\x7fQ\x0f\
}8I\x92\xb4\x16\xec\x8cj\x97\xf4\x10\xbb\x9a\x9d=\
S\xe7\xa5\xea/\xeb\xa1\xab\xd3\x1eI\x92\xa4\xedaW\
\xb03\xaa]\xd2C\xec\xea\x99\xfb\xc3T\xfde\xbdt\
t\x92$i{\xd8\x15\xd5\x0e\xe9%v\xf5\xcc=:\
U\x7fY/\xcd\xe5\xbf\x8a$IC\xe9\xf9\xa7\xdd\xc4\
\xae\x9e\x8b\xffL\xd5_\xd8K\x0fI\x92$U\xd8\x11\
\xd5\xee\xe8%v\xf4\xdc\x9c\x92\xaa\xbf\xb4\x97\xde\x9c$\
I\xaa\xb0#\xaa\xdd\xd1K\xec\xe8\xb9yf\xaa\xfe\xd2\
^\xfa\xaf\xb4K\x92$i5v\x03;\xa2\xda\x1d\xbd\
\xc4\x8e\x9e\x9b\xde\xdf\x1b\x99\x8eL\x92$\xad\xc6n\xa8\
vF/-\xe4\xda7=_\x1d\x89>\x99$IZ\
\x8d\xddP\xed\x8c^Z\xc8\xd5o{\xbe>2\xdd\x9c\
\x1e\x90$I\x02;\x81\xddP\xed\x8c^b7\xcf\x1d\
\xbf'\xf9~\xaan@/\xfdi\x92$\x09\xec\x84j\
W\xf4\x12;ya\xcfo{O\xaanD/};\
\xed\x9c$I\xd3\xc6.`'T\xbb\xa2\x97\xd8\xc9\x0b\
\xf3\xf4T\xdd\x88\x9e\xfa\xed$I\x9a6vA\xb5#\
z\x8a\x9d\xbc0\xfc\x17\xd3\x15\xa9\xba!\xbd\xf4\xd5\xb4\
S\x92$M\x13;\x80]P\xed\x88^b\x17/\xfc\
'\xda\xefL\xd5\x8d\xe9)/\x13,I\xd3\xd5\xfbe\
\x7f\x89]\xbcpOI\xd5\x8d\xe9\xa9\xcf'I\xd24\
\xb1\x03\xaa\xdd\xd0S\xec\xe2\x85\xbbC\xfan\xaanP\
O\xfd\xcf$I\x9a\x16f\x7f\xb5\x13z\x8a\x1d\xcc.\
^\x8a\x93Ru\xa3z\xea3I\x924-\xcc\xfej\
'\xf4\x14;xi\x1e\x9f\xaa\x1b\xd5[ON\x92\xa4\
i`\xe6W\xbb\xa0\xb7\xd8\xc1Kua\xaanXO\
\xfd\x9f$I\x9a\x06f~\xb5\x0bz\x8a\xdd\xbbt\xaf\
H\xd5\x8d\xeb\xad\xff\x91$Icc\xd6W;\xa0\xb7\
\xd8\xbdKw\xf7tM\xaan`O\xfd]\x92$\x8d\
\x8dY_\xed\x80\x9eb\xe7\xb2{\x9b\xd0\xfb\x15\x02\x7f\
\xde\xfeI\x924&f|5\xfb{k!W\xfe[\
\xab\x83Ru#{\xeb\xc3I\x924&f|5\xfb\
{\x8b\x9d\xdb\x94\x8bRuC{\xea'\xe9aI\x92\
4\x16f;3\xbe\x9a\xfd=\xc5\xaem\xce1\xa9\xba\
\xb1\xbd\xf5\xbe$I\x1a\x0b\xb3\xbd\x9a\xf9\xbd\xc5\xaem\
\xce\xbd\xd2\xf5\xa9\xba\xc1=ucz@\x92$\x8d\x81\
\x99\xcel\xaff~O\xb1c\xd9\xb5M:5U7\
\xba\xb7\xde\x91$Ic`\xa6W\xb3\xbe\xb7\xd8\xb1\xcd\
\x1a\xe1\x02At]\xda;I\x92\xfa\xc6,g\xa6W\
\xb3\xbe\xb7\x96r\xe1\x9f\xf5\xb8$U7\xbc\xb7NH\
\x92\xa4\xbe1\xcb\xab\x19\xdf[\xec\xd6\xe6\xbd<U7\
\xbe\xb7\xaeN\xf7K\x92\xa4>1\xc3\x99\xe5\xd5\x8c\xef\
-vk\xf3vOW\xa4\xea\x1b\xe8\xad\xd3\x93$\xa9\
O\xcc\xf0j\xb6\xf7\x16;\x95\xdd\xda\x857\xa4\xea\x9b\
\xe8\xb1g$IR_\x98\xdd\xd5L\xef1vj7\
\xf6L\xa3<\xe9\xe2k\xe9NI\x92\xd4\x07f6\xb3\
\xbb\x9a\xe9\xbd\xc5.e\xa7v\xe5]\xa9\xfafz\xec\
\x8f\x92$\xa9\x0f\xcc\xecj\x96\xf7\x18\xbb\xb4;\xbc\xed\
\xe2\xcd\xa9\xfa\x86z\xeb\xda\xf4\xa0$Ij\x1b\xb3\x9a\
\x99]\xcd\xf2\xdeb\x87v\xfb\xf6\xf4g\xa6\xea\x9b\xea\
\xb1\xb3\x92$\xa9m\xcc\xeaj\x86\xf7\x18;\xb4[\x07\
\xa7\xea\x9b\xea\xb5\xc3\x93$\xa9M\xcc\xe8jv\xf7\x1a\
;\xb4k\x9fM\xd57\xd6c\xdfJ{$IR[\
\x98\xcd\xcc\xe8jv\xf7\x18\xbb\xb3{\xcfM\xd57\xd7\
koJ\x92\xa4\xb60\x9b\xab\x99\xddk\xec\xce\xee\xdd\
!}=U\xdf`\x8f\xdd\x90\xf6M\x92\xa460\x93\
\x99\xcd\xd5\xcc\xee1v&\xbbs\x08/J\xd57\xd9\
k\x9fJ\x92\xa460\x93\xabY\xddk\xec\xcca\xec\
\x92.K\xd57\xdakG'I\xd2r1\x8b\xab\x19\
\xddk\xecJv\xe6P~'U\xdfl\xaf]\x9e\xee\
\x96$I\xcb\xc1\x0cf\x16W3\xba\xd7\xd8\x95\xc3\xe1\
\xf7\x19\x17\xa7\xea\x1b\xee\xb5\x13\x93$i9\x98\xc1\xd5\
l\xee5v\xe40\xbf\xfb\xbf\xbd\xdfL\xd57\xddk\
7\xa5\xfd\x93$i\xb1\x98\xbd\xcc\xe0j6\xf7\x1a;\
rX;\xa5\xaf\xa4\xea\x1b\xef\xb5\xf3\x93$i\xb1\x98\
\xbd\xd5L\xee5v#;rhG\xa4\xea\x9b\xef\xb9\
\x17'I\xd2b0s\xabY\xdcs\xec\xc6I\xf8b\
\xaa\xee\x80^\xbb:=<I\x92\xe6\x8bY\xcb\xcc\xad\
fq\xaf\xb1\x13'\xe3\x99\xa9\xba\x13z\x8e\x1f\xdf\xec\
\x9e$I\xf3\xc1\x8c\x1d\xed\xd7\xc8\xc4N\x9c\x94\x91\xae\
\x11\xf0\xf3\xde\x9b$I\xf3\xc1\x8c\xadfo\xcf\x0d\xf1\
\x9e\xff\xeb\xf5k\xa9\xba3z\xef\xf9I\x924[\xcc\
\xd6j\xe6\xf6\x1e\xbbp\x92\xceI\xd5\x1d\xd2s>\x1f\
@\x92fk\xc4\xdf\xfb\x13;p\xb2\x1e\x91F{\x1d\
'}9\xf9|\x00I\xda<f)3\xb5\x9a\xb5=\
\xc7\xeec\x07N\xdaI\xa9\xbasz\xcf\xe7\x03H\xd2\
\xe6\x8d\xf8{\x7fb\xf7M\xde=\xd3\xf7Su\x07\xf5\
\x9e\xcf\x07\x90\xa4\x8d\x1b\xf5\xf7\xfe\xec<v\x9f\xe2\xf7\
Su'\xf5\xdeU\x89\xebTK\x92\xd6\x87\xd9\xc9\x0c\
\xadfk\xef\xb1\xf3\xf43;\xa7\x11_\xdbI>\x1f\
@\x92\xd6g\xd4\xdf\xfb\x13\xbb\x8e\x9d\xa7U~5U\
w\xd6\x08\x9d\x92$Ik\xc3\xcc\xacf\xe9\x08\xb1\xeb\
T8#Uw\xd8\x08=/I\x92\xb6\x8fYY\xcd\
\xd0\x11b\xc7i\x1b\xf6I\xd7\xa7\xea\x8e\xeb=\x9f\x0f\
 I\xdb7\xf2\xef\xfd\xd9m\xec8m\xc7\x9bSu\
\xe7\x8d\x90\xcf\x07\x90\xa4\xda\xc8\xbf\xf7'v\x9bv\xe0\
\xae\xe9\xf2T\xdd\x81#\xe4\xf3\x01$ik#\xff\xde\
\x9f\x9d\xc6n\xd3\x1a\x1c\x99\xaa;q\x94|>\x80$\
\xddj\xe4\xdf\xfb\x13;M\xeb\xf0\xb1T\xdd\x91#t\
]:$I\xd2\xd41\x0b\x99\x89\xd5\xac\x1c!v\x99\
\xd6i\xefte\xaa\xee\xd0\x11\xe2{\xdb?I\xd2T\
1\x03G\x9f\xf3\xec2m\xc0KRu\xa7\x8e\xd2w\
\xd2\x03\x93$M\x0d\xb3\x8f\x19X\xcd\xc6Qb\x87i\
\x13>\x9d\xaa;v\x94\xbe\x96\xf6L\x924\x15\xcc<\
f_5\x13G\x89\xdd\xa5Mzh\x1a\xf9\xf7C\xf4\
\xf9\xe43D%M\x01\xb3\x8e\x99W\xcd\xc2Qbg\
\xb1\xbb4\x03\xc7\xa5\xeaN\x1e\xa9s\xd3\xaeI\x92F\
\xc5\x8cc\xd6U3p\xa4\xd8Y\x9a\x91]\xd2\x97R\
uG\x8f\xd4ii\xa7$I\xa3a\xb61\xe3\xaa\xd9\
7R\xec*v\x96f\xe8\xc0\xf4\x93T\xdd\xe1#\xf5\
\xf6$I\xa3a\xb6U3o\xa4\xd8Q\xec*\xcd\xc1\
\x09\xa9\xba\xd3G\xeb\xf8$I\xa3`\xa6U\xb3n\xb4\
\xd8Q\x9a\x13\xde+\xfa\xa2T\xdd\xf1\xa3\xf5\xd2$I\
\xbdc\x96U3n\xb4\xd8M^\xebe\xce\x0eH\xa3\
^1pu\xfc(\xc9\xb7\x8f\x94\xd43f\xd8\x14~\
u\xcbNb7i\x01^\x95\xaa\x07a\xb48\xa8\x0e\
M\x92\xd4\x1bf\xd7\x14\xfe\xb1F\xec$-\xd09\xa9\
z F\xebG\xe91I\x92z\xc1\xccbvU3\
m\xb4\xd8EZ\xb0\xfb\xa6+R\xf5\x80\x8c\xd6w\xd3\
>I\x92Z\xc7\xacbfU\xb3l\xb4\xd8A\xec\x22\
-\xc1\xb3S\xf5\xa0\x8c\xd8\xa5i\xaf$I\xadbF\
1\xab\xaa\x196b\xec -\xd1\xc9\xa9z`F\x8c\
\x13\xebAI\x92Z\xc3l\x9a\xd2\xf2g\xf7h\xc9x\
\xd9\xc5\xc5\xa9z\x80F\x8c\xabg\xf9lSI-a\
&\x8d~e\xbf\xd5\xb1s|\xc9_#\x1e\x9bnH\
\xd5\x035b\x5cc\xfa\xc9I\x92\x96\x8dY4\xf25\
\xfdo\x1f\xbb\x86\x9d\xa3\x86\xbc:U\x0f\xd6\xa8q\xb5\
\xa9\xe7$IZ\x16f\xd0\xe8Wk\xbd}\xec\x1a5\
\xe8\xacT=`\xa3\xc6\x1bl\xbc8I\xd2\xa21{\
\xa6\xf0&?\xabc\xc7\xa8Q\xf7H\x97\xa5\xea\x81\x1b\
\xb9\xd7'IZ\x14fN5\x8bF\x8e\xdd\xc2\x8eQ\
\xc3\xf6O\xd7\xa4\xea\x01\x1c\xb9\xb7%/%,i\x9e\
\x981\xcc\x9aj\x06\x8d\x1c;\x85\xdd\xa2\x0e</U\
\x0f\xe2\xe8\x9d\x9a\xee\x98$i\xd6\x98-\xcc\x98j\xf6\
\x8c\x1e;E\x1d9)U\x0f\xe4\xe8}2\xdd9I\
\xd2\xac0S\x98-\xd5\xcc\x19=v\x89:\xc3\x7f\xad\
~&U\x0f\xe8\xe8\xfdk\xbaW\x92\xa4\xcdb\x960\
S\xaaY3z\xec\x10\x7f\xaa\xda\xa9\xbd\xd3\x94\xde\x9c\
bu\xff\x9e\xee\x9f$i\xa3\x98!\xcc\x92j\xc6\x8c\
\x1e\xbb\x83\x1d\xa2\x8e\x1d\x9cnL\xd5\x03<z\xff7\
=\x22I\xd2z1;\x98!\xd5l\x19=v\x06\xbb\
C\x038&U\x0f\xf2\x14\xfa~\xfa\x95$Ik\xf5\
\x84\xc4\xec\xa8f\xca\x14bgh S}\xf6*\xf1\
\x12\x96\xdfH\x92\xb4#\xcc\x8a)\xbe\x94\xfa\xe7\xb1+\
4\x98\xdd\xd2\xf9\xa9z\xc0\xa7\xd2_\xa7]\x93$\xdd\
\x1e\xb3\x81\x19Q\xcd\x8e\xa9\xc4\x8e`Wh@\xf7N\
S\xba\x5ce\xd5\x17\xd2\x83\x93$\xfd\x1c3\x81\xd9P\
\xcd\x8c\xa9\xc4n`Gh`\x0fI\xdfK\xd5\x010\
\x95~\x94\x8eJ\x92\xc4,`&T\xb3b*\xb1\x13\
\xd8\x0d\x9a\x80\x83\xd2\xd4\xae`U\xf5\xcet\xa7$i\
z8\xf7\x99\x01\xd5l\x98R\xec\x02v\x82&\x84\xff\
\xea\xbd9U\x07\xc4\x94\xba0=4I\x9a\x0e\xcey\
\xce\xfdj&L)v\x80?\x0d\x9d\xa8cSuP\
L\xad\x1f\xa7\xa3\x93\xa4\xf1q\xaes\xceW\xb3`j\
\xb1\x034a'\xa7\xea\xc0\x98b\xefJ>\x03V\x1a\
\x13\xe76\xe7xu\xeeO1f\xbf&n\xe7tv\
\xaa\x0e\x90)\xf6\xa5\xf4\xb0$i\x1c\x9c\xd3\x9c\xdb\xd5\
9?\xc5\x98\xf9\xcc~i\xe5.\xe9\x8b\xa9:P\xa6\
\xd8U\xe9\xb7\x93\xa4\xfeq.sNW\xe7\xfa\x14c\
\xd63\xf3\xa5-\xf6J_K\xd5\x013\xd5NI\xbb\
'I\xfd\xe1\xdc\xe5\x1c\xae\xce\xed\xa9\xc6\x8cg\xd6K\
[\xe1\xcaW\xdfJ\xd5\x813\xd5\xbe\x9c\x1e\x9e$\xf5\
\x83s\x96s\xb7:\xa7\xa7\x1a\xb3\xdd+\xa4j\xbbx\
3\x88\xa9^Bx[]\x9d^\x9c$\xb5\x8fs\x95\
s\xb6:\x97\xa7\x1a3\xdd7\xfa\xd1\x9a<2M\xfd\
\xdd\x02\xabx\x9f\xec\x03\x92\xa4\xf6\xec\x9f\xa6~\xbd\x93\
*f93]Z\xb3\xc7\xa5\xa9\xbf=f\xd5M\xe9\
m\xe9nI\xd2\xf2q.\x9e\x9887\xabsv\xca\
1\xc3\x99\xe5\xd2\xba=)M\xf9\xb2\x98\xdb\x8b\x1f\xa9\
\xfdV\x92\xb4<\xbc\xa9\xcf\xe5\xa9:G\xa7\x1e\xb3\x9b\
\x19.m\xd8\xd3\xd3\xf5\xa9:\xc0le\xe5\xbc\xb4_\
\x92\xb48\xfb\xa6O\xa5\xea\x9c\xb4[f6\xb3[\xda\
\xb4g'\x7f\xbc\xb6\xednL\x7f\x91\xee\x9c$\xcd\xcf\
\x1e\xe9M\xe9\x86T\x9d\x8bv\xcb\xacffK3\xc3\
\x8f\xbb\x7f\x92\xaa\x03\xcen\xe9?\xd2\x11I\xd2\xec\x1d\
\x9e|\x99\xf2\xf6cF\xfb\xabI\xcd\x05\x07\x96?\x09\
\xd8q\x9fH\x0fN\x926\xefA\xe9\xacT\x9dkv\
k\xccf\x97\xbf\xe6\x8a\x1f-\xf9\x9c\x80\x1d\xc75\xb6\
\xdf\x90\xbc\xb8\x90\xb41\x5c\xaf\xff\x8f\xd2\xb5\xa9:\xc7\
\xec\xd6\x98\xc9\xfe\xd8_\x0b\xc1\x93K|u\xc0\xda\xba\
,\xfdz\x92\xb4v\xcfH\xbe5\xf9\xdab\x16\xfb\x84\
?-\x14//\xf1}\x02\xd6\xde\xc7\xd2/%I\xdb\
v\xbftz\xaa\xce!\xdb:f\xb0/\xf5\xd3R\xf0\
\x06\x13\xbec\xe0\xda\xe3G\x99\xbca\x09CN\xd2\xad\
\xee\x9bNH\xbe\x85\xef\xdac\xf6\xfa&?Z*\xde\
b\xd2k\x07\xac/~_wrz`\x92\xa6\x8c\x9f\
\x8a\xbd=\xf1\x9c\x99\xea\x5c\xb1:f\xaeo\xef\xab&\
p\x91\x09_\x9e\xb3\xfex\xd6\xee\xfb\xd3\xc3\x924%\
\xcc\x8c\xf7&\xdeC\xa3:7l\xdb1k\xbd\xb0\x8f\
\x9a\xc2e&}\xd2\xce\xc6\xe2\xb5\xbb\x1fN\x8fN\xd2\
\xc8\xf8W\xeb\xa9\xc9\xf7\x14\xd9X\xccX/\xe9\xab&\
\xed\x95\xbe\x98\xaa\x03\xd7\xd6\xd6\x19\xe9\xc0$\x8d\xe4\x97\
\xd3G\xd3\xcd\xa9:\xeem\xc71[\x99\xb1R\xb3\xee\
\x92\xceN\xd5\x01lk\xef\x93\xc9g\xf7\xaawOL\
\xce\x83\xcd\xc7}\xc8l\x95\x9a\xb7s\xe2In\xd5\x81\
l\xeb\xeb\x1f\xd3\xd3\x92\xd4\x93\xa7&.\x94U\x1d\xd3\
\xb6\xbe\x98\xa5\xccT\xa9+\xc7&\x7f\xe47\x9b\xfe%\
\xf9\x86Bj\x1d\xc7\xe8\x05\xa9:\x86m}1;\x99\
\xa1R\xb7\x8eJ\xbe\xc4gv\xf1{\xc0#\xd3NI\
j\x01\xc7\x22\xc7\xa4\xcf\xff\x99]\xccLf\xa7\xd4\xbd\
\x83\x92o\x184\xdb\xbe\x91^\x9f~1I\xcb\xc0\xb1\
\xc71\xc8\xb1X\x1d\xa3\xb6\xb1\x98\x95\xccLi\x18\xbc\
n\xf5\xd2T\x1d\xf0\xb6\xf1x/\x81\xbfO\xcfJ\xfe\
\x9eP\xf3\xc61\xc6\xb1\xc61\xe7\x95Ag\x1f3\xd2\
\xd7\xf8kH\xf7N\xe7\xa7\xea\xc0\xb7\xcdwyzc\
\xda'I\xb3\xc41\xf5\xe7\x89c\xac:\xf6l\xf31\
\x1b\x99\x91\xd2\xb0\xb8<.o\x04R\x9d\x006\x9bx\
\xf2\xd0\xa7\xd2\xd1i\x8f$m\x04\xc7\x0e\xc7\x10\xc7\x92\
O\xe6\x9do\xccD/\x1d\xae\xc98&\xf96\xa0\xf3\
\x8f\x8b\xab\xf0.\x83G$\x07\x8cv\x84c\x84c\x85\
c\xc6\x0b\xf3\xcc?f \xb3P\x9a\x9c\x83\x93\x17\x12\
Z\x5c?N\x1fJ\xfc\x0ew\xd7$\x81c\x81c\x82\
c\x83c\xa4:vl\xf61\xfb\x98\x81\xd2d\xed\x9d\
>\x93\xaa\x13\xc4\xe6\xd7\x95\x89\x0b\x11\x1d\x96\xee\x984\
-<\xe6<\xf6\x1c\x03\x1c\x0b\xd51b\xf3\x8b\x99\xc7\
\xec\x93&\x8fatR\xaaN\x14\x9b\x7f,\x80\xd3\xd2\
\xef%\x87\xd2\xb8xly\x8cy\xac]\xfa\xcb\x8bY\
\xe7\x7ftK\xb7\xf3\xbctM\xaaN\x1a[\x5c\x17&\
^M\xc0\x8f'wI\xea\x13\x8f\x1d\x8f!\x8f%\x8f\
i\xf5X\xdb\xe2b\xb61\xe3$m\xc3\xfe\xe9\xb2T\
\x9d@\xb6\xf8\xf8\x97\xe2\xe9\xe9\x05\xe9~Im\xe31\
\xe2\xb1\xe21\xf3_\xf9\xed\xc4Lc\xb6I\xda\x81{\
\xa4\xb3Ru\x22\xd9r\xe3]\xdf>\x98^\x9a\xb8\xb6\
\xbboI\xbc<\xdc\xf7<\x06<\x16<&\xbe#_\
\x9b1\xcb\x98i\x92\xd6\xe1\xd5\xe9\x86T\x9dT\xd6F\
?H\x0c\xb8\xd7&._\xecK\x0d\xe7\x87\xfb\x96\xfb\
\x98\xfb\x9a\xfb\x9c\xfb\xbezL\xac\x8d\x98]\xcc0I\
\x1b\xf4\xd8tq\xaaN0k/\x86\x1eW\x83{G\
zY\xe2z\xf0wKZ\x1f\xee3\xee;\xeeC\xee\
K\xeeS\xffc\xb8\x9f\x98Y\xcc.I\x9b\xb4{\xe2\
\x9a\xd8\xd5\x89f}\xf4\xcdtf\xfa\xb3\xc4U\xce\xf6\
K^\xbb\xe0\x96\xfb\x80\xfb\x82\xfb\x84\xfb\x86\xfb\x88\xfb\
\xaa\xba\x0f\xad\x8f\x98U\xcc,I3\xf4\xectE\xaa\
N:\xeb/.y\xfa\xd5\xc4\x85exi\xd4+\xd3\
s\x12\xffr\xfa\x854\x0a\xbe\x17\xbe'\xbe7\xbeG\
\xbeW\xbeg\xbew/\x95=N\xcc&f\x94\xa49\
\xb9o:'U'\xa0\x8d\x15\xcfb\xe7\xe5k\x1fM\
oM\xafK<\xe1\x8dk\xcf\x1f\x9a\x1e\x95xm\xfb\
2\xde\xd5\x90\xbf\x93\xbf\x9b\xdb\xc0m\xe16q\xdb\xb8\
\x8d\xdcVn3\xb7\xddg\xe2O#f\x12\xb3I\xd2\
\x02\xbc*]\x9f\xaa\x93\xd1\xa6\xd7U\x89g\xc1\x7f.\
\x9d\x9b>\x9eX\xc2\x7f\x9b>\x90\xde\x9d\xf8\x97\xf7\x09\
\x89\xd7\xc5\xffq:\xeeg\xf1\xbf\xf9\x18\xff\x1f\x9f\xc3\
\xe7\xf2g\xf8\xb3|\x0d\xbe\x16_\x93\xaf\xcd\xdf\xc1\xdf\
U\xdd\x06\x9b^\xcc f\x91\xa4\x05; ]\x94\xaa\
\x13\xd3\xccl\x9e1{\x98A\x92\x96\x84'\xdb\xbc%\
\xfd$U'\xa9\x99\xd9,c\xd6\xf0\xd3\x22\x9f\xe8'\
5\xe2q\xc9\xb7;5\xb3y\xf6\xa5t`\x92\xd4\x18\
^R\xc5\x9b\xa4\x5c\x9b\xaa\x93\xd7\xccl#\xf1j\x0d\
\x9e/\xe2\xb51\xa4\xc6=$\x9d\x97\xaa\x13\xd9\xccl\
=}:=4I\xea\xc8\x0b\x93o\x97jf\x1b\x89\
\x97p\xbe$I\xea\xd4^\x89\xeb\x9fW'\xb8\x99Y\
\xd5\xc7\x12\xef\xf3 i\x00\xcfJ\xdfN\xd5\xc9nf\
F\x97'\xde\xd4I\xd2`\xee\x9cx\xbfu\xdf~\xd5\
\xccV\xc7\x1b\xfa\xbc9\xdd5I\x1a\xd8\x03\xd2\xe9\xa9\
\x1a\x04f6\xad\xf8q\xff>I\xd2\x84<9\xf1\xba\
\xdej(\x98\xd9\xd8\xfd[zj\x924QwH\x5c\
\xc4\xe5\xbfS5$\xccl\xac\xb8j\xdf\xcb\x13\xe7\xbe\
$\xad\xdc=\xfdU\xba1UC\xc3\xcc\xfa\x8es\x9b\
+5\xde#I\xd2V\xf6Mg\xa7j\x80\x98Y\x9f\
qNsnK\xd2\x0e=-]\x90\xaaabf}\
\xc49\xcc\xb9,I\xebvX\xfa|\xaa\x86\x8b\x99\xb5\
\x19\xe7,\xe7\xae$m\xda\xe1\x89g\x0dW\xc3\xc6\xcc\
\xda\x88s\x94sU\x92fj\xa7tT\xfa\xf7T\x0d\
\x1f3[N\x9c\x93\x9c\x9b\x9c\xa3\x9247\xbc|\xe8\
\xf9\xe9\xd2T\x0d#3[L\x9c\x83\x9c\x8b\xbe\xa4O\
\xd2Bqmp\xae8\xf8\xf5T\x0d'3\x9bO\x9c\
s\x9c{^\x9f_\xd2R\xf1\xaf\x8f\xe7\xa6\x7fM\xd5\
\xb02\xb3\xd9\xf4\xd9\xc4\xb9\xe6\xbf\xf8%5\xe7I\xe9\
\x8cts\xaa\x06\x98\x99\xad/\xce\xa53\xd3\xc1I\x92\
\x9a\xf7\xd0\xf4\xcetm\xaa\x86\x9a\x99m?\xae\xda\xf9\
\xae\xf4\xb0$I\xdd\xb9w:>y\xad\x01\xb3\xb5\xc5\
{\xf5\xbf!\xed\x99$\xa9{\xbb\xa5\x17'_Bh\
VwI\xe2\x22=\xbb'I\x1a\xd2!\xe9C\x89\x1f\
qV\x83\xd0l*]\x9fNMOI\x924\x19\xf7\
L\x7f\x90\xbe\x92\xaa\xe1h6j\x17\xa5c\xd2\xbd\x92\
$M\xda\x13\xd2\xfb\xd25\xa9\x1a\x98f\xbd\xc7\xb1\xfd\
\xfetP\x92$\xdd\xce\xdd\xd3+\xd2\x85\xa9\x1a\xa2f\
\xbd\xc5\xb1\xcc1\xcd\xb1-IZ\x83\x03\xd3I\xe9\xbb\
\xa9\x1a\xacf\xad\xc61\xcb\xb1\xfb\xf8$I\xda \xde\
\xf5\x8c'I\xf1\xbe\x02\xbcD\xaa\x1a\xb8f\xcb\x8ec\
\x93c\x94c\xd5w\xea\x93\xa4\x19\xdb9==\xbd'\
}?U\x83\xd8lQq\x0cr,rLrlJ\
\x92\x16\x80\x0b\xa1\x1c\x96xb\xd5\x95\xa9\x1a\xd0f\xb3\
\x8ec\x8dc\x8ec\xcf\x8b\xf1H\xd2\x92\xed\x9a\x9e\x99\
NI\x97\xa7jp\x9bm4\x8e)\x8e-\x8e1\x8e\
5IR\xa3\x0eH\xafM\xff\x94nJ\xd5P7\xdb\
V\x1c3\x1c;\x1cC\x1cK\x92\xa4\x0e\xf1\xf2\xab\xdf\
H\xefM\xfet\xc0\xb6\x15\xc7\x06\xc7\x08\xc7\x8a/\xd9\
\x93\xa4\x01=&\x1d\x97\xfe9\xf9\xd3\x81\xe9\xc6c\xcf\
1\xc0\xb1\xc01!I\x9a\x90=\xd2\xa1\xe9\xf5\xe9\xec\
\xf4\xc3T-\x0b\xeb?\x1e[\x1ec\x1ek\x1es\x1e\
{I\x92~j\xa7\xf4\xa8\xf4\x92\xf4\x81tY\xaa\x96\
\x89\xb5\x1f\x8f\x1d\x8f!\x8f%\x8f)\x8f\xad$Ik\
\xb6W:\x22\x9d\x90\xceOW\xa7j\xe1\xd8\xf2\xe21\
\xe1\xb1\xe11\xe2\xb1\xe21\x93$i\xa6\xf8\x97\xe4>\
\xe9\xf0t|\xfaH\xe2Z\xee7\xa7j9\xd9\xec\xe2\
>\xe6\xbe\xe6>\xe7\xbe\xe71\xe0\xb1\xf0_\xf7\x92\xa4\
\xa5\xe1w\xca\xbc\xf7\xfb\x0b\xd3\x89\xe9\xbc\xf4\xbdT-\
2\xdbq\xdcw\xdc\x87\xdc\x97\xdc\xa7\xdc\xb7\xfe\xde^\
\x92\xd4\x8d\xfb$\x96\xd7Q\xe9\xd8tr\xfa\x87ti\
\xba!U\xcbo\x0a\xf1\xbds\x1fp_p\x9fp\xdf\
p\x1fq_q\x9fI\x924,.\x1as\xfftH\
\xfa\xdd\xf4'\x89'\xae\xb1\x14\xbf\x90\xbe\x95z|\xce\
\x01\xb7\x99\xdb\xce\xf7\xc0\xf7\xc2\xf7\xc4\xf7\xc6\xf7\xc8\xf7\
\xca\xf7\xec\x05s$I\xda\x81;\xa5\xbd\x13\xcff\x7f\
r\xe2\x89n<\xbb\x9d\xd7\xb0\xbf%\xbd/\x9d\x96\xce\
L\x9fH\xfc\xe8\x9c'\xc5}.}9\xf1{\xf3o\
\xa6\xef\xa4\x1f$\x164\xaf\x83'\xfe7\x1f\xe3\xff\xe3\
s\xf8\x5c\xfe\x0c\x7f\x96\xaf\xc1\xd7\xe2k\xf2\xb5\xf9;\
\xf8\xbb\xf8;\xf9\xbb\xb9\x0d\xdc\x16n\x13\xb7\x8d\xdb\xc8\
m\x95\xd4\xb4\x95\x95\xff\x0faAy\x11\xca\x89\xc9\x22\
\x00\x00\x00\x00IEND\xaeB`\x82\
\x00\x00\x12\x04\
\x89\
PNG\x0d\x0a\x1a\x0a\x00\x00\x00\x0dIHDR\x00\
\x00\x02\x00\x00\x00\x02\x00\x08\x06\x00\x00\x00\xf4x\xd4\xfa\
\x00\x00\x00\x19tEXtSoftware\
\x00Adobe ImageRead\
yq\xc9e<\x00\x00\x11\xa6IDATx\xda\xec\
\xdd?Z[\xd9\x1d\xc7a\x09\xa7H7J7\x1d\xd7\
+@\xb3\x02\xcb\xddt\x83W\x10XA&+H\xb2\
\x04\xaf\x00R\xa62S\xa5\xb4\xb2\x82\xc8;\x90W\x00\
\xe9\x9c\x06\xe5\x5c#l\x07\x83@\xe2\xde\xabs\xce\xef\
}\x9fG\x8f'\x7f\x06#\xc9\xf6\xe7\xcb\x91.\x1e\x8d\
\x00\x00\x00\x00\x00\x00\x00\x00\x00\x00\x00\x00\x00\x00\x00\x00\
\x00\x00\x00\x00\x00\x00\x00\x00\x00\x00\x00\x00\x00\x00\x00\x00\
\x00\x00\x00\x00\x00\x00\x00\x00\x00\x00\x00\x00\x00\x00\x00\x00\
\x00\x00\x00\x00\x00\x00\x00\x00\x00\x00\x00\x00\x00\x00\x00\x00\
\x00\x00\x00\x00\x00\x00\x00\x00\x00\x00\x00\x00\x00\x00\x00\x00\
\x00\x00\x00\x00\x00\x00\x00\x00\x00\x00\x00\x00\x00\x00\x00\x00\
\x00\x00\x00\x00\x00\x00\x00\x00\x00\x00\x00\x00\x00\x00\x00\xca\
6\xf6\x10\x00\xd4\xe5\xe0\xe0`\x9a~hoG\xeb\x1f\
\x9b\xf5\xed!W\xe9\xb6H\xb7e\xba}H\xb7\xf9\xf5\
\xf5\xf5\xc2#i\x00\x00\x90\x7f\xf4\x8f\xd3\x0f\xbf\xa4\xdb\
\xec\x91\xd8?U;\x0a.\xd2\xed\xb74\x06.<\xc2\
\x06\x00\x00\xf9D\x7f\x92~\xf85\xdd\xfe\xd8Q\xf47\
\x8d\x81\xf3t{\x9b\xc6\xc0\xd2#\x0f\x00{\x0a\x7f\xba\
\xfd5\xdd.\xd3m5\xf0\xed,\xdd\x1a\xcfB\xf9^\
x\x08\x00\x8a\x8a\x7f\xfb\x15\xff\xbbt\xfb9\xdd~\xbf\
\x87O\xa1}O\xc1\xaf\xe3\x1b\x8b\xd5j\xf5\xc9\xb3R\
&/\x01\x00\x94\x11\xfe6\xbcg\xeb\x00\xe7b\x99n\
\xa7\xd7\xd7\xd7s\xcf\x90\x13\x00\x00\xba\x8f\xffI\xfa\xe1\
\x9f\xe9\xf6cf\x9fZ\xfb\x1e\x84\x93\xf6(`\xb5Z\
\x19\x01N\x00\x00\xe80\xfe\xedW\xfd'\x05|\xaa\xed\
\x00xs}}}\xe5Y3\x00\x00\xd8=\xfc\xedW\
\xd7\xefGy\x1d\xf9?\xa6\xfd\xde\x01\xaf\x8d\x00\x03\x00\
\x808\xf17\x02\x0c\x00\x00\x82\xc6\xdf\x080\x00\x00\x08\
\x1a\x7f#\xc0\x00\x00 h\xfc\x8d\x00\x03\x00\x80\xa0\xf1\
7\x02\x0c\x00\x00\x82\xc6\xdf\x080\x00\x00\x08\x1a\x7f#\
\xc0\x00\x00 h\xfc\x8d\x00\x03\x00\x80\xa0\xf17\x02\x0c\
\x00\x00\xf1\x0f\x1a\x7f#\xc0\x00\x00\x10\xff\xe0\x8c\x00\x03\
\x00@\xfc\x8d\x00\x0c\x00\x00\xf17\x020\x00\x00\xc4\xdf\
\x08\xc0\x00\x00\x10\x7f#\x00\x03\x00@\xfc\x8d\x00\x0c\x00\
\x00\xf17\x020\x00\x00\xc4\xdf\x08\xc0\x00\x00\x10\x7f#\
\x00\x03\x00@\xfc\x8d\x00\x03\x00\x00\xf17\x02\x0c\x00\x00\
\xc4\xdf\x080\x00\x00\x10\x7f#\xc0\x00\x00\xe0\xf3\x00\xf8\
\xb7\xf8\x1b\x01\xc5\xfe\xfa\xf5\x10\x00\xec\xfc\xd5?\xc3j\
\xc7\xd6{\x8f\xbd\x13\x00\x80\x1cF\x80\x97\x00\x9c\x04\x18\
\x00\x00F\x00F\x80\x01\x00`\x04`\x04\x18\x00\x00F\
\x00F\x80\x01\x00`\x04`\x04\x18\x00\x00F\x00F\x80\
\x01\x00`\x04`\x04\x18\x00\x00F\x00F\x80\x01\x00`\
\x04`\x04\x18\x00\x00F\x00F\xc0\x96\xbf6=\x04\x00\
7\xa1N\xb7\xe3\xae?\xee:@\xaf\xd7Ab8\xbe\
m\xb0\x01\x00\xf0\xe4\xaf\xd2\xdf\xa5\x7f>1\x02\x8c\x80\
\x08\xbc\x04\x00\x88\xff\xf7G\xf4\xa7)\xda\xe7\x03\xfd\x5c\
\xf4\xcf\xcb\x01\x06\x00\xc0\x93\x83l\x04\x18\x01\x06\x00@\
\xb0\xf8\x1b\x01F\x80\x01\x00\x104\xfeF\x80\x11`\x00\
\x00\x04\x8d\xbf\x11`\x04\x18\x00\x00A\xe3o\x04\x18\x01\
u\xfe~\xf0k\x00\x10\xff'9s\x89`U\xda_\
\x07\xef\x22?\x00/\xfc\x1a\x00\xc4\xff\xc9\x8e\xc7\xe3\xf1\
\xc7\xd5j\xd5i\xac\xd3\xc7\xfb\x94>\xee?\xd2?\xfe\
\x9cn?z\xc6\x06\xd3\xa4\xc7}\x9c\x1e\xffy\xc4;\
\xef%\x00@\xfc\xb7\xe7\xe5\x80\xba\xb4/\x05\x84\x1b\x01\
\x06\x00 \xfeF@t\xcbt\xfb)\xda\xfb\x01\xbc\x04\
\x00\x88\xffn\xbc\x1cP\x8f\xf6\xd7\xca\x7f\xa3\xbd\x14\xe0\
M\x80\x80\xf8\xef\xee\xa8\x8f\x0f\xea\x8d\x81{\xf1\x97\xf4\
\xeb\xa61\x00\x00\xc4\xff1\xe7)\xd4\x7f\xee\xeb\x83\x1b\
\x01\xfb\x19\x01\x91\xee\xac\xf7\x00\x00\xe2\xbf[\xfcO+\
\xbbO\xdcx\x99\x9e\xdb\xa5\x13\x00\x00\xf1\xdf[\xfc\x9d\
\x04\xec\xc5\x9f\x9c\x00\x00\x88\xff^\xe3\xef$`/\xae\
\xd2s\xfc\x07'\x00\x00\xe2\xbf\xf7\xf8;\x09\x18\xd4$\
\xfd\x9a:6\x00\x00\xc4\x7f\xef\xf17\x02\x06\xf7K\x84\
;\xe9%\x00@\xfc\x0b\x88\xff\x9e\xee{T!^\x06\
p\x02\x00\x88\x7fA\xf1w\x120\x88\xf6e\x80\xea\xc7\
\x95\x01\x00\x88\x7fA\xf17\x02\x0633\x00\x00\xc4\xdf\
\x08\x88\xe7\xa8\xfa\xdfO\x9ec@\xfc\xcb\x8b\xbf\x11\xd0\
\xbb\xc6\x00\x00\x10\xff\xae\xee\xc7\xb4\x8fK\xcc\x8c\x80^\
x\x0f\x00\x80\xf8w\x13\xff\xf5\xfdx\x97\xfe\xf9\xc4\x08\
\xc8\xde\xc4\x00\x00\x10\xff\xae\xe2\x7f\x1b\x953#\x00\x03\
\x00 V\xfcGF\x00\x06\x00@\xcc\xf8\x1b\x01\x18\x00\
\x00A\xe3o\x04`\x00\x00\x04\x8d\xbf\x11\x80\x01\x00\x88\
\x7f\xd0\xf8\x1b\x01\x18\x00\x80\xf8\x07\x8d\xbf\x11\x90\x9f\xa5\
\x01\x00 \xfeC\xc4\xdf\x080\x00\x0c\x00@\xfc\x83\xc6\
\xdf\x08\xc8G\xf5\x8f\x91\x01\x00\x88\x7f^\xf17\x02\xf2\
\xf0\xc1\x00\x00\x10\xff\xa1\xe3o\x048\x01\xe8\xdd\xd8s\
\x0c\x88\x7f\x96\xf1\xff\xd6i\xba/\xe7\x05?\x17\xa5Y\
\xa6\xc7\xfb\xa5\x13\x00\x00\xf1\xdfg\xfc\x9d\x04\x0co\x1e\
\xe2\xf7\xa3\xe7\x19\x10\xff\xac\xe3o\x04\x0c\xef\xb7\x08w\
\xd2K\x00\x80\xf8\xe7\x1f\xffoy9\xa0_!\x8e\xff\
\x9d\x00\x00\xe2_V\xfc\x9d\x04\xf4\xef\xefQ\xee\xa8\x13\
\x00@\xfc\xcb\x89\xbf\x93\x80~\xb5#\xe8\xe5z\x0c9\
\x01\x00\x10\xff\xec\xe2\xef$\xa0\x1fo\xa3\xc4\xdf\x09\x00\
 \xfee\xc6\xdfI\x80\xaf\xfe\x9d\x00\x00\xe2\x1f8\xfe\
N\x02\xba\xf3\xb7H\xf1w\x02\x00\x88\x7f\xd9\xf1w\x12\
\xd0\x8dEz\xec~\x0a\xf7\xfb\xd5\x1fY\x80\xf8\x17\x1f\
\x7f'\x01\xcf\x1cO!\x7f\xcf\xfac\x0b\x10\xff\xe2\xe3\
o\x04<#\xfe\xe9\xfe\x85\xbc\xf4\xd1\x00\x00\xc4\xbf\x8e\
\xf8\x1b\x01\xbb\xfd\x9a:\x8f\xfa{\xd7{\x00\x00\xf1\xaf\
'\xfew\xbf\xb2=/\xf89\xef\xdb<=>\xafC\
\xff\xfe\xf5G\x18 \xfe\xd5\xc5\xdfI\xc0f\xed\xe7\xfe\
&\xfa\xefa'\x00\x80\xf8\xd7\x17\x7f'\x01\x9b\xe3\xff\
:\xda%\x7f\x06\x00 \xfe\xb1\xe2o\x04\x88\xbf\x01\x00\
\x88\x7f\xd0\xf8\x1b\x01\xe2o\x00\x00\xe2\x1f4\xfe\xd1G\
\x80\xf8\x1b\x00\x80\xf8\x87\x8d\x7f\xd4\x11 \xfe\x06\x00 \
\xfe\xe1\xe3\x1fm\x04\x88\xbf\x01\x00\x88\xbf\xf8\x07\x1b\x01\
\xe2o\x00\x00\xe2/\xfe\xc1F\x80\xf8\x1b\x00\x80\xf8\x8b\
\x7f\xb0\x11 \xfe\x06\x00 \xfe\xe2\x1fl\x04\x88\xbf\x01\
\x00\x88\xbf\xf8\x07\x1b\x01\xe2o\x00\x00\xe2/\xfe\xc1F\
\x80\xf8\x1b\x00\x80\xf8\x8b\x7f\xb0\x11 \xfe\x06\x00 \xfe\
\xe2\x1fl\x04\x88\xbf\x01\x00\x88\xbf\xf8\x07\x1b\x01\xe2o\
\x00\x00\xe2/\xfe\xc1F\x80\xf8\x1b\x00\x80\xf8\x8b\x7f\xb0\
\x11 \xfe\x06\x00 \xfe\xe2\x1fl\x04\x88\xbf\x01\x00\x88\
\xbf\xf8\x07\x1b\x01\xe2o\x00\x00\xe2/\xfe\xc1F\x80\xf8\
\x1b\x00\x80\xf8\x8b\x7f\xb0\x11 \xfe\x06\x00 \xfe\xe2\x1f\
l\x04\x88\xbf\x01\x00\x88\xbf\xf8\x07\x1b\x01#\xf17\x00\
\x00\xf1\x17\xff`#@\xf8\xfb\xf7\xc2C\x00\xe2/\xfe\
\xec\xe8x<\x1e\x7f\x5c\xadV\x8b.?h\xfax\x9f\
<\xb4\x06\x00 \xfe\xe2\x1fp\x04`\x00\x00\xe2\x8f\x11\
\x80\x01\x00\x88?F\x00\x06\x00 \xfe\x18\x01\x18\x00 \
\xfe\xe2\x8f\x11\x80\x01\x00\xe2/\xfe\x18\x01\x18\x00 \xfe\
\xe2\x8f\x11\x80\x01\x00\xe2/\xfe\x18\x01\x06\x00 \xfe\xe2\
\x8f\x11\x10\x89o\x05\x0c\xe2/\xfe\x0c\xe1M\xfa5u\
\xe1a\xc8\xe8\xcf\x13\x0f\x01\x88\xbf\xf8\xd3\xb3\xf6\xab\xff\
\xb9\x87\xc1\x09\x00 \xfe\xe2\x1f+\xfe\xfeV?\x03\x00\
\x10\x7f\xf1\x17\x7f\x0c\x00@\xfc\x11\x7f\x0c\x00@\xfc\x11\
\x7f\x0c\x00\x10\x7f\xf1G\xfc1\x00@\xfc\xc5\x1f\xf1\xc7\
\x00\x00\xf1\x17\x7f\xc4\x1f\x03\x00\xc4_\xfc\x11\x7f\x0c\x00\
\x10\x7f\xf1G\xfc1\x00@\xfc\xc5\x1f\xf1\xc7\x00\x00\xf1\
\x17\x7f\xc4\xdf\x00\x00\xc4_\xfc\x11\x7f\x03\x00\x10\x7f\xf1\
G\xfc\x0d\x00@\xfc\xc5\x1f\xf17\x00\x00\xf1\x17\x7f\xf1\
\xc7\x00\x00\xc4\x1f\xf1\xc7\x00\x00\xc4\x1f\xf1\xc7\x00\x00\xc4\
\x1f\xf1\xc7\x00\x00\xf1\x17\x7f\xc4\x1f\x03\x00\xc4_\xfc\x11\
\x7f\x0c\x00\x10\x7f\xf1G\xfc1\x00@\xfc\xc5\x1f\xf1\xc7\
\x00\x00\xf1\x17\x7f\xc4\x1f\x03\x00\xc4_\xfc\x11\x7f\x0c\x00\
\x10\x7f\xf1G\xfc1\x00@\xfc\xc5\x1f\xf1\xc7\x00\x00\xf1\
\x17\x7f\xc4\x1f\x03\x00\xc4_\xfc\xc5_\xfc1\x00@\xfc\
\xc5_\xfc1\x00\x00\xf1G\xfc1\x00\x00\xf1G\xfc1\
\x00@\xfc\xc5\x1f\xf1\xc7\x00\x00\xf1\x17\x7f\xc4\x1f\x03\x00\
\xc4_\xfc\x11\x7f\x0c\x00\x10\x7f\xf1G\xfc1\x00@\xfc\
\xc5\x1f\xf1\xc7\x00\x00\xf1\x17\x7f\xc4\x1f\x03\x00\xc4_\xfc\
\x11\x7f\x0c\x00\x10\x7f\xf1G\xfc1\x00@\xfc\xc5\x1f\xf1\
\xc7\x00\x00\xf1\x17\x7f\xc4\x1f\x03\x00\xc4_\xfc\xc5\xdfC\
\x81\x01\x00\xe2\x8f\xf8\x83\x01\x00\xe2\x8f\xf8\x83\x01\x00\xe2\
\x8f\xf8\x83\x01\x80\xf8\x8b?\xe2\x8f\x01\x00\xe2/\xfe\x88\
?\x06\x00\x88\xbf\xf8#\xfe\x18\x00 \xfe\xe2\x8f\xf8c\
\x00\x80\xf8\x8b?\xe2\x8f\x01\x00\xe2/\xfe\x88?\x06\x00\
\x88\xbf\xf8#\xfe\x18\x00 \xfe\xe2\x8f\xf8c\x00\x80\xf8\
\x8b?\xe2\x8f\x01\x00\xe2/\xfe\x88?\x06\x00\x88\xbf\xf8\
\x8b?\x18\x00 \xfe\x88?\x18\x00 \xfe\x88?\x18\x00\
\x88\xbf\xf8#\xfe`\x00 \xfe\xe2\x8f\xf8\x83\x01\x80\xf8\
\x8b?\xe2\x0f\x06\x00\xe2/\xfe\x88?\x18\x00\x88\xbf\xf8\
#\xfe\x18\x00 \xfe\xe2\x8f\xf8c\x00\x80\xf8\x8b?\xe2\
\x8f\x01\x00\xe2/\xfe\x88?\x06\x00\x88\xbf\xf8#\xfe\x18\
\x00 \xfe\xe2\x8f\xf8c\x00\x80\xf8\x8b\xbf\xf8\x8b?\x06\
\x00\x88\xbfgU\xfc\xc1\x00\x00\xf1G\xfc\xc1\x00\x00\xf1\
G\xfc\xc1\x00@\xfc\xc5\x1f\xf1\x07\x03\x00\xf1\x17\x7f\xc4\
\x1f\x0c\x00\xc4_\xfc\x11\x7f0\x00\x10\x7f\xf1G\xfc\xc1\
\x00@\xfc\xc5\x1f\xf1\x07\x03\x00\xf1\x17\x7f\xc4\x1f\x0c\x00\
\xc4_\xfc\x11\x7f0\x00\x10\x7f\xf1G\xfc1\x00@\xfc\
\xc5\x1f\xf1\xc7\x00\x00\xf1\x17\x7f\xc4\x1f\x03\x00\xc4_\xfc\
\xc5\x1f\x0c\x00\x10\x7f\xc4\x1f\x0c\x00\x10\x7f\xc4\x1f\x0c\x00\
\x10\x7f\xc4\x1f\x0c\x00\xc4_\xfc\x11\x7f0\x00\x10\x7f\xf1\
G\xfc\xc1\x00@\xfc\xc5\x1f\xf1\x07\x03\x00\xf1\x17\x7f\xc4\
\x1f\x0c\x00\xc4_\xfc\x11\x7f0\x00\x10\x7f\xf1G\xfc\xc1\
\x00@\xfc\xc5\x1f\xf1\x07\x03\x00\xf1\x17\x7f\xc4\x1f\x0c\x00\
\xc4_\xfc\x11\x7f0\x00\x10\x7f\xf1\x17\x7f\xf1\x07\x03\x00\
\xf1\x17\x7f\xf1\x07\x03\x00\xc4\x1f\xf1\x07\x03\x00\xc4\x1f\xf1\
\x07\x03\x00\xf1\x17\x7f\xc4\x1f\x0c\x00\xc4_\xfc\x11\x7f0\
\x00\x10\x7f\xf1G\xfc\xc1\x00@\xfc\xc5\x1f\xf1\x07\x03\x00\
\xf1\x17\x7f\xc4\x1f\x0c\x00\xc4_\xfc\x11\x7f0\x00\x10\x7f\
\xf1G\xfc\xc1\x00@\xfc\xc5\x1f\xf1\x07\x03\x00\xf1\x17\x7f\
\xc4\x1f\x0c\x00\xc4_\xfc\x11\x7f0\x00\x10\x7f\xf1\x17\x7f\
\xc0\x00@\xfc\x11\x7f\xc0\x00@\xfc\x11\x7f\xc0\x00@\xfc\
\x11\x7f\xc0\x00\x10\x7f\xf1G\xfc\x01\x03@\xfc\xc5\x1f\xf1\
\x07\x03\x00\xf1\x17\x7f\xc4\x1f\x0c\x00\xc4_\xfc\x11\x7f0\
\x00\x10\x7f\xf1G\xfc\xc1\x00@\xfc\xc5\x1f\xf1\x07\x03\x00\
\xf1\x17\x7f\xc4\x1f\x0c\x00\xc4_\xfc\x11\x7f0\x00\x10\x7f\
\xf1G\xfc\xc1\x00@\xfc\xc5\x1f\xf1\x07\x03\x00\xf1\x17\x7f\
\xf1\x07\x0c\x00\xc4\x1f\xf1\x07\x0c\x00\xc4\x1f\xf1\x07\x0c\x00\
\xf1\x17\x7f\xc4\x1f0\x00\xc4_\xfc\x11\x7f\xc0\x00\x10\x7f\
\xf1G\xfc\x01\x03@\xfc\xc5\x1f\xf1\x07\x0c\x00\xf1\x17\x7f\
\xc4\x1f0\x00\xc4_\xfc\x11\x7f0\x00\x10\x7f\xf1G\xfc\
\xc1\x00@\xfc\xc5\x1f\xf1\x07\x03\x00\xf1\x17\x7f\xc4\x1f\x0c\
\x00\xc4_\xfc\x11\x7f0\x00\x10\x7f\xf1\x17\x7f\xf1\x07\x03\
\x00\xf1G\xfc\x01\x03\x00\xf1G\xfc\x01\x03\x00\xf1G\xfc\
\x01\x03@\xfc\xc5\x1f\xf1\x07\x0c\x00\xf1\x17\x7f\xc4\x1f0\
\x00\xc4_\xfc\x11\x7f\xc0\x00\x10\x7f\xf1G\xfc\x01\x03@\
\xfc\xc5\x1f\xf1\x07\x0c\x00\xf1\x17\x7f\xc4\x1f0\x00\xc4_\
\xfc\x11\x7f\xc0\x00\x10\x7f\xf1G\xfc\x01\x03@\xfc\xc5\x1f\
\xf1\x07\x03\x00\xf1\x17\x7f\xc4\x1f\x0c\x00\xc4_\xfc\xc5\x1f\
0\x00\x10\x7f\xc4\x1f0\x00\x10\x7f\xc4\x1f0\x00\xc4_\
\xfc\x11\x7f\xa0\xb0vy\x08:1\x1b \xfe\xad\xb7\xe2\
\x8f\xf8\x03\x06@&\xd2\x1f\xa0\x17\xe9\x87\xd3\x01~\xaa\
\xf7\xebP\x8b?\xe2\x0f<\x8b\x97\x00\xba\x0d\xe9I\xfa\
\xe1\xac\xe7\x9f\xe6j\xfd\x07\xf7B\xfc\x11\x7f\xc0\x000\
\x02\xc4\x1f\xf1\x07\x0c\x00#@\xfc\x11\x7f\xc0\x000\x02\
\xc4_\xfc\xc5\x1f0\x00\xe2\x8e\x00\xf1\x17\x7f\x00\x03 \
\xd8\x08\x10\x7f\xf1\x070\x00\x82\x8d\x00\xf1\x17\x7f\x00\x03\
 \xd8\x08\x10\x7f\xf1\x070\x00\x82\x8d\x00\xf1\x17\x7f\x00\
\x03`\xfb`O\xbb\xfa\x86;\xfb\x18\x01\xeb\x7f\x16\x7f\
\xf1\x070\x00\xb6\x8c\xf5*\xfdp\x9a\xfe0=/t\
\x04\x8c\xc4_\xfc\x01\x0c\x80\xed\x22\xdd\x86\xf3r\xfd\x1f\
K\x1d\x01\x88?\xc0\xfd\x1d\xf2\x10<\xe8\xdb\xbft\xe7\
l\x1d\xec\xce\xac\x07\xc5\xa9\x87\x19\xf1\x07\x0c\x80|\x07\
\x80\x11\x80\xf8\x03\x06@\x10\xf7\xbdvn\x04 \xfe\x80\
\x01P\xb9W\x0f\xfc\xf7F\x00\xe2\x0f\x18\x00\x15k6\
\xfcoF\x00\xe2\x0f\x14\xcdU\x00\x0f-\xa3\x9bK\x00\
\x1f\xe3\xea\x00\xc4\x1fp\x02PQ\xfc\xa7O\xfc\xbf:\
\x09@\xfc\x01\x03\xa0\x22\xdb|\xf3\x1c#\x00\xf1\x07\x0c\
\x80J\xcc\xb6\xfc\xff\x1b\x01\x88?`\x00T\xe0p\x87\
\x7f\xc7\x08@\xfc\x01\x03\xa0p\xcd\x8e\xff\x9e\x11\x80\xf8\
\x03Ep\x15\xc0}\xab\xe8\xe0\xa0\xfd;\x00\x9e\xf3\x97\
\xe8\xb8:\x00\xf1\x07\x0c\x80\x02\x07\xc0\xaa\x83\x0fc\x04\
 \xfe@\xbe\xad\xf3\x10|\x17\xd9YG\x1f\xca\xcb\x01\
\x88?`\x00\x14\xa4\xe9\xf0c\x19\x01\x88?`\x00\x04\
\x1c\x00F\x00\xe2\x0f\x18\x00\x858\xea\xe1c\x1a\x01\x88\
?`\x00\x04;\x010\x02\x10\x7f ;\xae\x02\xb8\xbb\
\x88\xba\xb9\x02`\x13W\x07 \xfe\x80\x13\x80\xcc\xe2\xdf\
\x0c\xf0\xd38\x09@\xfc\x01\x03 3\xcd@?\x8f\x11\
 \xfe\xe2\x0f\x18\x00\x19\x99\x0e\xf8s\x19\x01\xe2\x0f`\
\x00d\xe2p\xe0\x9f\xcf\x08\x10\x7f\x00\x03 \xd8\x09\x80\
\x11 \xfe\x00\x06@&\x9a=\xfd\xbcF\x80\xf8\x03\x0c\
\xcae\x80\xdf\xae\xa1\xfe/\x01|\x8cK\x04\xc5\x1f\xc0\
\x09\xc0\xc0\xf1\x9fe\xf0i8\x09\x10\x7f\x00\x03``\
\x93L>\x0f#@\xfc\x01\x0c\x80\x01M3\xfa\x5c\x8c\
\x00\xf1\x070\x00\x06r\x98\xd9\xe7c\x04\x88?\x80\x01\
0\x80&\xc3\xcf\xc9\x08\x10\x7f\x80^\xb8\x0a\xe0v\x09\
\xed\xff\x0a\x80M\x5c\x1d \xfe\x00N\x00z\x88\xff$\
\xf3O\xd1I\x80\xf8\x03\x18\x00=\x98\x16\xf09\x1a\x01\
\xe2\x0f`\x00t\xac)\xe4\xf34\x02\xc4\x1f\xc0\x00\x08\
8\x00\x8c\x00\xf1\x070\x00:\xf4\xaa\xb0\xcf\xd7\x08\x10\
\x7f\x00\x03\xa0\x03\x93\x02?g#@\xfc\x01v\xe62\
\xc0Q\xf6\x97\x00>\xc6%\x82\xe2\x0f\xe0\x04`\x87\xd8\
M\x0b\xbf\x0bN\x02\xc4\x1f\xc0\x00\xd8\xc1\xa4\x82\xfb`\
\x04\x88?\x80\x01\xb0\xa5Y%\xf7\xc3\x08\x10\x7f\x00\x03\
`\x0b?Tt_\x8c\x00\xf1\x070\x00\x9ehZ\xd9\
\xfd1\x02\xc4\x1f\xe0Q\xe1\xaf\x02H\xb1\xbc\x1c\xd5\xf1\
>\x80\xbb\x5c\x1d \xfe\x00\x06\xc0\x86\xa8\xad*\xbe{\
F\x80\xf8\x03\xdc\xff\xe7y\xf0\xf8\xcf*\xbf\x8b^\x0e\
\x10\x7f\x00\x03\xe0\x1eM\x80\xfbh\x04\x88?\x80\x01\x10\
p\x00\x18\x01\xe2\x0f`\x00\xdcq\x14\xe8\xbe\x1a\x01\xe2\
\x0f`\x00\xacM\x82\xdd_#@\xfc\x01>\x0b}\x15\
@\xe5W\x00l\xe2\xea\x00\xf1\x07\x9c\x00\x84\x8d\x7f\x13\
\xf8y\x8f~\x12 \xfe\x80\x01\x10\xf8\xbe7\xc1\x9f\xfb\
\xa8#@\xfc\x01\x82\x0f\x80\xa9\xa7?\xdc\x08\x10\x7f\x00\
\x03 \xdc\x1b\x00\xa3\x8f\x00\xf1\x070\x00>{\xe5\xe9\
\x0f3\x02\xc4\x1f\xc0\x00\xf8\xa2\xf1\xf4\x87\x18\x01\xe2\x0f\
p\x8f\xb0\x97\x01\x06\xbe\x04\xf015]\x22(\xfe\x00\
N\x00\xfe/H\xde\x00X\xffI\x80\xf8\x03\x18\x00\xdf\
i<\xf5U\x8f\x00\xf1\x070\x00\xee\xe5\x04\xa0\xde\x11\
 \xfe\x00\x06\xc0\x83\x0e=\xf5U\x8e\x00\xf1\x070\x00\
6j<\xf5\xd5\x8d\x00\xf1\x07\xd8B\xc8\xab\x00R\xd0\
.G\xbe\x11\xd0\xb6r\xbe:@\xfc\x01\x9c\x00<\x1a\
\x9d\x89\xf8Wu\x12 \xfe\x00\x06\xc0\x93x\x03`=\
#@\xfc\x01\x0c\x80'k<\xedU\x8c\x00\xf1\x070\
\x00\x0c\x80`#@\xfc\x01\x0c\x80\xad\xf9K\x80\xca\x1e\
\x01\xe2\x0f`\x00\xec\xc4\x1b\x00\xcb\x1d\x01\xe2\x0f\xd0\x91\
p\x97\x01\xfaK\x80z1\xc4%\x82\xe2\x0f\xe0\x04`\
\xe7\xa84\x9e\xf2\x22O\x02\xc4\x1f\xa0c\xbf\x0bv\x7f\
\x0d\x80~G\xc0\xa8\xcb\x93\x80\xf6c\xa5\x8f\xd9F\x7f\
.\xfe\x00\x06\xc0s\xcc<\xe5\xc5\x8d\x80\x0b\x0f+@\
\xf7\xa2\xbd\x09\xf0\x07O\xf9 #\xe0\xc4\xc3\x00`\x00\
\xe4\xc4w\x014\x02\x00\x088\x00\x1aO\xb9\x11\x00@\
\xb0\xcb\x00]\x02\xb8\x17\x9d_\x22\x08\x80\x13\x80m\xe2\
?\xf3t;\x09\x00 \xd8\x00\x18\xf9\x0e\x80F\x00\x00\
!\x07\x807\x00\x1a\x01\x00\x04\x1c\x00G\x9en#\x00\
\x80x\x03\xc0K\x00\xf9\x8c\x00\xa71\x00{\x16\xe6*\
\x00W\x00\x0cn\xb9\xbe\xfd+\xdd\xdao\xe3\xdb~?\
\xff\x85o\xe9\x0b\x90\x87\x10\xdf\x0a8\xc5\xdfW\xff\xfd\
\xb8\x0d{\x1b\xfa\x8f\xe96o\xff\xbb\x14\xf9\x85\x87\x06\
\xc0\x00\xc8\x81#\xe7\xe7\xb9\x8d\xfc\x87\xdb\xaf\xecS\xe4\
\xe7\x1e\x16\x00\x03\xc0\x00(\xdfr}[\xac\xbf\x9a_\
\xacC\xbf\xf4\xd0\x00\x18\x00\xa5\xf2\x12\xc0W\xf3\xd1\xd7\
#\xfb6\xf2W\xbe\x9a\x070\x00j\xf5*\xd8\xf3\xfa\
9\xec\xa3\x9b7\xe0}\xf9\xca\xde\x1b\xf0\x00\x886\x00\
\x9a\x0a\xef\xd3\x97w\xd6\xa7\xdb\x7fF\xde\x80\x07\xc0\x16\
B\x5c\x06X\xf8%\x80\xf3u\xec\xbd\x01\x0f\x00'\x00\
[\xc4\xbf\x847\x00.G\xdf_3\xef\x0dx\x00\x18\
\x00\xcf\x90\xcb\x1b\x00\xef^3\x7f\x1byG\xf6\x00\x18\
\x00=\x98\x0d\xfc\xf3y\x03\x1e\x00\x06@\x06\x0e{\xf8\
\x98_\xc2>\xfa\xfa\x06<G\xf6\x00\x18\x00\x19i\x9e\
\xf1\xef\xceG_\xdf\x80\xe7\x9ay\x00\xaaQ\xfdU\x00\
\x07\x07\x07\x97\xa3\xcd\xef\x03\xb8\xfdj\xde_Z\x03\x80\
\x01P\xd1\x00X\x8d\xfc\xa55\x00\x00\x00\x00\x00\x00\x00\
\x00\x00\x00\x00\x00\x00\x00\x00\x00\x00\x00\x00\x00\x00\x00\x00\
\x00\x00\x00\x00\x00\x00\x00\x00\x00\x00\x00\x00\x00\x00\x00\x00\
\x00\x00\x00\x00\x00\x00\x00\x00\x00\x00\x00\x00\x00\x00\x00\x00\
\x00\x00\x00\x00\x00\x00\x00\x00\x00\x00\x00\x00\x00\x00\x00\x00\
\x00\x00\x00\x00\x00\x00\x00\x00\x00\x00\x00\x00\x00\x00\x00\x00\
\x00\x00\x00\x00\x00\x00\x00\x00\x00\x00\x00\x00\x00\x00\x00\x00\
\x00\x00\x00\x00\x00\x00\x00\x00\x00P\x95\xff\x090\x00h\
\xaa~\xed\xfa5Y\xc1\x00\x00\x00\x00IEND\xae\
B`\x82\
\x00\x00?\xa8\
\x89\
PNG\x0d\x0a\x1a\x0a\x00\x00\x00\x0dIHDR\x00\
\x00\x02\x00\x00\x00\x02\x00\x08\x04\x00\x00\x00^q\x1cq\
\x00\x00\x00\x04gAMA\x00\x00\xb1\x8f\x0b\xfca\x05\
\x00\x00\x00 cHRM\x00\x00z&\x00\x00\x80\x84\
\x00\x00\xfa\x00\x00\x00\x80\xe8\x00\x00u0\x00\x00\xea`\
\x00\x00:\x98\x00\x00\x17p\x9c\xbaQ<\x00\x00\x00\x02\
bKGD\x00\x00\xaa\x8d#2\x00\x00\x00\x09pH\
Ys\x00\x00\x0d\xd7\x00\x00\x0d\xd7\x01B(\x9bx\x00\
\x00\x00\x07tIME\x07\xe3\x04\x13\x0d\x1f2\xe6}\
Qp\x00\x00>vIDATx\xda\xed\xddw|\
\x1c\xf5\x9d\xff\xf1\xd7\xac$\xabX\xb2\x8aU\xad.K\
\xee\xb8S\x03\x04\x12L'nX\xe0\x009\x12J\xe0\
B !\xb9\x00\x97\xe4w\xbf\x5c\x80$\x17.\x18\xee\
\x17r9Z.\x84f\x83mj\x00\x87P\x02!\xc6\
\x14\xdb`\x1b\x90%\xad\xe4\x22[\xbd\xae\xb4\xb2\xb4\xfb\
\xfbc-K\xb2\xda\x96\x99\xf9\xce\xec~\x9e~\xc4\xc1\
\xb6\xb4\xf3\xdd\xd5\xce{g\xbe\xf3\xfd|FC\x84\x97\
h\x12\xc9$\x8b\xa9$\x93L2)$3\x85)\xc4\
\x12O\x02q$\x10\x8f\x06D1\x99\xa8\xa3\xdf\xd3O\
\x17\xfd\x80\x97n\x5c\xf4\xe0\xa2\x1b7\xed\xb4\xd3F+\
m\xb4\xd1J\x13\x87i\xa0\x93>\xd5OP\xe8IS\
=\x00\x11\x02\x8dT\xf2\xc8&\x97\x1cr\x98F\x06\xe9\
\xa4\x12\x87\x03m\x94_\x1c\xfb}\xe0\xbb\x07y\x87\xfc\
\xbf\xf7\xd8\xef\xc3\x7fy\xf0\xd2C\x0b\x8d\xd4s\x90C\
\xd4q\x80:\x0e\xd0r\xec\xbb\x85\xedH\x00\xd8K\x1c\
9\x14\x91\x7f\xf4W.)D\x13u\xf4\x7f\xd1D\x11\
\x85\xc3\xd0\x9f\xa9\x17\x0f\xfd\xf4\xd3G\xdf\xb1\xdf[\xd9\
\xcf~\xf6\xb1\x8fZ\x9c\x1c\xa2G\xf5\x8b$\xfc'\x01\
`}\x09\x94Pt\xf4W\x0e\xc9\xc4\x12\xcb\xa4\xa3\xbf\
G\x85\xfe\xf0!\xeb\xa7\x177nzq\xd3C;\x07\
qR\x83\x93j\xaaq\xa9\x1e\x9c\x18\x9f\x04\x805E\
\x93\xc6t\x8a)\xa1\x8c\x5c\x92\x98\xccd&\x93@\x9c\
%v\xf9\xf1\xf4\xd3C\x17.\xba\xe8\xa2\x9d\x03\xec\xa5\
\x8a**i\x91\xd9\x03+\x92\x00\xb0\x96D\xf2\x99N\
\x09e\x14\x93B2\xc9\xa42\xd9\xb6?%/]\xb4\
\x1c\x9dD\xac\xa3\x8aj*\xa9\xa4Y\xf5\xb0\xc4 \xbb\
\xbe\xb5\xc2\x8b\x83,\x8a(f:\xf9d\x93A:\x19\
$\xab\x1e\x94\xce\x5c4\xd1H\x03u\xec?zzP\
+\xc7\x04\xeaI\x00\xa8\xa3\x11C!\xa5\xe4\x93wt\
\x16?\x97TbT\x0f\xcb`\xfd\xb4s\x88\x83\x1c\xa0\
\x96}\xecc/5\xf4\xaa\x1eT\xe4\x92\x00P!\x86\
\xa9\x14P@)\xa5\x94\x92O.\x93\x22\xee'\xe1\xc5\
\xcdA\xf6\xb1\x97Jj\xd9G5\x87%\x08\xcc\x17i\
o;\xb5\x1cL!\x9b\x1c\x0a\x98\xc1\x0cf2\x83X\
\xd5C\xb2\x80#\xd4P\xc1.\xbe`\xdf\xd1u\x05\xfd\
\xaa\x87\x149$\x00\xcc\x11O:YdS\xc2l\xe6\
2\x83,\xd5\x03\xb2\xa06*\xd9\xcdN>\xe7 \x87\
i\xa4[\xf5\x80\x22\x81\x04\x80\xd1b\xc9 \x83\xe9,\
d\x09\xf3\xc9\xb2\xfce<\xd5\xfa9\xcc\x0e>b\x07\
5\xd4sXb\xc0X\x12\x00F\xd1\x88!\x85TJ\
8\x93\xb3\x98O\x82\xea\x01\xd9\x8c\x9b\xbd\xbc\xc9\x16\xbe\
\xa0\x99Vze\xb9\xb11$\x00\xf4\xa7\x11C\x02I\
\x14r\x0e\x17\xb3X^\xe3\x90|\xcaK\xbcF\x15\xed\
tI\x0c\xe8O\xde\x9cz\xd2\x88\x22\x86D\xca8\x87\
\xf39I\x0e\xf7u\xe2a7[x\x91]\xb4sD\
V\x0f\xe8I\x02@Oq,a5\xe73\x13\x87\xea\
\xa1\x84!\x0f\x9f\xf32\x1b\xf9\x10\xb7\xea\xa1\x84\x0f\x09\
\x00\xbd\x94\xb1\x8a\xcb\x99\xc3$\xd5\x03\x09s}T\xb2\
\x99\xf5|\xa4z \xe1A\x02 t\x89\x9c\xcfZN\
&\xcd\x22\xd5y\xe1\xae\x9f#\xb4\xf2\x11\x1b\xd9H\x8b\
\xea\xc1\xd8\x9d\x04@(\xa2\x98\xcdZ.\x22\x9b)\xc4\
\xcaa\xbf\x89\xbc\xb8\xe9\xa0\x9e7x\x8a\xf79\xa2z\
8\xf6%\x01\x10\x9ch\xa6q\x1e\xe73\x9b\x0cR\xe5\
s_\x91~\xdai\xe4S^\xe6U\xeadr0\x18\
\x12\x00\x81K`\x0e\x17q\x16\x05d\xcb\xd5}\x0bp\
Q\xc7\x01\xfe\xc1\xf3\xec\xa0S\xf5`\xecF\x02 0\
i,\xe1\x1cNf:9\xf2\xb9o!\x1e\x1a\xd8\xcb\
\x07\xbc\xce?hP=\x18;\x91\x00\xf0\x97F\x01\xa7\
q\x1a\x0b\x98A\xa6\xbcn\x16\xe4\xa5\x99\x0a\xb6\xb3\x95\
\xbfS!K\x86\xfc#od\x7fD1\x83S9\x99\
\xa5\x94\x91\xa4z0b\x5c]T\xf3!\xef\xf1>\x9f\
\xca\xe4\xe0\xc4$\x00&\x12\xcf\x22\x16\xb1\x84\xd3(\x92\
\xe2]\x9b\xe8e?[\xf9;\x1f\xb2]\x8a\x89\xc6'\
\x0106\x8dXfq:\xe7\xf0%\xd2\xe4\x22\x9f\xcd\
xh\xe6\x1d\xfe\xcaV>\xa5[N\x08\xc6\x22\x010\
:\x8d\x04\xa6\xb3\x80\xf3Xy\xf4N:\xc2~\xbc\xb8\
y\x95\xe7\xd9\xc9\xe7tJ\x08\x8cF\xde\xda#iL\
&\x9f\x05,\xe7\x12&\xab\x1e\x8c\x08Y7\x7fa\x03\
\xdb\xa9\xa1CB\xe0x\x12\x00\xc3i\xc4\x93\xcd\x22V\
sa\xd8\xf5\xe5\x8dd\x9d\xbc\xce\xd3|@\x1d]\x12\
\x02CI\x00\x0c\x15G*K\xb8\x82\x0b\x99\xa2z(\
Bw\x9d\xfc\x95\xc7x\x8ffz$\x04\x06H\x00\x0c\
\x88f2\xa7s-_\x95\x0b}a\xac\x9d\xb7x\x94\
7\xe9\x90\x85\xc3>\x12\x00\x03N\xe1\x87,\x93O\xfe\
\x08\xd0\xce\xeb\xac\xe3m\xd5\xc3\xb0\x06\x09\x00\x80\xe9\xdc\
\xc6*\xa6\xaa\x1e\x860M3/\xf0K>S=\x0c\
\xf5$\x00R\xb9\x99\xab\xc9\x89\xc0[sD2/\xbd\
4\xb0\x81_Dz\xe5@$\x17\xb4h$\xb0\x9a\xff\
\xe1|\xb2\x88\x91\xdd?\xa2hD\x93\xc8\x5c\x96\xe3\xe5\
\xf3H^2\x1c\xb9o\xfb\xc9|\x89\x1bXL.\xd1\
\xaa\x87\x22\x94\xe9\xe7\x10\x1f\xf1{\xde\x8a\xd4B\xe2\xc8\
\x0c\x80\x04\x16p\x05gR\x22\x0b}\x04\xddT\xf1\x06\
\x7fbg$\xd6\x0dD\xde)\x80F1Wp\x13_\
\xa1H\x1ax\x0a \x86LJ\x98O\x0a\x0d\xb4F\xda\
\x0a\x81H\x0b\x80\x14\xbe\xc2\xf5\xaca\xa1|\xf6\x8b!\
\x12(\xa0\x94B\xfai\xa0G\xf5`\xcc\x14I\x01\x10\
\xcd<.\xe3j\xceaZ\x84\x9e\xfa\x88\xb1i\xa41\
\x9dRR\xe9\xa6\x1e\x8f\xea\xe1\x98%r\x02 \x93s\
\xf8'.c>q\xaa\x87\x22,*\x96|f\x93\x0d\
4G\xca\xa4`d\x04\xc0$\x16\xb0\x9a\xeb\xf9\x0a\xe9\
\xf2\xd9/\xc6\xa1\x91\xc4\x0cf\x91@/\x0d\xf4\xab\x1e\
\x8e\xf1\x22!\x00\xa6q6\xd7s\x15\xa5\xc4\xa8\x1e\x8a\
\xb0\x81hrXB>\xddt\xd2\xaez0F\x0b\xf7\
\x00\x88a\x1ek\xb9\x83Se\xd2O\x04 \x8eRN\
#\x9a&\x9a\xc3{> \x9c\x03\xc0A2K\xf8%\
\xdf\x90\x86^\x22`\x0e\x929\x8dYT\xd2\x11\xce\xb7\
%\x0f\xdf\x00\x88&\x9b\xe5\xfc\x8e\x13d\xe7\x17Ar\
P\xc2\xc54r\x18W\xb8\x1e\x07\x84g\x00h\xc4R\
\xc6\x8f\xf87\xa9\xed\x17!\x9a\xcc\x85d\xf39\xad\xe1\
\x19\x01\xe1\x19\x00I\x5c\xc8\x7fs\xbe\xcc\xf8\x0b\x1dh\
\x9c\xc02\x0eQ\x8b[\xf5P\xf4\x17\x8e\x010\x83\xdb\
\xb8\x8bl\xd5\xc3\x10a$\x8d\x8b\xc9\xa1\x9az\xd5\x03\
\xd1[\xb8\x05@\x02\xab\xb9\x9b\xaf\x11+\x9f\xfeBW\
\xd1\xcce1\x9dT\x87W\xf1px\x05@\x19\xb7r\
3\xb3d\xf7\x17\x06\x88&\x9b\x93H\xc7I\x8b\xea\xa1\
\xe8'|\x02@\xe3,~\xc4j\xb2e\xb9\x8f0H\
\x14S\x98\xcd,\xda\xa9T=\x14\xfd\x9eRx\x88\xe3\
*n\xe2L\xb9\xe2/\x0c\xe5`2y\x94\x12\xc5\x9e\
\xf0\xe8+\x1c\x1e\x01\x90\xc5M\x5c\xcd\x22\x12U\x0fD\
D\x80X\xb2(%\x95/\xc2\xa1`(\x1c\x02`\x11\
\xdf\xe3r\xca\xe4\xde\xbd\xc2$\xd1L\xa5\x8c,\x0er\
H\xf5PBe\xf7\x00pp>\xdfe%Y\xb6\x7f\
&\xc2N\x1cLa&\xd3\xe8\xe7\x0b{/\x13\xb6\xf3\
n\xa3\x91\xcc*n\xe1\x5c\x12d\xd6_\x98L#\x8e\
\x99L\xa7\x9b}v^ d\xdf\x00\x88\xa1\x90\xcb\xf8\
\x01Ke\xdaO(\xe2 \x97y\xf4q\x88N\xbb.\
\x14\xb6k\x00\xc42\x8b\xab\xf9\x01\xf9\xaa\x07\x22\x22\xdc\
TN\x02\x1ah\xb5\xe7U\x01{\x06@\x02\x0b\xb9\x9e\
\x1be\xd6_X@<\xa7\x10G\x03Mv\x5c#h\
\xc7\x00H\xe4\x14\xbe\xcbUrC\x0fa\x11\x0e\x16\x92\
\xc5a\x0e\xd3\xabz(\x81\xb2[\x00hLa\x19\xb7\
s\x81L\xfb\x09\x0b\xd1\x98\xc1t\x1a9`\xb7\x08\xb0\
W\x00h$Q\xce\x8fY\xa2z B\x8c\x90\xcf|\
:\xa9\xb0W\x04\xd8+\x00R\xf8\x0e?\xa2D\xf50\
\x84\x18U:K\x89b\xa7\x9dn-b\xa7\x00(\xe0\
\xe7|\x9bt\xd5\xc3\x10bL\x89\x9cH.\x9f\xd0\xaa\
z \xfe\xb2O\x00,\xe4\x17,'Q\xce\xfd\x85\xa5\
\xc50\x93\x99TP\xa7z \xfe\xb1K\x00,\xe3\xe7\
|\x99\xc9\xb2\xfb\x0b\x8b\xd3\x88\xa1\x80\xd9\x1c\xa0Z\xf5\
P\xfca\x8f\x00\xb8\x80\x9fr\x92,\xf8\x15\xb6\xa0\x11\
C6\xb3h\xe4s\xd5C\x99\x98\x1d\x02`%w\xb0\
\x98x\xd5\xc3\x10\xc2o1d2\x83vv\xa9\x1e\xc8\
D\xac\x1f\x00k\xf8\x11\x8b\xa5\xd4W\xd8L4\x99\x94\
\xd1\xc5'\xaa\x072>k\x07\xc0$Vs\x1b\x8b\xa5\
\xc9\x97\xb0\xa1(\xb2(\xa5\x9d\x0a+\xdfd\xd4\xca\x01\
\x90\xc4jn\x95j?a[\x0e\xb2)\xa1\x8dj\xeb\
.\x0e\xb2n\x00\xa4\xb0\x9c[e\xcd\x9f\xb0\xb9\x1c\x8a\
\xe8`\x9fU\x17\x07Y3\x0042X\xce-,R\
=\x10!B\x96C\x09\x1d\xec\xc7\xa5z \xa3\xb1b\
\x00hd\xb2\x9c\xef\xb1@\xf5@\x84\xd0E\x16e\xb4\
\xb1\xcf\x8a\x11`\xc5\x00\xc8`9?`\x8e\xeaa\x08\
\xa1\x9b\x0c\xcah\xa6\xd6z\x11`\xbd\x00H\xe5\x12\xbe\
'\xbb\xbf\x083\xe9\x94\xd0B\x0d\xdd\xaa\x072\x9c\xd5\
\x02 \x91\x15|\x9f\xf9\xaa\x87!\x84\xee2)\xa1\x95\
\xbd\xd6\xba\x22`\xad\x00\x98\xc4J\xbe'S\x7f\x22L\
eRH\x0b\x9fYi]\x80\xb5\x02`%\xb7r\xa2\
\xeaA\x08a\x98l\x0ah\xb6\xd2\x02a+\x05\xc0Z\
\xee\x90\xeb\xfe\x22\xccM\xa3\x846\xebD\x80u\x02`\
\x0d?d\x81\xac\xfa\x13a/\x93b\x9a\xd8\xa3z\x18\
>V\x09\x80\x8b\xb9\x8d\x85\xb2\xe6_D\x00\x07\x19L\
\xa7\xc1\x1a\xc5\xc2\xd6\x08\x80e\xfcD*\xfeD\xc4\x88\
\x22\x9db\x9cVh\x19b\x85\x00X\xcc\xcf9Q\xea\
\xfdE\x04\x89&\x83\x22v\xaa\xbf\xbb\xb0\xfa\x00\xc8\xe7\
\x17\x9cI\x82\xeaa\x08a\xaa\x18\xb2\xc8\xe3\x1f\xb4\xa9\
\x1d\x86\xda\x00\xd0H\xe1\xe7\xac\x90^\x7f\x22\x02\xc5P\
\xc0T\xfe\xa6\xf6\xde\xc2*\x03@c\x0a7\xf1m\xe9\
\xf4+\x22\x92F\x0c3\xe8c\x87\xca\x08P\x19\x00S\
\xb8\x9c\x1f\x91.\xbb\xbf\x88P\x1a\x93\x98C=\x15\xea\
\x22@]\x00$\xb2\x8c\x9fP\xa4l\xfbBXA\x22\
\xa5\xd4\xb2OU\x85\x80\xaa\x00\x98\xcc\x97\xf8\x11\x8b\x15\
m]\x08\xeb\xc8 \x8f\x0a\x0e\xa9\xb9\xb9\xb8\x9a\x00\x88\
c1\xdf\xe7\x5c%\xdb\x16\xc2j\xf2I\xa4\x9a\x06\xfa\
\xcc\xdf\xb4\x8a\x00\x88a6\xd7\xb1V\xce\xfd\x858j\
\x16\x1a\x954\xe11{\xc3\xe6\x07\x80F!Ws\xa3\
\x05V \x08a\x15\x1asic\xaf\xf9\xab\x02\xcc\xdf\
\x0dS\xb8\x8c[\x99l\xfav\x85\xb0\xb2(\xe6r\x98\
\xcf\xcc\xee\x1elv\x008X\xcd\x0f\xc83y\xabB\
X_<\xc5\xd4\xb1\x0b\xaf\x99\x1b5;\x00.\x96\x8e\
?B\x8c!\x9dt\x0eSa\xe6&\xcd\x0d\x80\xc5\xdc\
\xc49R\xf3/\xc4\x18\xa6\x11\xcb^3K\x84\xcc\x0c\
\x80i|\x8f\x15R\xf6#\xc4\x98\xa2\xc8#\x9a\x8f\xe9\
4o\x83f\x89\xe7f.#S.\xfe\x091\x8eX\
\xb2\xd0\xd8f\xd6\x9a\x00\xb3\x02@\xe3J\xaef\xba\x5c\
\xfc\x13b\x5c\x1a\x89\xa4\xe3b\xbb9\x9b3k\x87<\
\x87\x9bX =\x7f\x84\x98\x90\x83d\xd2\xa8\xc5i\xc6\
\xc6\xcc\x09\x802n\xe3\x0c\x12M\xd9\x96\x10v\x17C\
\x1a)|L\x8b\xf1\x9b2#\x00\x12\xb8\x95\x15\xa4\x99\
\xb0%!\xc2C\x1cY\xc0\xdf\x8d\x9f\x090#\x00V\
s3\xd9r\xf1O\x88\x00\xc4\x91\xc7>\xe3\xef\x1f`\
|\x00\xcc\xe1NfI\xc3o!\x02\xe2`2\xf9\xfc\
\x9dFc7cl\x00hL\xe1'\x5c(\x93\x7fB\
\x04,\x8a,b\xf8\x9b\xb1}\x02\x8c\x0d\x80X.\xe2\
\xdfe\xf7\x17\x22(Q\xccg\x07\x95F\xdeL\xd4\xc8\
\x00\x88f6\xbf#\xcb\xc0-\x08\x11\xce4\xa2\x99\xcf\
\xeb4\x1b\xd7'\xc0\xb8\x00p\x90\xc3O\xf8\xaaa\x8f\
/D$H'\x8e\x0f\xe84\xaaF\xd0\xb8\x00H\xe6\
b~\x22\x0b\x7f\x85\x08\xd1\x02>\xa3\xd2\xa8>\x01F\
\x05@\x0c\x8b\xf8\x1dS\x0c{Q\x84\x88\x14\x1a'\xf1\
\x16u\xc6\x9c\x06\x18\x15\x00\xf3\xf8\x15\xf3\x0d|Q\x84\
\x88\x1c\x89\xe4\xf3\x11\xf5F<\xb41\x01\x90\xc7\x15\x5c\
%K\x7f\x84\xd0I\x01\xf5\xec\xa5C\xff\x076b'\
\x8d\xe5$\xbeI\xb4\xe1/\x8a\x10\x91\x22\x86oq\x12\
\x93\xf4\x7f`#\x8e\x00\x16s#'\xc9\xe7\xbf\x10:\
J$\x9a\xbd\xd4\xe9\xfd\xb0\xfa\x07@\x16\xab\xb9R\xfa\
\xfe\x08\xa1+\x079\xd4S\xa1w\xaf \xbd\x03 \x9a\
s\xb9\x8e\xe9\xa6\xbd,BD\x8axR\xa9\xe5\x0b}\
\xaf\x06\xe8\x1d\x00\xf3\xb9\x9a\xb3\xe5\xfc_\x08\x03\xa4\xd2\
K%\x87\xf5|H}\x03 \x95\xb5\xaca\xaa\xa9/\
\x8a\x10\x91\x22\x9aTZ\xd8\xa5\xe7\xa2 =\x03@\xe3\
\xab\x5c\xcd<Y\xfd'\x84A\x92\x89e\x1f\x95\xfa-\
\x0c\xd63\x00\xa6s=_\x95\xda?!\x0c\xa3\x91\x86\
\x87O\xf4k\x16\xa6_\x00$p\x15\xab\xc9Q\xf2\xb2\
\x08\x11)bI\xa2\x8d\x9dz5\x0b\xd3/\x00\x96\xf2\
\xcf,\x94\xc3\x7f!\x0c\x96B<;9\xa8\xcf\x83\xe9\
\x15\x00\x89\xdc\xcaW\xe4\x9e\xbfB\x18\xceA\x22\x0e\xbd\
:\x05\xe9\xb3^O\xe3\xcb\x9c%\xb3\xffB\x98\x22\x83\
\xafp\x86>G\xdb\xfa\x04@\x02\xd7S\xac\xf4%\x11\
\x22\x92\x94\xf0m\xe2\xf5x }N\x01\xbe\xc1Z\xf9\
\xfc\x17\xc241$p\x88\x9d\xa1?\x90\x1e\x87\x11\xa9\
\xbc\xc1\x5cY\xfd'\x84\x89\xfa\xd9\xc5\xd94\x87\xfa0\
z\x1c\x01\xfc\x1f\xce\x91\xe2\x1f!L\xe5`\x12\xf0f\
\xa8\x0f\x13\xfa\x11@\x19[\xc8\x97\xe2_!L\xe6a\
\x1f\xe7\xf1yh\x0f\x12\xfa\x11\xc0\xaf9M\xee\xfb#\
\x84\xe94\xe2I\xe1\xb9\xd0\x1e$\xb4O\xeehNg\
\x85\x11}J\x84\x10\x13\x9a\xc4\xd78%\xb4\xd9\xb7P\
\x8e\x004\x92\xf8\x15\x8be\xf5\x9f\x10J\xf8\x8e\x01^\
\xc1\x1d\xfcC\x84r\x04\x10\xc7\x97\xe5\xc6\x1fB(\xb5\
\x8c\xd3\x89\x0b\xfe\xdb\x83\x0f\x00\x8dT\xae\x91\xce\xffB\
(\x95\xcc5\xa4\x05\x7f\x14\x1e|\x00$p2g\xa9\
~\xf6BD\xbc\xafrb\xf0\x97\xe1\x83\x0d\x00\x8d\x1c\
\xae\x94\xcf\x7f!\x94\x9b\xc2\x15d\x07{\x0c\x10l\x00\
$\xb2\x98e\xaa\x9f\xb9\x10\x028\x8fE\xc1V\xe2\x06\
\x17\x00\x1a\xf9\xac!I\xf5\xf3\x16B\x00SXCA\
p\xc7\x00\xc1\x05\xc0d\x16p\x9e\xeag-\x848\xea\
\x02\x16\x04w\x0c\x10L\x00h\x94\xb2J>\xff\x85\xb0\
\x8c$\x963=\x98c\x80`\x02 \x8e\x85\x9c\xaf\xfa\
\x19\x0b!\x86\xb8\x98E\xc1\xac\x07\x08&\x00\xe6q\x09\
\x89\xaa\x9f\xaf\x10b\x88\xc9\x5c\xc8\x9c\xc0\xbf-\xf0\x00\
\x88\xe7\x14.P\xfdl\x85\x10\xc7\xb9\x98S\x02?\x06\
\x08<\x00\x16\xf1\xd5P\x96\x1e\x0a!\x0c\x11\xc7WX\
\x18\xe87\x05\x1a\x001,\xe6KR\xfe#\x84\xe5h\
\x9c\xc1\x92@k\x03\x03\x0d\x809\x9cB\x9a\xeag*\
\x84\x18E\x1a'3;\xb0o\x09,\x004N\xe6\x14\
\xe9\xfe#\x84%Eq*\xa7\x04v|\x1e\xd8\x01C\
1'\x91\xaf\xfaY\xda@\x0b;\xd8A\x15m\xf4\x91\
L!'p\x12\xa9\x12\x9c\x01\xf0\xd0\xcc6vRK\
\x1b\xd1$3\x9d\x05\xcc'U\xf5\xb0,/\x9f\x13\xd9\
\x82\xd3\xffo\x08,\x00Ne\x89\xf4\xff\x99@\x0b\xef\
\xf3\x0a\xdb\xd9O\x03\xddx\x88'\x8d\x5c\xe6\xb1\x8c/\
\x93\xa1zp6\xd1\xc0\x9bla\x17\x07h\xa6\x1b\x07\
\xf1d\x90\xc7B\xce\xe7$\x09\x81q\xc5\xb2\x84S\x03\
\x09\x80@:\x02ep\x15gK\x00\x8c\xab\x86\x8d<\
\xc8+|F3n\xfa\xf1\xd0K\x1b\xfb\xd8M%\xdd\
d\x92*\x13\xa8\x13\xf0P\xc1\xe3<\xc2_\xa8\xa6\x8d\
^<\xf4\xe3\xa6\x19'\x9fQ\x89\x87,\x92U\x0f\xd1\
\xd2\x12i\xe1}\x5c\xfe~y \x01p6\xe5LW\
\xfd\xfc,m/O\xf1\x08\xdb\xe8\x19\xf1/}\x1c\xa0\
\x92n\xb2\xc9\x90S\x81qx\xf8\x94Gy\x8c]\xa3\
\xdc\xfd\xb6\x87\x1a\x9c\xf4\x93-7\xa1\x19G,}T\
\xb2\xd7\xdf/\xf7?\x00\x12\xb8\x86\xafH\xff\xffqT\
\xf1\x18\x7f\x1c\xa7Ms+\x95\xb8\xc9\x93\x08\x18\x93\x87\
]<\xc2\x93\xec\x1f\xf3+\x1ap\xe2\xa1@\xaeD\x8d\
#\x8e\x0e\xde\xf5\xf7\xd6\xa1\xfe\x07\xc0B\xaef\x96\x1c\
\xc0\x8e\xa9\x86\xff\xe51*\xc7\xfd\x9a.\x9c\xf4PH\
\xbaD\xc0(<\xec\xe1A\xd6sh\xdc\xafje\x1f\
\x1e\x8ae.`L\x09\xf4\xb1\x9d\x03\xfe}\xb1\xbf\x01\
\x10\xcd\xf5|U:\x00\x8d\xe9\x00\x0f\xf3\x07?&_\
\xbap\xe2\xa2,\x94.na\xcaC\x05\x0f\xb0\x9e\xc3\
\x13~e+N<\xcc\x94w\xe3\x184\xa2\xe9\xe0\x1d\
<\xfe|\xb1\xbf\x01\x90\xc7-\xcc\x95\xcf\xad1\xd4\xf3\
?<\xc4>\xbf\xbe\xd6E\x0d\x1d\xcc&E\x22`\x08\
\x0fN\xeee\x03\xf5~}u;U\xc0,)I\x1b\
\xc3d\xe0/\xb4\xfb\xf3\xa5\xfe\x06@9\x17\xc9\xd4\xcb\
\x18Z\xf9/~7\xc1\x81\xebP.\xaa\xa8g\x09S\
$\x02\x8e\xf2R\xc7\xdd<C\xa3\xdf\xdf\xd1\xc1n\x8e\
\xb0X\x9f[d\x87\x1d\x07\x1e\xea\xf8\xd8\x9f/\xf5/\
\x00\xa2\xb8\x83\x05r\x01pT\xdd\xfc'\xf7\xd1\x14\xe0\
\xf7T\xb3\x9f3H\x90\x08\x00\xbc4s\x07\x1b\x03\xbc\
\xd3\xad\x8bO\xe8\xe5Kr[\xbaQ\xc5\xa2\xf1,\xde\
\x89\xbf\xd0\xbf\x00X\xc2\x0d\xe4\xa8~N\x16u\x17\xbf\
\xa23\xe0\xefrS\xc5\x17\x5c$\xa1\x0a\xf4\xf0\xcfl\
\xa2-\xe0\xefs\xf3\x01=\x9c\xa3z\xf8\x964\x09\x07\
\xef\xf8sT\xea_\x00\xdc\xcair\x01p\x14\xdd\xdc\
\xc5\xcfF\xb9b\xed\x8f^\xaa\xd8\xc6\xf2\x88\x8f\x00\x17\
_\xe7E\xba\x82\xfa\xde>\xde\xa5G\x8e\x02\xc6\xd0\xcb\
_&\xfe\x22\x7f\x02 \x89\xbb(\x90\x09\xc0\x11Z\xf9\
O~\x15\xe4\xee\x0f\xd0\xcf~\xb6\xb1\x82\x98\x88=\x11\
\xf0\xd2\xc3\xd7ym\x94\x85S\xfe\xfb\x107Kd.\
`\x84X\xa6\xf0'z'\xfa2\x7f\x02`5\x97J\
\x0b\xd0\x11\xea\xf9/\xee\x0b\xe2\xe0\x7f\xa8~\xf6\xb1\x87\
\xb3#t.\xc0K3\xff\xcc\x8b\xf4\xf8s\xae:\xa6\
>>\xe1\x08s\xe5\x8a\xc0q\x1chT\xb0{\xa2/\
\xf3'\x00~\xce\x1c9\xc8:\xce\x01~\xcf\xef\x02\x9c\
\xfa\x1bM\x1f\xb5\xd4p\x22I\x11\x17\x01\x1e\xea\xb8\x83\
MA\x1e\xfc\x0f\xe5\xe6s\xfa\x98!5\x02\xc7\x89\x22\
\x96\xf5\x13\x7f\xd1Df\xf1\xafr\xcd\xfa85<\xcc\
C\x01\x5c\xf8\x1bO/5\x1cf^\x84\xbd\xc6\x1e\x9c\
\xdc\xcd\xc6 \xa6\xfeF\xe3b/\xfd\x94\xc8\xea\xc0a\
\xa2H\xe1\x85\x89\xae\xadL\x1c\x00\xd7q^\xc4OT\
\x0dW\xc5\xff\xf2\x07?\x97\xfd\xf8\xc3M--\x94\x91\
\x161\xf3,\x1e*X\xc7\x86\x00/\xfc\x8d\xa7Sj\
\x04F\xd0\x88\xe1\x10\x7f\x1f\xff\x8b&\x0a\x80X\xeee\
Z\xc4\xbc1\xfd\xb1\x97\xc7x,\x90\x8ak?tS\
K'E\x11R#\xe0a\x0f\x0f\xb0>\x80e?\xfe\
hg\x1f\x1e\xf2d\xb9\xda\x10\x0e\xd2\xf9_\xfa\xc7\xfb\
\x92\xf1\x03 \x9a\x93\xf8\xa1\x9c\xff\x0fQ\xc3S\xfcq\
\x82\x92\x9f`\xb8\xa8\xa1\x97|2\xc2\xfeD\xc0\xc3.\
\x1ed\xbd\x9f\x8b~\x03\xd1\xca~&QH\x8a\xea\xa7\
h\x19\x0e\xa6\xf2*\x87\xc6\xab\x0a\x18?\x00b\xb9\x89\
\xd3U?\x0b\x0bi\xe1Y\x1e\x1d\xa7\xe07\x14.j\
8Bn\x98G\x80\x87Oy\x84\xa7\xfd(\xf9\x09F\
+\xf5\xa4P*\x17\x05\x8f\x89\xa6\x99\xbf\x8dw\xa9z\
\xbc\x00\xd0H\xe3Nic5\xc4[<\xc46\xc3\x1e\
\xbd\x8b\x1az\xc9\x0d\xe3~\x01\xbez\x7f\xa3v\x7f\x80\
&\x5c\x14\x05w\x97\xbc0\x95\xccS\xe3\xf5\x07\x1a/\
\x00bY\xcc\xad\xf2R\x1e\xd3\xc2#\xbc\x12\xd2\xa2\x95\
\x89tR\x8d\x9bB\xd2\xc3\xf2U\xf7\xaf\xde?4^\
ZH\xe4\x149\x068f*/Q7\xf6<\xc0x\
\x010\x85o\xf1%\xd5\xe3\xb7\x90\xad<\xcdg\x06o\
\xa3\x8b\x1a\x5cL\x0f\xc3~\x01\xfe\xd7\xfb\x87\xc6M<\
\xb3)R\xfdt-\xc3\xc1\xa1Q\x9b\xd4\x1d\xfb\xe7\xb1\
h$s\xae\xea\xd1[\xca\x0e\x1d/\xfd\x8d\xed0O\
s/\xd5\xfe\xb5s\xb0\x0d\x0fN\xee3\xf4\xe0\x7f\xd0\
~v\xa8~\xba\x96r\xdex\x85\xe7c\x07@,\xd3\
\x99\xa7z\xec\x96R\xa9\xf3\x85\xab\xb14\xf2,\xbf\xe2\
`H\x0bd\xad\xc5K\x1d\xbfd=\x0d\xa6l\xad\x81\
*\xd5O\xd8R\x16R4\xf6J\x9e\xb1\x03 \x85e\
a;\x19\x15\x9c6\xff\x9b-\x87\xa8\x89\xf5\xdcAc\
\x98D\x80\x97f~\xca3:,\x9c\xf6O7\xad\xaa\
\x9f\xb2\xa58X6\xf6\xa5\xd1\xf1\x02@N\x00\x86\xeb\
7q\x87l\xe39\xbeg\xe8\x84\xa3yz\xb8\x99g\
h1m{\x9e\xf1\x97\xbeD\xa0 \x02 \x8e\x92\xc0\
o5\x1c\xe6RL\x9d[\xee`#\xabC\xac6\xb4\
\x02\x17k\xd9D\x87\x89[L\x90\xa5@\xc7YJ1\
\xb1\xa3\xff\xd3X\x01\x90\xc1Ya7\x0f\x1d\xaa|\x93\
W\x9a\xbby\x93+\xe8\xb6\xf1\x89\x80\x97n\xd6\x86X\
\xef\x1f\xb84\x0aT?q\x8bq\x8c}[\xba\xb1\x02\
 \x93\xb3U\x8f\xdar\xe6\x93k\xea\xf6\xbc\xf4\xb0\x85\
ki\xb6i\x04xi\xe6Z\xb6\x84X\xef\x1f\xb8\x5c\
\xe6\xab~\xea\x96s6\x99\xa3\xff\xc3\xe8\x01\x10O1\
sU\x8f\xd9rNb\x9e\xc9\x0bL\xbct\xf3\x02?\
\xe4\xa0\x0d/\x0az8\xc8\x0fy\xc1\xf4#\x98x\xe6\
\xb2T\xf5\x93\xb7\x9c\x13(\x22n\xb4\x7f\x18}!\xd0\
4.\xe6+\xaa\xc7l9q\xf4R\xe9\xef\x1dWt\
\xd3\x8b\x93\x06\xe6\x91l\xabS2\x0fN\xeeb\xa3\x7f\
\xbd\xe9u\xb5\x84o\xb0\xc8V\xaf\x95\x19b\xf8\x82=\
\xa3\xfd4F\x0f\x80\x19\x5cA\xa9\xea1[\x8eF\x06\
\xddT\x9a~\x91\xa9\x87\x1a\x9am\xd5/\xc0C\x05\xf7\
\x9a:\xf3?\xa0\x88+Y\xc5d\xd5/\x80\x05u\xb2\
\x8d\xba\x91\x7f=Z\x008X\xcc5\xd2\x05p\x14\x93\
\xc9\xa4\x87*\xd3\xe7\xe6\xbb\xa9\xc1E\xb1Mj\x04|\
\xf5\xfe\x1bLZ65T6k\xb9\x82|\xd5/\x80\
%%\xf0&\x95#O\xc7F\x0b\x80\x14\xcef\x95m\
>m\xcc\x95J\x0eG\xa81=\x02\x5c\xd4\xd2m\x8b\
;\x0b\x1bW\xef?\x91L\xca\xe5\x06\xb6cJ\xe0}\
>\x1fy=f\xb4\x00(a9KT\x8f\xd7\xa24\
2\xc8\xc3\x8dS\x87f\x96\x81\xe9\xc2\x89\xdb\xf2\xc5\xc2\
\xbez\x7f\xe3K~F\xca\xa0\x9ck\x99\x17\xc0\xfd\xae\
#\x8b\x83Z>\x1dyT6\xda\xcb\xb5\x88\xcbM\xbe\
\xe0e'\x1a\x19\x14\xd2M\xb5i\x0b\x83\x07t\xe1\xa4\
\xd7\xd2G\x01\x03\xf5\xfeF\x16\xfc\x8e.\x9d5\xdc\xc0\
\x5c\xd9\xfd\xc7q\x84\x0fGVI\x8c|\xc1b8\x93\
\xb5\xa3_2\x10\x00h\xa4SJ'Ut\x9b\xbc\xe5\
.\x9c\xf4Ph\xd1\xde\x81f\xd4\xfb\x8f.\x8dU\xdc\
\xc2,\xd9\xfd\xc7\x95\xc0Vv\x1d\x7fAy\xe4K\x96\
\xc5\xf9,S=V\x8b\xd3Hc\x0e\xcdT\x99\xbeZ\
\xbf\x0b'.J\x99j\xb93]\xb3\xea\xfdGJf\
%\xb7S&\xbb\xff\x04\x12\xf8\x94O\x8e?u\x1d\xf9\
\xa2\x9d\xc0Jf\xa9\x1e\xab\xe5i$\xb3\x84:*'\
\xbe\xf9\x92\xce\x5c8ie\x8e\xc5\xee#\xe0\xc1\xc9:\
%S\x7f\x89,\xe7N\x0a-yLd5\x8d\xec:\
~\x1d\xcb\xf1\x01\xa0q:\x97\x92\xaez\xa46\xa0\x91\
\xc4\x19T\xb3\xd7\xf4\xda3\x17N\x1aX2^\x9b\x07\
\x93y\xa9\xe3n\x05\x17\xfe4\xe2\xb8\x88\xfb\xc9\x96\xdd\
\xdf/^v\xb0k\xf8_\x1d\x1f\x00\xb1\x5c\xc0J9\
\x98\xf2\x8bF<\x17\xb2\x9d\x1a\xd3#\xa0\x9bj\xf6s\
\x86E\xee)\xe8\xa5\x99;\xd8\xa8\xe3m>\xfc\xa3\x11\
\xc7\xd9<n\xb35\x92*%\xb3\x9d\xf7\x87\xbf[\x8f\
O\xceBJ\xe5>@~\xd3\x88\xe7\x09\xceU0e\
\xda\xc6f\xbec\xfau\x88\xd1\xf5p\x8b\x92U\x7f\xb1\
\x9c\xc5z&\xcb\xee\xef\xb7I\x94\x1c\xbfL\xea\xf8\x00\
\x98\xcet\xd5\xa3\xb4\x99\x04\x9ed\xa5\x82u\x93\x9d\xbc\
\xc8\xd7-\x10\x01..g\xa3\xa9\xf5\xfe>I\xac\xe2\
Y\xb9'p\x80J\x8f_\xe2\x7f|\x00\x14H-u\
\xc0\xe2\xb8\x9fK\x15\xdc\x98\xb2\x87-\x5cJ\x97\xc2b\
a/\xdd|\x9d-\x0a:\x17%\xb3\x9cur\xb1:\
`\x85\x14\x0e\xff\x8b\xe1\x01\x10M\x1e9\xaa\xc7h;\
\x1ai\xfc\x9c5\xa6\xdf\x95\xceK\x0fo\xf0Me\xbd\
\x03\xbd4s\x1d\xaf\x99^\xef\xef\xbb\xee\x7f\xb7M*\
#\xac%\x97\xc2\xe1\xb7\xfa\x1b>\xdd\x97\xc7\xd7X*\
/k\xc04\x12\x99G;N\xd3\x0f\xc9\xfb\xa8\xa5\x86\
\x13I2\xfd\xa7\xe6\xa1\x8e;\xd8d\xfa\x92hHg\
\x15\xb7\xcb\x85\xbf\xa0D\xe1\xe4\xa3\xa1\xf5\xac\xc3\x03`\
\x01\x17J\x19pP4\x92)\xc3E\x8d\xe9;D/\
5\x1cf\x9e\xc9\xeb\x02<8\xb9\x9b\x8d\xb4\x99\xfcl\
!\x835\xdcB\x99\xec\xfeA\xd1hd\x17\xd5\x83\x7f\
1<\x00\xce\xe2<\xb2T\x8f\xd1\xa64\xd2(RR\
&\xe4\xa6\x96v\xcaL\xbc\x9b\xd0@\xbd\xbf\xd9\x17\xfe\
 \x8b\xcb\xb8A\x16\xfd\x86\xa0\x97\xcf\xf9p\xf0\x8f\xc3\
_\xc8\x15|\x95\x04\xd5#\xb4-\x8dt\xf2\x95\x14\x0b\
wSC\xa7i5\x02\xea\xea\xfd3\xb9\x8ck\xa5\xe4\
'$\x93\xa8\xe4\xaf\x83\xb36C_\xcad\xd6p\xb2\
\xbc\xb8!\xd0\xc8 WQ\xbf\x00'=\xe4\x9bP)\
\xa8\xb6\xde\xff\x1a)\xf8\x0dQ\x0cN\xde\x1a,c\x1b\
\xfab\xce`\x85T\x01\x84H]\xbf\x00\x175&\xf4\
\x0bP[\xef\x7f\x1d'\xc8\xee\x1f\x22\x8d:>\x1al\
\x0e6\xf4\xe5<\x9d\xf3\xa4\x0f@\xc8\xc2\xb9_\x80\xd4\
\xfb\x87\x836v\xb3{\xe0\x0fC_\xd0K8K\xee\
\xa9\xa2\x83p\xed\x17 \xf5\xfe\xe1\xa1\x8fJ\xde\x19\xf8\
\xc3\xe0K\x1a\xcd\x95\x9c\x22u\x00\xba\x18\xe8\x17P\xa9\
\xa8_\x80\x11W\x04\xd4\xd5\xfb\xa7H\xbd\xbf\xae\xa2\xd9\
\xc7+\x03\x8dA\x06_\xd4t\xae\x92\x9b\x81\xe8\xc6\xd7\
/\xe0\xa0\x92~\x015t0[\xe7u\x01\x1e\x9c\xdc\
\xcb\x06%\xf5\xfe+\xb9\x93\x02\xb9\xee\xaf\x9bI\xd4\xf1\
\xda\xc0\x09\xea`\x00,\xe0\x12\xa9\x03\xd0\x91\xca~\x01\
U\xd4\xeb\xda/\xc0W\xef\xff\x8c\xa2z\xffud\xc9\
\xee\xaf\xabz\xb6\x0d4\x06\x19|a\x8bIV=\xae\
0\xa3\x91\xc6\x83\x9cK\x9c\xe9\xcbt\x9b\xd9\xc8\xbf\xea\
V#\xe0\xa5\x99\x9f\xb2\x81&\x93\x9f\x85\xaf\xde\xffQ\
Y\xf3\xaf\xbbd\x8a\x07\xfes0\x00Jd\x02Pw\
\xe1\xd1/@\xea\xfd\xc3M2%\x03\xff9\x18\x00\xa5\
\x12\x00\x86H\xe0IV)\xe9\x17\xf0\x02ktX\x90\
\xe4b\xad\x92z\xffD.a\x83\xd4\xfb\x1b\x22u\xb0\
\xe2g \x00\x12\xc8\x95;\xaa\x19$\x8e\xfb\x94\xf4\x0b\
p\xf3&\xe5!\xf5\x0b\xf0\xd5\xfb\xbf\xa6\xa4\xde\x7f\x05\
\xbf\x95e\xe9\x06\x99L\xfe\xc0}\xae\x07\x02\xa0DA\
Ai\xa4\xf0\xf5\x0b\xb8TQ\xbf\x80\xebi\x0e2\x02\
\xbc4s\xad\x92z\xff\xa9\x94\xf3\x0b9\xf77\x8c\x83\
$\x8a|\xff9p\x15\xe0d.$C\xf5\xb8\xc2\x96\
\xaf_@\x1b5\x0a\xfa\x058q\x06\xd5/\xc0W\xef\
\xbfYI\xbd\xffjn\x93\x0b\x7f\x86je\x1b{a\
0\x00\xce\xe3L\x99\x030\x90\xdd\xfa\x05\xa8\xae\xf7/\
\x95\xdd\xdfP]\xec\xe6\x03\x18\x0c\x80\xcbX*s\x00\
\x86\x1a\xe8\x17`~\xa5\xa0\x9bZZ(#\xcd\xef\x9d\
\xcaC\x05\xeb\xd8\xa0\xa0\xde?\x93r\xa9\xf77\xc1\x11\
\x9c\xfc\x05\x06\x03\xe0zf\xcb2`\x83\xf9\xfa\x05\xf4\
*\xe9\x17PK'E~\xd6\x08\xf8\xea\xfd\xd7+\xa9\
\xf7/\xe7:)\xf91\x81\x97z\x9e\x81\x81\x00\x88\xe7\
;\x14\xc9A\x97\xe1T\xf6\x0b\xa8\xf1\xb3_\x80\xeaz\
\x7f)\xf85C\x14m<A\xff@\x00\xe4\xf3Mi\
\x05f\x0a\xb5\xfd\x02z\xc9#s\xdc\xb9\x00u\xf5\xfe\
Y\x94s\xad\xec\xfe&q\xd0\xces\xb4\x0d\x04\xc0\x22\
V\x92\xa6zL\x11Be\xbf\x80Zz\xc7m\x19\xa2\
\xb2\xde\xbf\x9c\x1b\xe5\xe0\xdfDm\xbcE\xed@\x00\x9c\
\xc9\xb9R\x09`\x1au\xfd\x02:\xa9\x1e\xa7_\x80\xda\
z\xff\x9b\x99)\xbb\xbf\x89\xba\xd8\xc6'\x03\x01p1\
\xa7\xc9\xa2K\x13\x0d\xf4\x0b\xa8R\xd4/\xa0\x94\xa9#\
N\x04\xd4\xd5\xfb'K\xbd\xbf\x02\xdd\xec\xe1\xdd\x81\x00\
\xb8\x82\x05r\x9b%S\xf9\xfa\x05\xd4)\xe9\x17\xe0\xa4\
\x959\xc7\xad\x0b\xf0\xe0d\x9d\x92\xa9\xbfD\x96s\xa7\
\xdc\xe6\xc3tG\xa8\xe5\xe5\x81\x00\xb8\x91\xd2\xe17\x0c\
\x12\x86S\xd9/\xc0I\xc3\xb0~\x01\xbez\x7f\xf3\x1b\
}\xfb\xea\xfd\xef'[v\x7f\xd3yi\xe2)\x88\x06\
4re\x0d\x80\x02\xbe~\x01\x9d\x0aV\xdb7\xb3\x91\
#\xfc\xe6\xe8j{_\xbd\xfff\xd3\x0b~5\xe28\
\x8bGI\x905\xff\x0aL\x22\x0f\x0d\xaf\x03H%E\
\xce\xbf\x94\xf0\xf5\x0bX\xa6\xa4_\xc0s|\xef\xe8\x0c\
D\x0f7+\xa9\xf7\x8fc\x19\xcfH\xbd\xbf\x22\xd1\xa4\
\x91\xe4\xab\x06\xcc'Z\xf5h\x22X\x02O)\xe9\x17\
\xd0\xc1FV\xd3\x89\x8b\xb5lRR\xef\x7f1OH\
\xc1\xafB\xd1\xe4\xf9N\x01\xb2\xe5\xf3_\xa98\xee#\
\x86\xcdC\xef\xd9j\x0a7or\x05\xb0EA\xbd\x7f\
\x0a+\xb8Gv\x7f\xa5\xa2\x99\xc6\xeeh`\x9a\x1c\x01\
(\xa5\x91\xc6\x9dL\xe2Y\x93\xbb\xeey\xe9a\x0b(\
\xa8\xf7Oc9?3\xf1f\xa6b4Q\xe4\xf8\x8e\
\x00r\xe4\x08@1\x8d\x1cn#\x9a\x0d4\x98\xba]\
\xaf\xe9K\x91\x00\xd2Y\xc9\x8f\xc8\x95\xdd_\xb1h\xa6\
\xf9\x02@\x8e\x00\xd4sP\xc4\xcd8\xd8\xa0`!\x8e\
\xb92\xb8\x94\xefR\x22\x17\xfe\x94;\x16\x00\xd9\x12\x00\
\x16\xe0\xa0\x8c\x1bp\xf0tXG@\x16\xe5\x5c\xcf\x0c\
\xd9\xfd-\xe0\xd8)@\x96\x9c\x02X\x82\x83\xd9\x5c\x8b\
\xa6\xa4\x18\xc7\x1c\x99\x94s-sd\xf7\xb7\x84(2\
}\x97\x013$\x00,\xc2\xc1\x5c\xbe\xc5ed\xab\x1e\
\x88!2)\xe7[\xcc\x95\xdd\xdf\x22\xa2H\x07\x07\xd1\
\xa4\xc8\x8f\xc42\x1c\xcc\xe3\x1a\xca\xc3\xb0;C\x06k\
\xa4\xde\xdfR\xa2H%\xca\xc1\x14be>\xd6B\x1c\
\xcc\xe5z\xd6\x84Y\x8f\xe6t.\xe5\xdb\xcc\x93\xdd\xdf\
B4\xe2It\xf8\xd1$J\x98\xcb\xc1lnb\x8d\
\xe9\xf7\x110N\x1a+\xf9.sd\xf7\xb7\x18\x07\x19\
\x0e2\xe4\xf3\xdfr\x1c\x94\xf1\x03V\x87I\xa3\xf6\x14\
V\xf0#i\xf7aA\x0e2\x1cr\xff\x15KrP\
\xc4\xffa\x85\x82\x1a\x01\xbd%\xb2\x9c\x7f\x97\xeb\xfe\x96\
\xa41\xd5\x11\xe0\x0d#\x84Y\x1cL\xe3\x1e\xbeF\xbc\
\x8d\x7f>\x1aq\x5c\xc0\xaf\x99&\xbb\xbf%i\xa48\
H\xb6\xf1\x1b,\xbc\xf9\xfa\x05\x9cK\x9cM\x7fB\x1a\
q\x9c\xcd\xa3r\x8ciY\x1a)r\x04`e\xbe~\
\x01\xe7\xda\xb4][,g\xb1^\xea\xfd-L#Y\
\x8e\x00\xac.\x81'\x95\xf4\x0b\x08U\x22\x97\xb0AZ\
\xcdZ\x9a\x9c\x02\xd8B\x1c\xf7q)\xa9\xaa\x87\x11\x90\
dV\xf0[\xa9\xf7\xb78\x8dd\xc7\x90\xd6\x90\xc2\x9a\
4\xd2\xf89\x97\xdah]\xc0T\xca\xf9\x85\x9c\xfb[\
\x9eF\xb2\x83D\xf91Y\x9eF\x0e\xb7Sn\x93\xd5\
\x81\xe9\xac\xe66\xa6\xc9\xfb\xca\xf24&Gq\x1d\x05\
r\x91\xc6\xf24\x92)\xc3E\x8d\xe9\xf7\x14\x0cT\x06\
k\xb8\x85RyO\xd9\x80\x97\x83Q\xdcH\x8e\xfc\xb0\
l@#\x8d\x22\xdc\x0a\xee,\x1c\x88L\xca\xb9\x81Y\
\xb2\xea\xcf\x16<\xd4Gq3\x99\x12\x00\xb6\xa0\x91N\
>\xbd\x16\x8e\x80L\xca\xb9Nn\xf1i\x1b^\x9a\xa3\
\xb8U\x9a3\xda\x86F\x06\xb9\x1c\xb1h\x04dR\xce\
5R\xf0k#^:\xa2\xb8\x8d$\x09\x00\xdb\xd0\xc8\
 \x0f7N\xcb\xcd\x05dQ.\xf5\xfe\xb6\xd3\x13\xc5\
\x1drk&[\xd1\xc8\xa0\x90n\xaaq\xa9\x1e\xca\x10\
\xe9\x94s\xa3\x1c\xfc\xdb\x8e;\x8a\x1fKC\x10\x9b\xd1\
H\xa7\x94N\xaa\x944\xf5\x1eM\x1a\xab\xb8Y\x0a~\
m\xa87\x8a\x1f3I\x02\xc0f4\xd2\x98C3U\
\x0a\xee\xe93R2+\xb9\x9d2\xd9\xfdm\xa8\xcf!\
?6[\xb2N\xbf\x80D.\xe1gR\xefoSQ\
\x1a=\xc4\xaa\x1e\x85\x08\x8a\x97fna\xa3\x82[{\
\x0d\xd0\x88\xe5\x12~+\x8b~m\xca\x8b[\xe3\x88\xdc\
\x16\xc4\xb6\xbc\xf4\xb0\x96\xd7\x14E\x80F\x1cg\xb1A\
&\x91m\xec\x88\x9c\x02\xd8\x99\xda~\x01R\xefo\x7f\
Qr\xe6&D\x04s\xd0\xafz\x08\x22h^\xba\xf9\
:\xaf)\xba\x16\xe0\xe6M\xca\xe9R6\x03!B\xd7\
/\x01`_^\x9a\xb9N\xd9\x0c\x80o\x06\xe2\x0d\xbe\
I\xa3D\x80My\xe9w\xe0\x91\x1f\x9f-y8\xc8\
\xbf\xf0<\xdd\x0a\x7f~^z\xf83\xb7\xb2\x1f\x8f\xea\
\x97C\x04\xa5?Z\x8e\x00l\xc9\x83\x93_\xb1\x99\x0e\
\xd5\x03\xa1\x93\x17\x88\xe1_e%\x80-\xf5Gq\x9b\
,\x05\xb6\x1d\x0f\x15\xacc\x03\xcd\xaa\x07\x02\x80\x9bZ\
Z(#M\x22\xc0v\x5cQ\xfc@\xae\xe3\xda\x8c\x87\
=<\xc0z\x1aU\x0f\xe4\x98njqQ,\x0b\x82\
l\xa73\x8a[\xa4+\xa0\xadx\xd8\xc5\x83\xac\xa7^\
\xf5@\x86qQK7yr\xabY[\xf1\xd2\x12\xc5\
\x8d\xa4J\x00\xd8\x86\x87Oy\x84\xf5\x1cV=\x90\x11\
\xbap\xe2&W\x22\xc0F<\x1c\x8e\xe2:\xf9\x91\xd9\
\x86\x87]<\xc2\xd3\x1cR=\x90Qu\xe1\xa4W\x8e\
\x02l\xc4\xcb\x81(\xae\x96\xa6\xa06\xe1a\x0f\x0f\xb2\
\xde\xa2\xbb?\xf8\x22\xa0\x87B\xd2\xe5\x1de\x0b\x1ej\
\xa2\xb8R\xda\x82\xdb\x82\x87\x0a\x1e\xb0\xe4\xc1\xffP]\
8qQ\xcaT9\xad\xb4\x01\x0f\x95\x0e\xa5\x0bI\x84\
\xbf<8\xb9\x8f\xa7-\xbe\xfb\x034\xb0\x81uT\xcb\
\xd2 \x1b\xf0\xd2\xed\xa0S\x02\xc0\xf2\xbc\xd4\xf1K\xd6\
\xd3\xa0z ~i\xe4Y~\xc5Ay_Y\x9e\x97\
\xaeh\xda\xe4\x07eq^\x9a\xf9)\x9biQ=\x10\
\xbf5\xb1\x9en~#\xeb\x02,\xceK\xab\x04\x80\xf5\
\xf5p\x0b\xcf[`\xd1o \xda\xd8\x8c\x9bG\x99\xac\
z b\x1c^\xda\x1c\xb4J\x00X\x9a\x8b\xb5l\xb4\
\xd9\xee\x0f\xbe\x1a\x815\x96\xbc\x81\x89\x18\xe0\xa5\xd5!\
G\x00\x16\xa6\xb6\xde?T\xd2/\xc0\xea$\x00,M\
u\xbd\x7f\xe8\xe3\x97~\x01\xd6&\xa7\x00\x16\xe6\xe1 \
?T\x5c\xef\x1f*_\xbf\x80\x7f\xe1\xa0\x5c\x14\xb4$\
/\xad\xd1\x92\xcf\x96d\x9dz\xffPu\xf2\x1cQ\xdc\
!\xfd\x02,\xc8Kc4\x0d\x12\x00\x96\xe3\xa1\x82\xfb\
y\x96V\xd5\x03\xd1E+\x9b\x89\xe2\xfb\xcc\x90\x0e\xd4\
\x16\xe3\xa1!\x9a\x069<\xb3\x18\x0f{\xf8o6\xd0\
\xa4z \xbaif\x13\xd1\xdc\xc8\x1c\x89\x00K\xf1\xd0\
\x18M\x07=xe\xc1\x86ex\xd8\xc5Cl\xb0\xc9\
\xaa?\x7f5\xf2\x0c\x0e\xaec\x9eD\x80ex\xe9\xa6\
\xcbA\x1f-r\x0c`\x19\x1e>\xe5a\xcb\x97\xfc\x04\
\xa3\x81\x0d<\xc4'\xd2\x83\xd22\xfai\xa6\xdf\x014\
\xca\x0f\xc5\x22\xac]\xef\x1f\xaaz\xd6\xf3\x08\xbb\xe4\xe3\
\xc6\x22\xfai\x04\x07p\x98>\xd5c\x11\xf8\xce\xfd\x1f\
\xe2\xa90\xdd\xfd\xc1\x17\x01\x0f\xb1[>p,\xa1\x9f\
z_\x00\x1c\x92\x1f\x88\x05x\xa8\xe0\xbfmQ\xf0\x1b\
\x8a\xc3<\xc5\x03|!G\x01\x16\xd0O\x9d/\x00\xea\
\xe4\x08@9\x0fN\xee\x0f\xfb\xdd\x1f|s\x01\xf7R\
%\x11\xa0\x5c\x1f\x07}\x01pP\x8e\x00\x14\xf3R\xc7\
\xafx\xda\xf4\x99\x7f\x8dx\xe2M\xbf\x02\xd4\xc8\xb3\xdc\
\xcd\x01Y\x7f\xa2X\x1fu\x10\x8d\x1c\x01\xa8\xe6\xa5\x99\
\x9f\xb0\xd9\xf4e?\x1aq,\x03\xb6\x98^m\xd0\xcc\
&\xbc\xdcC\x9a\x5c~V\xa8\x7f\xf0\x08@\x02@\xa5\
\x1enQ\xb2\xea/\x96\xb3x\x9c'9\x978\xd3\xb7\
\xdd\xca3\xdc\x88\xcb\xf4\xed\x8aA\xc7N\x01\xf6K\x00\
(\xe4\xe2r%\xf5\xfeI\xac\xe2Y\x12I\xe0IV\
\x92d\xfa\xf6;y\x91\xafK\x04(\xd4\xc7\x01_\x00\
\xb4\xd2*\xb3\x00J\xf8\xea\xfd\xb7(\xa8\xf7Of9\
\xeb\x8e~\xf2\xc7q?\x97\x92j\xfa\x18z\xd8\xc2\xa5\
\xd2/@\x91>\x9a\xe8\xf0\x05\x80\x97\x83\xf4\xaa\x1eO\
\x04RW\xef\x9f\xc6*\xee>\xd6\xb1O#\x8d\x9f\xb3\
\x86\xa9\xa6?\x7f\xe9\x17\xa0N\xafo\x1a\xd6\xb72\xfb\
Lf)8\x0f\x8cl\x1e\xea\xb8\x83Mt\x99\xbe\xe5\
tVq;\x85C\xcas5\x12\x99G;N\xd3\x0f\
\xc9\xfb\xa8\xa5\x86\x13I\x92\xe9@\x93u\xf2./\x0f\
\x04\xc0\x02\x96\x90\xa8zD\x11\xc5\x83\x93\xbb\xd9H\x9b\
\xe9[\xce`\x0d\xb7Pv\x5cu\xbeF2e\xb8\xa8\
1=\x90z\xa9\xe10\xf3H\x91\x080U\x1b\xaf\xf1\
\xee@\x00\x14\xf3e\x92U\x8f(\x82x\xa8`\x1d\x1b\
h6}\xcb\x99\x94s\x03\xb3F\xa9\xc9\xd3H\xa3\x08\
75\xa67\xf2tSK\x0be\xa4I\xcb\x10\x135\
\xb3\x91O\x06\x02 \x8d\x0bIS=\xa2\x88\xe1a\x0f\
\x0f\xb0\x9eF\xd3\xb7\x9c\xcde\x5c\xcb\xdc1Jr5\
\xd2\xc9\xa7WA\x04tS\x8b\x8bb\xb9\x8f\x80\x89\xea\
y\x8cZ\x8e\xbd\x15\xca\xc9T=\xa2\x08\xe1a\x17\x0f\
\xb2\x9ez\xd3\xb7\x9cI9\xd7p\xc28\x15\xf9\x1a\x19\
\xe4rDA\x04\xb8\xa8\xa5[\xee,l\xa2\x83\xfc\x8e\
\xb6\x81\x00\xe8\xe1r\xa6\xc9Ko\x02\x0f\x9f\xf2\x88\x92\
z\xff\x0c\xca\xb9v\xc2\x86\x1c\x1a\x19\xe4\xe1\xc6i\xfa\
\x5c@\x17N\xdc\xe4J\x04\x98\xa2\x8f\xbd\xfc\x8e\xfe\x81\
\x00\xe8\xe3\x02\x8a\x99\xa4zTaO]\xbd\x7f:k\
\xb8a\xcc\x83\xff\xa142(\xa4\x9bj\xd3\xaf\x08t\
\xe1\xa4W\x8e\x02L\xe1\xe2C\x9e\x86\xc1S\x80\x93\x99\
#\xb7q2\x98\x87=<\xc8z\x05\xbb\x7f\x1a\xab\xb8\
e\xd4\xa9\xbf\xd1h\xa4SJ'Ut\x9b<\xce.\
\x9c\xf4PH\xbaD\x80\xc1Zx\x8b\xbf\xc0`\x00\xcc\
`))\xaaG\x15\xd6<T\xf0\x80\x92\x83\xffdV\
r;e\x01t\xe3\xd3Hc\x0e\xcdT\x99\xbeF\xb1\
\x0b'.J\x99*\xd3\x81\x86j\xe0%>\x80\xc1\x00\
\xc8\xe4\xcb2\x0dh \x0fN\xeee\x83\x82\xa9\xbf$\
\xbe\xc6\x9d\xc3\x96\xfd\xf8C#\x99%\xd4Qi\xfa\x1a\
Q\x17N\xda\x98+\xeb\x02\x0cu\x80\x0d\xec\x85\xc1\x00\
\x88\xe1BrU\x8f*ly\xa9\xe3.\x9e1\xfd\xc2\
\x9fF\x1c+\xb8\x8f\xac \x0e\xa95\x928\x83*\xf6\
\x9a^'\xe2\xc2I3\x8beu\xa0\x81\xaa\xf9\x83\xef\
\xdd\x18}\xf4/\xaah\x97\xe6\xe0\x06\xf1\xd2\xccO\xd9\
L\x8b\xc9\xdb\xd5\x88\xe3,\xfe\x87\x84 \x7f\xae\x1ai\
<D\x97\x82j\x85&\xd6\xd3\xcdod]\x80A<\
\xb4\xe3\xf4\xfd\xe7\xc0'C7\x07\x14\xacJ\x8f\x0c=\
\xdc\xc23\xa6\xef\xfe\xbez\xff\xf5L\x0ea'\xd2\x88\
\xe7\x09%\xfd\x02\xda\xd8\xccw\xa4X\xd8 \x9d\xec\x1b\
\x98\xdd\x19<4\xacP\xf0\x16\x8d\x04.\xd6*\xa9\xf7\
O\xe4\x126\xe8P\xe1\x91\xc0\x93\xacR\xd2/\xe0\x05\
\xd6\x98\xbe )2\xb4\xfa\xce\xffah\x00T+(\
L\x09w\xbez\xff\xd7\x94\xd4\xfb\xaf\xe0\xb7$\xe8\xf2\
Xq\xdc\xa7\xa4_\x80\x9b7)\x97~\x01\x06h\xa3\
j\xe0?\x07\x03\xa0J\x02@gV\xa9\xf7\x0f\x95\xf4\
\x0b\x087mT\x0f\xfc\xe7\xe0\xb5a7\xe71C\xf5\
\xc8\xc2\x88\x87:ng\xb3\x82\x99\x95\x0c\xca\xb9\x8d\x02\
\x1d\x17\xd3\xf8\xfa\x05\xb4Q\xa3\xa4_\xc0~N\x22Q\
\xa6\x03u\xb4\x93?\x0c\xfc$\x07\x03\xa0\x973\x98%\
\xcb\x81u\xe2\xab\xf7\x7f\x96v\xd3\xb7\x9c\xc1\xa5\xdcL\
\xa9\xcek\xe9\xd4\xf6\x0b8$\xfd\x02t\xd4\xc9\xbbl\
\x1c\xb8/\xc3`\x00x\x98\xcd\x5cY\x0d\xa8\x8b\x81z\
\x7f\xf3\xa7U\xc7\xae\xf7\x0f\x95\xba~\x01=\xd4H\xbf\
\x00\x1d\xd5\xb1\x85\xbf\x0d\xfca\xe8\x1b%\x93\xc5\xb2\x18\
H\x07\xea\xea\xfd3)\xe7:\xbfJ~\x82\xa1\xb6_\
@'ER#\xa0\x8bJ^`\xf7\xc0\x1f\x86\xbeU\
\xa29Uf\x01Bf\xe5z\xffP\xa9\xec\x17PC\
\x0f\xf9R)\xa8\x83\x9d<3X\x906\xf4\xcd\xd2\xc3\
\x97\x0c}\xfbD\x02\xb5\xf5\xfe\xd7\x19\xfe\xf3S\xd7/\
\xc0E\x8d\xf4\x0b\xd0\x81\x87\xf7xz\xb0\xces\xe8\xdb\
\xc5\xcd\x22\xe6KQp\x08\xd4\xd5\xfbg\xf8]\xef\x1f\
*\xb5\xfd\x02\x8e\x90O\x86L\x07\x86\xa0\x9d\xbf\xf2\xf2\
\xe0\x85\xd5\xe1o\x98BN K\xf5\x08m\xcbW\xef\
\xaf\xe2\x0e\xbfi\xac\xe1ff\x9bt\xf4\xe6\xeb\x17\xd0\
A\xb5\x82~\x015\xb8)`\xaa\x1c\x05\x04\xcd\xc9\x9f\
\xf9p\xf0\x8f\xc3\xdf2SXH\xa9\xea\x11\xda\x94\xda\
z\xff\xdbt\xbf\xf07\x1e\x95\xfd\x02\xaa\xe9\x92~\x01\
!\xd8\xc1\xf3\x83\xcb\x80\x8e\x0f\x00/KX(/m\
\x10<8Y\xa7d\xea/\x91\xe5A\xd4\xfb\x87Jm\
\xbf\x80V\xe6\xc8\xba\x80\xa0xy\x87MCoD;\
<\x00\x5c,\xe1\xe4c%\xc2\xc2_^\xea\xb8\x9b\x0d\
J\xea\xfd/\xe2~\xb2\x15\x1c\x12\xfb\xfa\x05T+\xea\
\x17\xd0\xc0\x12\xa6H\x04\x04\xac\x97Wya`\x11\x10\
\x1c\x1f\x00\x1e\xcaX\xa0\xa0\xec\xc3\xde\xbc4s\x07\x1b\
M\xbf\xcd\x87F\x1cg\xf38\xc9\x8av\x04\x8dx.\
d;5\xa6G@7\xd5\xec\xe7\x8c\xa0;\x1dD\xae\
Z^b\xdb\xd0\xbf8\xfe\x93c\x1f\xfbT\x8f\xd1v\
z\xb8YI\xbd\x7f\x1c\xcbx&\xa4z\xffP\xf9\xfa\
\x05,S\xd2/\xe09\xbe\xa7\xa0\xca\xd2\xeej\xa8\x19\
\xfe\x17\xc7\x07\xc0\xde\xc1Ja\xe1\x17\x17k\xd9\xa4\xa4\
\xde\xffb\x9e\xd0\xa9\xe07\x14\x09<\xa5\xa4_@\x07\
\x1bY-\xfd\x02\x02TA\xc5\xf0\xbf8>\x00j\xd8\
\x8b[\xf5(m#<\xea\xfdC%\xfd\x02\xec\xc2M\
\xd5\xf1G\xf8\xc7_9\xee'\x8f\x05\xa4\xab\x1e\xa9-\
xi\xe6\x9fyQI\xbd\xffJ\xee$\xdb\x22g\xc0\
\x1a\xf1\x9cH#N\xd3\xd7\x05\xf4\xb3\x8f=\x9c-s\
\x01~\xfa\x9c\xe7\xf8d\xf8_\x8d\x5c:\x92\xc8Lf\
\xab\x1e\xa9\x0dx\xa8\xe3\x0e6)\xa8\xf7Og\x15\xb7\
\x9b~\xe1o<\xbe~\x01\xed8\x95\xf4\x0b\xa8\xe1D\
\xe9 \xec\x97\xb7y\x99\x03\xc3\xffjd\x00\xf4Q\xc2\
\x19\xaaGjy\xbez\xff\x8d\x0a\xba(e\xb0\x86[\
(\xb3\xd0\xee\x0f\xaa\xfb\x05\x1c\x96~\x01~\xd9\xc8\x96\
\xe3\x7f>#\x03\xc0M>g\x12\xafz\xac\x966P\
\xefo\xf6\x85?#\xeb\xfdC\xa5\xae_\x80\x9bZ\xe9\
\x17\xe0\x87&\xd6\xb3u\xe8\x1a\x00\x18-\x00<\xa4\xb3\
\x80<\xd5\xa3\xb5\xb0p\xad\xf7\x0f\x95\xf4\x0b\xb0\xb6\xed\
l\x1ey\x8do\xb4\xb7R\x1c%,V=Z\xcb\x0a\
\xe7z\xffPI\xbf\x00+{\x99-#?\xb4F{\
3\xf5\x91\xc32y!G\xa5\xae\xde?\x8br\xae\xb5\
\xf4\xee\x0f\xaa\xfb\x05\xf4J\xb1\xf0\x98\xfax\x8cwG\
^\xe2\x1f\xed\xed\xd4K:g+X\xdaa\x07\x15<\
\xca\x93\x0a\xea\xfd\xd3)\xe7F\xcb\x1e\xfc\x0f\xa5\xb2_\
@-^\x0a\xe5\x22\xf6\xa8\x0e\xf2\x18\xbbF\xfe\xf5h\
o(/S\x98+e\xc1\xa3h\xe0q\x1ec\xbf\xe9\
\xdb\x9d\xcajnf\xa6\x0dv\x7fP\xd9/\xa0\x93\x03\
$0[\x9a\xda\x8c\xe2m^\xe2\xe0\xc8\xbf\x1e\xfd-\
\x15\xc54\xceT=b\xcb\xf1\xf0g\x1e\x19-E\x0d\
\x96\xc2\xa5\xdcN\xa9Mv\x7f\x18\xe8\x17\xd0\xa4\xa0_\
@\x1b]\xe42KN\x03Fx\x9a\xb7GkR?\
\xfa\x99~#\xdbMOo\xebkf\xcb\xf1\xeb\xa8L\
\x90\xc4\x0a\xfe\x8d\x22\x9b\xcd\xc98(\xe2\xdfX\xa1\xe0\
Dr'[\xe4.\x97#\xb8\xd8>\xfaU\xab\xd1\xdf\
V\xddT\xf1\xa9\xea1[\xce6v\x99\x1c\x8b\x1a\xf1\
\x5c\xc2=L\xb3\xd9\xee\x0f\xe0`\x1a\xf7p\x09\xf1&\
\x7f\x1aw\xb3kx\xc1\xab\x00vR=\xfa\xd1\xd8X\
o\xac\x06\xdeT=f\xcb\xd9y\xfc2J\x83i\xc4\
\xb1\x8c\x87H\xb3\xe9\x01\xadF\x1a\x0f\xb1\x8c8\x93\xc7\
\xbf\x9f\x9d\xaa\x9f\xba\xe5\xbcA\xc3\xe8\xff0V\x00\xd4\
\xf3\xc6\xf1k\x86\x22^\xad\xc9+\xffb9\x8b\xc7M\
\xff\x04\xd5\x93F<Or\xae\xc9\xfd\x02Z\xa4\xa7\xc5\
q<\xbc\x15h\x00\xb8\xa9\xe2c\xd5\xe3\xb6\x986S\
O\x00\x92X\xc5\xb3$\xaa~\xd2!K\xe0IV\x9a\
:\x17\xe0\x929\x80\xe3l\xa3z\xac\x22\xff\xb1\xcf-\
[yM\xf5\xb8-&\xda\xc43\xf1d\x96\xb3NA\
\xa7\x1d#\xc4q\xbf\xa9\xfd\x02\xa2\x88Q\xfd\x94-\xe6\
\xd5\xa1m@\x87\x1b/\x00\xfe\x22'\x01\xc3$\x9bV\
\x225\x95r~A\xba\x8d\x0f\xfe\x87\xd2H\xe3\xe7\x5c\
\xcaT\x93\xb6\x17O\xb2\xea\xa7l)\x1e^\x1f\xbbj\
u\xec\x00\xe8\xa5J\xc1E/+\x9bN\x86)\xdbI\
g5\xb71-Lv\x7f\x00\x8d\x1cn\xa7\xdc\xa4\xd7\
/\x83\xe9\xaa\x9f\xb0\xa5|\x84s\xec\xe6\xedc\x07\x80\
\x976^U=vK1\xa7F2\x8b\xcb\xf8>\xc5\
6\xbc\xf07\x1e\x07E\xdc\xc2e\xa6\xdcw*\x8f\x05\
\xaa\x9f\xae\xa5\xbcJ\xfb\xd8=\xab\xc6{\x9b\xb9x\xd9\
\xf4\x86\xcfV6\x9f\xc5\x86\x9f\xc9f\xb2\x86\x1b\x98\x11\
f\xbb?\x80\x832n\xe02\xb2\x0d\xdeN\x0a\x0b\x99\
\xaf\xfa\xc9ZH?\xaf\x8cW\x951\xde\xf2R\x0f.\
.6\xe9\xb0\xcd\x0e\xe2\xd1\xa8\xa4\xc6\xc0\x0e\x80\xd9\x5c\
\xc65\xb6(\xf9\x09\x86\x19\xfd\x02\x1c\x9c\xca\xd5\xccU\
\xfdT-d\x17\xbf\x19\xef\xf5\x1e\xff\xad\xe6\xa1\x80S\
U?\x03\x0bI\xa3\x1f\xe7XWTC\x96\xc5\xe5\x16\
\xaf\xf7\x0f\xd5@\xbf\x00\xe3\x8a\x85\xe7\xf0O\x9c'\xfd\
\xac\x86\xf8\x03[82\xf6?O\xf4fk\xe7J\xb9\
U\xd81\xf1d\xa1\xb1\x8f&\x03\x1e;\x83\xcb\xb8\x86\
yax\xf0?\x94\xaf_@\xafA\x11P\xca7\xb8\
\xd4\xf0\x93\x0c;qs\x1b\xfb\xc7\xbb\x9a7\xd1\x11@\
=\xcb\xc9\x0c\xf37e \x92\xc9\xc5a\xc0\x9a\xc0t\
\xd6\xf0\xed\xb0=\xf8\x1f\xca\xb8~\x01%\x5c\xc5Z\x8a\
U?A\x0b\xe9g'w\x8d\xf7\xf9?\xf1\x11@?\
\xa9\x9c.\x0b+\x86H\xa5\x80(\xaa\xc7^Z\x11\x84\
4Vq\x8b%[}\x1a\xc1\xd7/\xa0\x93*]W\
V\x16r5W\xc9\x05\xc0a\xdc\xfc\x17\x7f\x1b\xffK\
&~\xcb5PNb\x18]\x93\x0e]\x0a\xc5DS\
1ZuuP\x92Y\xc9\xed\x94E\xc8\xee\x0f\x03\xfd\
\x02\x9au\xec\x17\x90\xcb5\x5c-\x9f\xfe\xc3x\xa8\xe7\
\x8e\x89\x8eU'~\xd35q:\xc5r\x0c0L2\
\xa5D\xb3[\x97\xd9\xecD\x96s\xa7\xa5n\xf3a\x06\
\x8dd\x96PG\xe5\xd8KT\x02\x90\xc9\x0d\x5cK\xbe\
\xea'e1\xdd\xbc\xc1\xef'\xfa\x22\x7f>u4\xce\
\x0e\x83\xa2\x14}%1\x8b\x18>\x0a\xf1\x13L#\x8e\
\x8b\xb8\x9f\xec\x08\xdb\xfd}\xcf=\x893\xa8fo\xc8\
kMR\xf8.7\x92\xa3\xfa\x09YN3\xbff\xb7\
\x1e\x0f\x94\xc4\x0e\xfa\xf0\xca\xaf\xe3~\xb5\xf2\x8b\x90.\
8i\xc4s\x01\x9dx\x94?\x13U\xbf<\xb8X\x1e\
b\xc1s<\xff\x97\x16\xe5\xcf\xc4z\xbf\xfa\xd8\xee\xcf\
\xc7\xb6?G\x00\xbdLg\xb6E\xeeDk%q,\
%\x8e\xbf\x84\xf0\xfdg\xb3>\xa2\xe7W4b\xf8\x1a\
\xdb\xa9\xa1/\xe8\xc7\xf8\x09\xb7\xc9\xf1\xe9(\x9aY\xcf\
\x9f'\xfe2\xff&\x9e\x9a\xb9@\x9a-\x8f\x22\x9a\xd3\
\x89\xe7\xdd\xa0\xde\xbe\x89\x5c\xc4\xe3\xf2\xd6%\x86\xe5\xec\
\x1d\xaf\x5ce\x1c\xf1\xfc\x84\x7f\x93u*\xa3\xaa\xe5g\
\xfe\xb4\xaf\xf7/\x00\xea9\x8b\x02&\xa9~N\x96\xb4\
\x94\xd8 \xe6\x02\x92Y\xce\xfd$G\xf0\xa7\xff\xa0h\
\xce\xe2\x005\x01\xbf\x86)\xfc\x90\xdbd\xf7\x1fU\x17\
\x7f\xe7\x01\xfcX\xb4\xee_\x00xIf\x91\x89-\x1d\
\xec$\x9a\x13\x98\xc4\xae\x80\xae\x08\xa4\xb1\x92;\xc9\x96\
\xdd\x1f\xf0\xcd\x85\x9cH#\xce\x80\xd6\x05d\xf2]n\
\x91#\xa81\xec\xe3Q>\xf2\xe7\x0b\xfd\xbd\xf6\xdc\xc8\
W\xc8\x8f\xc0\xb9j\x7f\xc41\x0b/\x15t\xf8\xf9\xf5\
\x19\x94s\x1b\x05\xf2j\x1e\xa3\x91\xc8<\xda\xa8\xf1{\
u`.7p\xa3i-F\xec\xa6\x9f\x9d\xdc\xe3\xdf\
:\x15\x7f\x03\xa0\x8b\x22f0E\xf53\xb3\xa8\xc9\x94\
\x11\xe3\xe7\xea\xc0\x0c.\xe5fJe\xf7\x1fF#\x99\
2\x5c\xd4\xf8U#P\xc85\x5c+\x17\xfe\xc6t\x90\
M\xfc\xd9\xbf~^\xfe\x06\x80\x87N\x96R(\x07\xad\
c\x98B1Q~\xd4\x08dR\xce\x0d\x11\xb3\xe87\
\x10\x1ai\x14\xe1\xf6\xa3X\xb8\x84\xab\xb9Z\x96\xfd\x8c\
\xc9\xcb\x0e~\xeb\xef\x0d\xec\xfc\x7f#\xb62\x93\x19r\
1pL\xc9\x14\x10\xc5\xfeq+\x053)\xe7\xba\x88\
(\xf9\x09\x86\x7f\xfd\x02J\xb9\x8a\xabd\xd1\xef8\x1a\
y\x99\xf5\xe3\x97\x00\x0d\xf2\xff\xadx\x84h\xe6J\xee\
\x8e#\x85|b8D\xd3\x18\xb3\xafE\x5c\xce7\x99\
'\xbb\xff\x98|\xfd\x024\x0e\x8eq2\xe5`.\xdf\
\xe0r)\xf9\x19\xd7v\xfe\xc0g\xfe~q o\xc6\
\x16f3\x8bX\xd5\xcf\xcf\xc2R) \x99nZF\
\x5c\xd2\x8ag)Wr%\xb3e\xf7\x1f\x97F\x06E\
L\xa6\x93\xe6\x11\xab+R8\x8d\x7fb\xb5|\xfa\x8f\
\xab\x83Wx\xc2\xff\xeb)\x81\xbc\x1d]\xa40K\xa6\
^\xc6\x95L)\xc5$\x11O4\x1e\xbch$\x92\xc3\
<\x96\xf1\x0dV\x92/s(\x13\xd2\x98\xcaL\xf2H\
$\x8e(<\xf4\x13C\x12\xf9,\xe0\x02\xfe\x89\xf3M\
i+jg\xbbx\x9a\xf7\xfd\xff\xf2\xc0\xde\x90\xc5\xdc\
\xc17\xe4\x18`B\xad\xecd\x07U\xb4\xd2G*\xf9\
\xcc\xe7DRd\xde?\x00\x1eZ\xf8\x80\x9d\xd4\xd2B\
\x0c)\x94\xb0\x80\xf9\xa4\xa8\x1e\x96\xe5\xb9\xf9#w\xe3\
\xf4\xff\x1b\x02\x0b\x00\x8dk\xf8\x11e\xaa\x9f\xa5\x10b\
T\x15\xfc\x07\x0f\xfb\xb3\x02p@`\x9fJ^\xdeg\
\xab\xdc/H\x08K\xea\xe7=\xfe\x11\xc8\xee\x1fh\x00\
\xc0\x1e\xb6\x9a|\x8f\x5c!\x84\x7f\x9a\xd8\xea\xff\xfc\xbf\
O\xa0\x01p\x84\x0fy'\xb0\x8c\x11B\x98\xc0\xcb;\
|\x18hej\xe0\x13S\xdby]\xb7NnB\x08\
\xbdt\xf3Wv\x04\xfaM\x81_\x95\xee\xc3C\x16s\
T?[!\xc40\x9bx\x8a}\x81~S0\x97\xa6\
v\xf1\x82\x817w\x12B\x04\xae\x83\x17\xd9\x13\xf8\xb7\
\x05\x13\x00=\xec\xf0\xa7\xd9\x90\x10\xc24/\xb1#\x98\
S\xf3`\x02\xc0K\x05\x9bt\xeb\x8a/\x84\x08U\x07\
\xcfS\x19\xcc\xe4|p\xab\xd3\x5c\xec\xe0U\xd5\xcfY\
\x08q\xd4Kl\x0f\xeeVk\xc1\x05\x80\x97Z\xd6\xd3\
\xa6\xfaY\x0b!\x80v\x9ea_p\x17\xe7\x83]\x9f\
\xde\xc5\xc7lQ\xfd\xbc\x85\x10\xc0+|\x1c\xec\xdd\x96\
\x83\x0d\x00/\x87xB\xe6\x01\x84P\xae\x8d\xc79\x1c\
\xec\xe2\xbc\xe0+\xd4\x5cl\xe5\x0d\xd5\xcf]\x88\x88\xf7\
:\xdb\x82\xbf\xd5z\xf0\x01\xe0\xa5\x85\x87\xe5\x18@\x08\
\xa5Zy\x98\x96\xe0\x17\xe7\x87R\xa3\xde\xc3\xdb2\x0f\
 \x84R\xaf\xf2N(K\xf3CkP\xd5O\x0d+\
B\xbc\xb9\xa3\x10\x228^Z\xb8\x89\xdaP\x0a\xf4C\
\xebR\xd3\xc7{l\xc6\xad\xfau\x10\x22\x22\xf5\xb2\x99\
\xf7C\xb8\xb1*\x81v\x04\x1aM)[\xe4.7B\
\x98\xceC-\xe7R\x11\xda\x83\x84\xbe\xe3\xee\xe51Y\
\x12$\x84\xe9\xdax$\xd4\xdd_\x8f#\x00H\xe1\x0d\
\xe6\xc9]Z\x850Q\x1f\xbb8\x9b\x96P\x1fF\x8f\
.\xf5=\xf4p\x22\xc9\xaa_\x11!\x22\xc8~\xfe\x9d\
m\xa1?\x8c>\xe7\xee\x1b\xd8\x16\xecRD!D\xc0\
\xba\xf8\x90Mz<\x90>\x01\xe0\xe2\xbf\xa9R\xfa\x82\
\x08\x11I\xaa\xf8\xbd\xffw\xff\x19\x8f^\xb3\xf7\x7f\xe7\
-\x1a\x15\xbe BD\x8ez^\xe7\x1d}\x1eJ\xaf\
\x00\xe8\xe2O|*w\x0c\x10\xc2p\xfd|\xca\xe3z\
\x9dr\xebw\xab\xcaf\x92\x98\xceTE/\x8a\x10\x91\
b/\x8f\xf1\xe7\xd0\x96\xff\x0c\xd2/\x00\xfa\xa8\xa7\x80\
R\xb9s\xa0\x10\x06\xea\xe0\xcf<\xa4\xdf\xe9\xb6\x9e7\
\xabn\xa5\x9f\xe9\x14He\x80\x10\x06\xf1\xb2\x95\x87\xf9\
@\xbf[\xf3\xe8{\xb7\xfaF\x92\x99)+\x02\x840\
H-\x8f\xb3Y\x9f\xf9\x7f\x1f}\x03\xa0\x87\x0e\xb2\x99\
%\xab\x02\x850@7\xcf\xf3'j\xf5|H}\x03\
\x00\x9a\x80\x99L3\xef5\x11\x22bl\xe7\x11\xbd\xef\
\xcc\xa9w\x00xh\x22\x8e%\xc4\x9b\xf8\xb2\x08\x11\x09\
\x9ay\x98\x17\xe8\xd0\xf7A\xf5\x0e\x00\xe8\xc2\xcd4f\
J\x81\xb0\x10:\xea\xe3E\x1e\x0b\xbd\xfa\xefx\xfa\x07\
\x004\xe2\xe64R\x8c\x7fM\x84\x88\x18\xb5\xfc'\xef\
\xd2\xaf\xf7\xc3\x1a\x11\x00\xfdt\xe0\xe0t9\x06\x10B\
'G\xb8\x97\x97h\xd5\xff\x81\x8d\x08\x00\xe8\xa0\x85Y\
\x94\x18\xfb\x9a\x08\x111^\xe7\xbf\xa84\xe2\x81\x8d\x09\
\x00h\xe2\x0b. \xc9\xc0\x97D\x88Hq\x88\x9b\xd8\
aL\xa5\x8dQ\x01\xe0\xa1\x9d:.\x96\xd3\x00!B\
\xe4\xe1\xfb\xbc\x15\xfc\xad?\xc6gT\x00\xc0\x11\xeaI\
g\xa1a\x8f/Ddx\x88\x87i\xd2\xf7\xea\xff \
\xe3\x02\xc0K7_\xf0e2\x0d\xdb\x82\x10\xe1o\x0f\
\xb7R\xab\xff\xec\xff\x00\xe3\x02\xc0w\x1a\xb0\x8f\xe5D\
Ky\x90\x10A\xf0\xe2\xe6&\xb6r\xc4\xb8M\x18\x19\
\x00\xe0a?\x19\xcc\x97\xda\x00!\x82\xd0\xcb\x83<\xa8\
g\xe9\xcfH\xc6\x06\x00\xf4R\xc5\x22\xb2%\x02\x84\x08\
\x90\x9bm\xfc\x94\x83\xc6n\xc4\xe8\x00\x80F:8\x89\
d\xb9\x1e D\x00\xfa\xd9\xc7]\xbcm\xf4f\x8c\x0f\
\x00\xa8&\x9d\xd9L6aKB\x84\x8bF\xfe\xc8C\
z5\xfe\x1a\x9b\x19\x01\xd0G\x0d%\xe4\x13g\xc2\xb6\
\x84\x08\x07m\xbc\xca=4\x18\xbf!3\x02\x00Zh\
\xa2\x94\x1cbL\xd9\x9a\x10\xf6\xd6\xcdV~\xc3\x0e3\
6eN\x00@\x0d\x1a\xd3\xc9\x90\x99\x00!&\xd0\xc7\
\x1e\x1e\xe2ys6fV\x00\xc0\xe7\xa4PF\xb2\xac\
\x09\x10b\x1c^\xf6\xf3\x04\xbf7\xfe\xec\xdf\xc7\xbc\x00\
\xe8\xe3\x0b2\x99)\xbd\x82\x84\x18G\x1b\xcf\xb0\xce\x88\
\xc2\xdf\xd1\x99\x17\x00\xd0\xc5\x01r\x98e\xea6\x85\xb0\
\x93#\xbc\xc8\xfd\xc6\x14\xfe\x8e\xce\xdc\x9d\xb1\x9en\x0a\
)4u\x9bB\xd8\xc7\xdb\xfc?\xde5s\x83f\x7f\
\x1aW\xd2\xcd\x1c2L\xde\xaa\x10v\xf0\x19\xf7\xf2\xbc\
Qu\x7f\xa33;\x00\xbc\xd4r\x84\x93H0y\xbb\
BX]\x13\xff\xc93\xf4\x98\xbbQ\xf3\xcf\xc7{\xa9\
G\xe3\x14\x99\x09\x10b\x88^\xee\xe7\x09\xea\xcd\xde\xac\
\x8a\xdd\xb0\x93\xc3\xc4\xb0X.\x08\x0aq\x94\x97\x87y\
\x94*c\xda~\x8dGE\x00xh\xe50S\x99\xad\
`\xdbBX\xd1\xb3\xfc\x8e]F\xd6\xfd\x8fE\xcd\x81\
x?\xcd\x1c\xa2H\xae\x07\x08\x01\xbc\xcb=|h\xf6\
\xd9\xbf\x8f\xaa3\xf1#\xd4\xd3\xc0\x5ci\x18&\x22\xde\
\x1e\xee\xe6m\xba\xd4l\x5c\xddT\x5c/\x07\xe8`\xa9\
\xb4\x0e\x17\x11\xed\x00\xbf\xd0\xff\x8e\x7f\xfeS9\x17\x7f\
\x84J4\x962I\xa6\x03ED\xf2\xd2\xc9\xbd<\xaa\
n\xf7W\x1b\x00\xd0\xcbN\xb2\x99)\x11 \x22\x90\x97\
.\x9e\xe6\x17\xb4\x9b\xbb\xf4g8\xd5W\xe3{\xd8A\
)\x85LR<\x0e!\xcc\xe6\xe25~\xcc!\xb5\x83\
P\x1d\x00\xd0\xce\x1e\xe6\x91-\xcdBDDq\xf1\x1e\
?\xe6s\xd5\xc3P\x1f\x00P\xcfAf\x92)\x9d\x83\
E\xc4\xe8\xe6\x03~\xc6V\xd5\xc3\xb0F\x00@5\x87\
\x99A\x96EF#\x84\xb1z\xf9\x88\xbbx]\xf50\
\xc0*\x01\x00\x15\xd4SJ\x8e\xb4\x0c\x13a\xaf\x9f\x8f\
\xf9\x0f^T=\x0c\x1f\xab\x04\x00|A'\xa5\xe4\xa8\
\x1e\x86\x10\x06\xfb\x98_\xf3\xac\xeaA\x0c\xb0N\x00\xc0\
.\x9a($O\xf50\x840\xd0\x07\xfc\x9a\x0d\xaa\x07\
1\xc8J\x01\x00\x95\xb4S\xc84\xd5\xc3\x10\xc2 \x1f\
\xb3\x8eg\x8d\xbb\xd7o\xe0\xac\x15\x00\xfd8\xe9\xa0\x84\
l\xd5\x03\x11\xc2\x00\xdbY\xc7&co\xf6\x19(k\
\x05\x00\xf4RK+%d\xa9\x1e\x88\x10:\xdb\xc5}\
<G\xbb\xeaa\x0cg\xb5\x00\x80\x1e\xf6\xd3\xceL\xd2\
U\x0fD\x08\x1d}\xc6:\x9e\xa7I\xf50\x8eg\xbd\
\x00\x80n\x0e\xd0L\xb1\x94\x0a\x8b\xb0\xb1\x9bu<o\
\xc6\xbd\xfe\x02e\xc5\x00\x00\x17\xb54R \x17\x05E\
X\xd8\xc1}<O\x83\xca\xa2\x9f\xb1X3\x00\xc0\x85\
\x93&\xf2\xc8U=\x10!B\xf4!\xebx\xcez\x07\
\xff>V\x0d\x00\xe8\xa1\x8a&\x0a$\x02\x84\xad}\xc4\
o\xd8l\xb5\xa9\xbfA\xd6\x0d\x008B\x05M\x14\x91\
%\x0b\x84\x85-\xf5\xb3\x93\xff\xe0Yk]\xf8\x1b\xce\
\xca\x01\x00\xfd\xec\xa6\x81R2,>N!Fr\xf3\
\x11\xebx\xd2J\xcb~F\xb2\xfe\x8e\xf59M\x14\x93\
!\xc5\xc2\xc2Vz\xf8\x98_Zi\xd1\xef\xe8\xac\x1f\
\x00\xf0\x19\x07\x98N\x86\xb4\x0c\x11\xb6\xe1\xe2C~\xc9\
\x0b\xaa\x8711;\x04\x00\xec\xa5\x86\x22\xb2\x88\x91\xde\
\x81\xc2\xf2\xbc\xb8x\x8f\x9f\xf1\x9a\xea\x81\xf8\xc3\x1e\x01\
\x00\xd5\xec$\x97\x02\x89\x00aq^\x5cl\xe1'\xfc\
C\xf5@\xfcc\x97\x00\x80\xc3\xbcG*3\x88U=\
\x10!\xc6\xd1\xc9\xd3\xfc\x98\xcfT\x0f\xc3_\xf6\x09\x00\
h\xe7o\xf40\x9b)\xaa\x07\x22\xc4\x18\xeaX\xc7]\
\xaa;\xfd\x06\xc2N\x01\xe0\xbb\x8f\xc0aJ\xa5J@\
X\xd2g\xfc\x92GhS=\x8c@\xd8+\x00\xa0\x97\
\xbd\xd4\x90#\xb7\x15\x15\x96\xf3.w\xf3<\x1dV\x5c\
\xf1?6\xbb\x05\x00\xf4\xb2\x9f\xbd$0G\xa6\x03\x85\
exy\x99{xS\xe5M\xbe\x82c\xbf\x00\x80^\
\x0eSE\x1f\xf3m9z\x11~\x8e\xf0(\xbfe+\
\x9d\xaa\x07\x128{\xeeBGh\xa0\x8av\xe6\x12\xaf\
z(\x22\xe25q\x1f\x8f\xf2\x89\x95W\xfc\x8f\xcd\x9e\
\x01\x00\xfd4\xb3\x97C\x14\x91\xa1z(\x22\xa2}\xc1\
=<A\x15\xbd\xaa\x07\x12\x1c\xbb\x06\x00xh\xe33\
\x0e\x92A\xae\x8d\x9f\x85\xb0\xb3#\xbc\xc3\xbd<C=\
\x1e\xd5C\x09\x96\xbdw\x1d7\xbb9D4y\xc4\xc9\
\x94\xa00\x95\x976^\xe4\xb7l\xb6\xe7\xa1\xff\x00{\
\x07\x00x\xd9\xcb\x17D\x93E\x92t\x0d\x10\xa6\xe9c\
?\xcfp?\xef\xd8\xeb\xa2\xdfHv\x0f\x00\x80z>\
\x06\xa6\x92\x22\xf5\x82\xc2\x14\xdd|\xc6\xe3\xac\xa3R\xf5\
@B\x17\x0e\x01\x00]l\xa3\x8b4\xa6\x12\xa7z(\
\x22\xec\xb5\xf1>\x0f\xf1?\xb4\xaa\x1e\x88\x1e\xc2#\x00\
\xa0\x8f\x9d\xd4\x92L\x16qr* \x0c\xd3O#[\
\xf8\x0d\x9b9\xa2z(\xfa\x08\x97\x00\x00p\xb2\x1d\xc8\
#A\xba\x07\x09C\xb8\xa9\xe5\x7f\xb9\x87\xed\xaa\x07\xa2\
\x9fp\x0a\x00h\xe1]\xaa\xc9%\x87(\xb9* t\
\xe6f\x1bw\xf1\x88\x15o\xef\x11\xbc\xf0\x0a\x00\xe8\xe3\
3\xdeCc\x81L\x08\x0a]\xb9\xf9\x13?\xe5M\xfa\
T\x0fD_\xe1\x16\x00\x00M\xfc\x8d\x0f\x99+7\x18\
\x15\xba\xd9\xcdwx\x80\xfd\xaa\x87\xa1\xbfp\x0c\x00\xe8\
\xa3\x9a\xbf\x12\xcd\x22\x99\x10\x14!\xf3\xf0\x14\xdf\xe7\x1f\
\xf4\xa8\x1e\x88\x11\xc23\x00\xa0\x9fV>`'KI\
V=\x14ak\x07\xf9>\xbf\xc7i\xd7\xb5\xfe\x13\x09\
\xd7\x00\x00\x0f]T\xf36\x05\x14\x84\xf1\xb3\x14F:\
\xc2\xeb|\x87\xb7i\xb4\xf6\xcd=B\x11\xce\xbb\x86\x17\
7\x87\xf8\x88\xfd\x143EN\x06D@\xfa\xd8\xc7\x03\
\xdc\xcb\x0e\x5cv_\xee;\x9ep\x0e\x00\x00\x0f\xf5T\
\xb2\x0b\x079$\xa8\x1e\x8c\xb0\x8d\x16^\xe1\x1e^\xa0\
\xc2\xbeu~\xfe\x09\xf7\x00\x00\xe8\xa4\x9a\xbd\xd41\x85\
\xa9rqPL\xa8\x87\x1d<\xcc\x1fy\x87f\xd5C\
1^$\x04\x00\xf4S\xc7\x17\xd4\xd2C*)\xb2D\
H\x8c\xc9\xcb~^\xe2a\x9e\xe3\x8b\xf0=\xef\x1f*\
2\x02\x00\xc0E\x05{ia\x12iR2$F\xd5\
\xc1V\x9e\xe4q\xde\xb6_s\xcf`EN\x00\x80\x97\
\x06vSK?\x93I\x95IA1L?\xd5\xfc\x99\
\x87\xd9Du\xb8\x9f\xf7\x0f\x15I\x01\x00\xe0\xa6\x92\x9d\
\xb4\x92@\x22\x93U\x0fFXF=\xdbx\x92\x87x\
\xdf\xde\xfd}\x02\x17i\x01\x00\xd0\xc6\xa7\xec\xc4A\x02\
\x89LR=\x18\xa1\x9c\x8b\xcfy\x8e\xdf\xf0\x12\xf5\xe1\
|\xc1ot\x91;!6\x99S\xf96K\xc9\x93\xe2\
\xe1\x08\xd6G\x1d\x1f\xf1{\xfef\xc7\x9e\xfez\x88\xdc\
\x00\x00\x88\xe5B~L1\xc9\x11y$\x14\xe9<\xb4\
S\xc3:\xd6\xe3R=\x14u\x22\xfb\x8d\xdf\xcfg\xac\
\xa7\x97\xe9\xc4K\x07\x81\x88\xe2\xa5\x97:\x1e\xe5\x06\xde\
\x0b\x97\xde>\xc1\x89\xec\x00\x00\xe8\xe1\x1d^$\x91\x22\
Y)\x18AZx\x86o\xb3>\xd2\xa6\xfcF\x92O\
\xbd\x01\x8b\xb9\x95\x0bIU=\x0ca\xb86\xfe\xca:\
\xdeV=\x0ck\x90\x00\x18\x10\xc5dN\xe1[\x9c+\
!\x10\xc6\xday\x8bGy\x83\xcep\xeb\xec\x13,\x09\
\x80\xa1\xe2Ha)_\xe7B\xe9\x22\x10\x86:x\x83\
\xc7x\x8ffz\x22\xefr\xdfX$\x00\x86\xd3\x88'\
\x93\xf9\xacb\x85\x84@\x18\xe9\xe0U\xd6\xf31\x87\xe8\
\x92\x9d\x7f(\x09\x80\x914\xe2\xc9g\x01\x17\xb1\x5cB\
 \x0ct\xf2\x1a\x1b\xd9N\x8d\xec\xfc#I\x00\x8cN\
#\x9eb\x16r\x01+H\x90W\xc9\xa6\xbc\xf4\xf0\x1a\
\x9b\xd8I\x85\xec\xfc\xa3\x93\xb7\xf6\xd84b\x99\xc5i\
|\x953H\x93\x0b\xa66\xd3O\x13\xef\xf0W\xb6\xf1\
)\xdd\xb2\xf3\x8fE\x02`\x22q,d1K9\x8d\
\x22bU\x0fF\xf8\xa5\x97\xfd\xfc\x83\xbf\xf3\x01;\xc2\
\xb3\x97\xaf~$\x00\xfc\x11\xc5\x0cN\xe5d\x16S&\
\xb3\x02\x16\xd7A%\x1f\xf1>[\xd9\x15\xd9k\xfc\xfc\
#\x01\xe0/\x8d\x02N\xe6K,b\x06\x99\xf2\xbaY\
\x90\x97f*\xf8\x88\xbf\xf3\x0f\xaa\xe4\xa0\xdf?\xf2F\
\x0eL\x1a\x8b9\x87S\x98N\x8e\xcc\x0aXH?\x87\
\xa9\xe2C\xfe\xc2?hT=\x18;\x91\x00\x08\x5c\x02\
s\xb8\x88/S@\xb64\x15\xb1\x80.\x0eQ\xcb\xbb\
\xbc\xc4't\xa9\x1e\x8c\xddH\x00\x04'\x9a\x1c\xce\xe5\
\x02\xe6\x90A\x8at\x14P\xa4\x9fv\x1a\xd9\xc1+\xbc\
\xca!Y\xdc\x1b\x0c\x09\x80PD1\x9b\xb5\x5cH\x0e\
I\xc4I\x97A\x13yp\xd3A\x03o\xf0\x14[e\
\xd7\x0f\x9e\x04@\xe8\x129\x9f\x95\x9cN:\x93\xa4\xab\
\x80\x09\xfa\xe9\xa5\x99\xadl\xe2EZU\x0f\xc6\xee\xe4\
\xed\xaa\x97B.\xe4J\x16K\xcbq\x83\xb9\xd9\xcd\xd3\
l\xa4B\xf5@\xc2\x83\x04\x80\x9ebY\xc4J.d\
\xb6\x5c!0@?\xbby\x99M|\x1c\xaew\xeaU\
A\x02@_\xd1\xc40\x992\x96q\x1e'\xc9\xe4\xa0\
N<\xecf\x0b/\xb2\x8bv\x8e\xc8\x19\xbf\x9e$\x00\
\xf4\xa7\x11C\x02I\x14p\x06\xcb\xf8\xb2\x1c\x0d\x84\xc0\
\xc3\xc7l\xe15\xaai\xa7\x8b^Y\xde\xa37\x09\x00\
\xa3h\xc40\x85\x14\x0a8\x93sY \x1d\x07\x03\xe4\
\xa6\x82\xd7x\x0d'\xad\xb4\xca\xaeo\x14\x09\x00\xa3\xc5\
\x90A\x16\xc5,d1\x0b\xc8\x96\xd3\x82\x09\xf4q\x88\
\xed|\xc4Nj9\xcca\xdc\xaa\x07\x14\xde$\x00\xcc\
\x11G:YdQ\xc4\x5cN`\x06Y\xaa\x07dA\
mT\xf2\x09;\xf8\x82C\x1c\xa6Q\xea\xf8\xcc \x01\
`&\x8d$\xb2\xc9%\x8f\x12f3\x872\xb9h\x08\
\xf4R\xcb\x1e>\xa1\x8a\x03\x1c\xe0\x00\xad\x91tsN\
\xd5$\x00T\x88&\x85B\x8a)\xa1\x94R\x8a\xc8%\
&\xe2~\x12^z9@\x0d{\xa9d?N*i\
\x92\xf2]\xf3E\xda\xdb\xceZb(\xa0\x94\x22\x0a\xc9\
%\x97\x5crH\x0a\xfb\x05\xc5\x1e:\xa8\xe3\x00\xfb9\
@\x0d5\xec\xa5Vv|u$\x00\xac \x86<J\
\x98N19\xa4\x93N&\x19$\xaa\x1e\x94\xce\xdc4\
QO#\x87\xd9G5\x95Tr@v|\xf5$\x00\
\xacD#\x99|\x8a)\xa3\x94<RH&\x99T&\
\xdb\xf6\xa8\xc0C'\xad\xb4\xd1F+\x8d8\xa9\xa0\x8a\
j\x1a\xe4\x1c\xdf:$\x00\xac)\x9aTJ(\xa1\x98\
R\xf2\x98B\x22\x09L&\x81x\xcb/+\xea\xa3\x07\
\x17]t\xd1E;\xfb\xa8\xa4\x8aj\xaah\x91\x15|\
V$\x01`}q\x14SL\xe1\xd1\xb9\x82\x14b\x89\
%\x96I\xc42\xc9\x12\xab\x0a\xfa\xe8\xc5M/n\xdc\
\xb8i\xe5\x0058qR\x8dS.\xe5Y\x9d\x04\x80\
\xbd\xc4\x92E!\xf9\x14\x90G>y\xa4\x11M4Q\
G\x7f\xf7\xfd2\xf2g\xea\xa5\xff\xe8\xaf>\xfa\x8e\xfe\
\xde\xcc~\xf6\xb1\x8f}\xd4RC\xbd,\xdd\xb1\x13\x09\
\x00;\xd3H\x22\x97<r\xc8!\x87id\x92N\x1a\
\xf1h8\xd0F\xfc\xe2\xe8\xff\xb4c\xdf=\xc8{\xec\
\xff\xbdG\xff\xe4\x1d\xf1\xcb\x83\x17\x17\xcd4Q\xcfA\
\xea8xt6\xbfS\x96\xe9\xda\x97\x04@\xb8\x89b\
2\x19d\x92N2\xc9\xa4\x90B2S\x98B,\x09\
\xc4\x13G\x02qD\x03\x0e\xe2\x8e\xdd\xe7\xc0M\x0f\x1e\
\x06\xce\xdf{\xe8\xa6\x8b^\xdai\xa7\x8d\x96c\x93x\
\x0d4\xd0E\xbf\xea'(\xf4\xf4\xff\x01\xd8\xc7\xfa\xd0\
\xe8\xcd\xa2\xb7\x00\x00\x00%tEXtdate\
:create\x002019-04-\
19T11:31:50+02:0\
0\xb3\xf7&S\x00\x00\x00%tEXtdat\
e:modify\x002019-04\
-19T11:31:50+02:\
00\xc2\xaa\x9e\xef\x00\x00\x00\x19tEXtSo\
ftware\x00www.inksc\
ape.org\x9b\xee<\x1a\x00\x00\x00\x00I\
END\xaeB`\x82\
\x00\x00\x0d\x5c\
\x89\
PNG\x0d\x0a\x1a\x0a\x00\x00\x00\x0dIHDR\x00\
\x00\x02\x00\x00\x00\x02\x00\x08\x04\x00\x00\x00^q\x1cq\
\x00\x00\x00\x04gAMA\x00\x00\xb1\x8f\x0b\xfca\x05\
\x00\x00\x00 cHRM\x00\x00z&\x00\x00\x80\x84\
\x00\x00\xfa\x00\x00\x00\x80\xe8\x00\x00u0\x00\x00\xea`\
\x00\x00:\x98\x00\x00\x17p\x9c\xbaQ<\x00\x00\x00\x02\
bKGD\x00\x00\xaa\x8d#2\x00\x00\x00\x09pH\
Ys\x00\x00\x0e\xc4\x00\x00\x0e\xc4\x01\x95+\x0e\x1b\x00\
\x00\x00\x07tIME\x07\xe3\x04\x13\x0c\x1f\x1c;i\
6\x88\x00\x00\x0c*IDATx\xda\xed\xdd\xfb\x8f\
\xe5u}\xc7\xf1\xd79\xbb\xc2\xe2\xac\x0bv\x97\x8b\xbb\
,*U\x06\x0a\x14\x90\xaa\x85\x15\x81m\x1bZ\xaa\x89\
\xf6\x07\xa2\xb1b\x9b\xb4X\xb1V\x93&\xfc\x07\x8d\x0d\
F\xfdA\xba\xe0%!j\xd2\xa4\xfc\xa2nIZ\xdb\
\xecb\xb9\xd4\xd8\x82r\xf1\xb2\x83\x05\xa4\xc0J`\x95\
\xdbn\x17\xd0e\xfb\xc3\xe403\xcb\x5c\xce\x999s\
>\xcc\xbc\x1f\x8f_v\xe6\x9c\xef\xf7\x9c\xf7\xf7$\xdf\
\xe7|\xbfgg\xbe'\x01\x00\x00\x00\x00\x00\x00\x00\x00\
\x00\x00\x00\x00\x00\x00\x00\x00\x00\x00\x00\x00\x00\x00\x00\x00\
\x00\x00\x00\x00\x00\x00\x00\x00\x00\x00\x00\x00\x00\x00\x00\x00\
\x00\x00\x00\x00\x00\x00\x00\x00\x00\x00\x00\x00\x00\x00\x80v\
:#~\xbe\xd7f}\xd6\xb7\xdehx\x95\xda\x9f\xfd\
\xf9\xbfQ>\xe1\xf2\x06`k\xc6sZ\xce\xc8i\xd9\
\x9a\xb1\xbc.\xc7\x8d<8\xb0\xd2\x1c\xce\xd3y.\x07\
\xf2H&\xb2'\xf7g\x22\x8f,\xdf\x93-\xc7\x0e\xd9\
\xcd9\xb94\xdbsQ6,\xdf\xe0P\xc6\xb3\xb95\
\xbbsK\xee\xcdK\xc3~\xe8\xe1\x06`,\xef\xcf\xfb\
sq6\x8e\xec\xa5\x81:\xf6\xe5;\xf9f\xbe1\xcc\
\x93\x84a\x05\xa0\x9b\x0b\xf3\xe1|0\xafk\xf2\xc2@\
\x1d\x07ss\xbe\x94]9<\x8c\x07\x1bF\x00\x8e\xcd\
\xc7sU\xde\xd8\xf8e\x81J\x1e\xce\x17\xf3\x0fyv\
\xa9\x0f\xb3\xd4\x00l\xcc'\xf27y}\xebW\x03\x0a\
z.7\xe6\xd3y|)\x0f\xb1\x94\x00\x9c\x90k\xf2\
Q\xff\xa9\x07\x0d\xed\xcf\xf5\xf9L\x9e\x5c\xec\xeak\x16\
\xb9^7\x1f\xce\xce\xfc^\x8ej\xbd\xfdP\xdaQ\xd9\
\x96\xbf\xcc\xf3\xb9sq\xef\x09,\xee\x08\xe0\xbc\xec\xc8\
\xef\xb6\xder\xe0e\xdf\xcf\xd5\xf9\xde\xe0\xabu\x07^\
c}v\xe4N\xbb?\xbc\xaa\xbc-w\xe4\xba\x8c\x0d\
\xba\xda\xa0G\x00g\xe4\xa6\x9c\xd5z[\x81YM\xe4\
\x8a\xdc;\xc8\x0a\x83\xbd\x07pevfK\xebm\x04\
\xe6\xb0)\x7f\x9e\xfd\x83\x9c\x0a\xf4\x7f\x04\xb0>7\xe4\
C\xad\xb7\x0fX\xd0\xd7\xf3\xb1\x1c\xe8o\xd1~\x03\xb0\
17;\xef\x87\x15\xe2\xae\x5c\x9e'\xfaY\xb0\xbf\x00\
\xbc)\xdf\xcei\xad\xb7\x09\xe8\xdb\x83\xb9,\xff\xb3\xf0\
b\xfd\xfc/\xc0\x99\xb9\xdd\xee\x0f+\xca\xa9\xb9-\xe7\
.\xbc\xd8\xc2\x01\xb80\xb7{\xe3\x0fV\x9c\x93rK\
.Xh\xa1\x85N\x01\xce\xca\xad~\xd3\x1fV\xa8g\
rq\xee\x99o\x81\xf9\x03\xb05wdk\xebm\x00\
\x16mo\xb6\xe5gs\xdf=\xdf)\xc0\xa6\xfc\x9b\xdd\
\x1fV\xb4\xcd\xf9\xf7\x9c8\xf7\xdds\x07\xe0\xb5\xf9\x97\
\x9c\xdezz`\x89\xde\x92\x9d9f\xae;\xe7\xfeM\
\xc0\x1b\xf2\xc7\xad'\x07\x86`K\x8e\xcf\xcd\xb3\xdf5\
W\x00>\x90\xbfk=50$\xe7\xe7\xc1\xd9\xffF\
`\xf67\x01\xdf\x9a\xbb\x5c\xdd\x0fV\x91\xfdy{\xf6\
\xbc\xf2\xe6\xd9\xde\x03X\x97\x9b\xec\xfe\xb0\xaa\xac\xcfM\
\xb3\xbd\x130\xdb)\xc0\xa7\xf3'\xad\xa7\x05\x86\xec\xc4\
\xac\xc9\xae#o|\xe5)\xc0\x99\xf9A^\xd3zV\
`\xe8^\xccy\xf9\xf1\xcc\x9b\x8e<\x05\xe8\xe4:\xbb\
?\xacJG\xe5\x86#\x7f\xe4\x1f\x19\x80\x8f\xe4\x92\xd6\
S\x02\xcb\xe4\xa2#\xaf\xe91\xb3\x07\xc7\xe5\xfe\x1c\xdf\
zF`\xd9<\x9e\xf1\xe9\x1f'2\xf3\x08\xe0\x93v\
\x7fX\xd5N\xca_O\xffv\xfa\x11\xc0X~\x96M\
\xad\xe7\x03\x96\xd5/\xf2\xa6\xec\xef}3\xfd\x08\xe0\xe3\
v\x7fX\xf56\xe6\xa3S\xdfL\x1d\x01\xac\xcb\x83y\
C\xeb\xd9\x80e\xf7xN\xcd\xc1\xc9/\xa7\x8e\x00\xfe\
\xc2\xee\x0f%\x9c\x94?\xeb}9u\x04pw\xcei\
=\x170\x12\xdf\xcf\xf9\x93_\xf4\x02pn~\xd0z\
&`d\xce\x99\xfc\xeb\xc0\xde)\xc0\x95\xad\xe7\x01F\
\xe8O'\xff\x99<\x02X\x9bGrR\xeb\x89\x80\x91\
\xd9\x9bSr\xa8w\x04p\x99\xdd\x1fJ\xd9\x9c\xdfO\
z\x01xo\xebi\x80\x11{o\xd2\x0b\xc0\xf6\xd6\xb3\
\x00#\xb6=\x99|\x0f`K\x1em=\x0b0r'\
\xe7\xb1n2y.\x00\x14s\xc9\xe4)\xc0\xa5\xad\xe7\
\x00\x1a\xd8>\x19\x80w\xb5\x9e\x03h\xe0\xa2\xa4\x93\xa3\
s`\x9e\x8f\x07\x01V\xabC\x19\xeb\xe64\xbb?\x94\
\xb4&\xbf\xd9\xcdx\xeb)\x80F\xc6\x05\x00\xea\x12\x00\
(l\xbc\x9b\xcd\xadg\x00\x1a\xd9\xda\xf5)\x80P\xd6\
\xa6n\xd6\xb7\x9e\x01hdS7\x1bZ\xcf\x0042\
\xe6\x08\x00\xea:\xba\x93_e\xedH\x9f\xf2\xc5\xdc\xd7\
z\xab\xe1U\xea\xec\x1c5\xd2\xe7{\xa9\x93\xc3#\xde\
\xc4G\xb3u\xc4\xcf\x08+\xc5#9y\xb4O\xd8]\
\xfaC\x00+\x95\x00@a\x02\x00\x85\x09\x00\x14&\x00\
P\x98\x00@a\x02\x00\x85\x09\x00\x14&\x00P\x98\x00\
@a\x02\x00\x85\x09\x00\x14&\x00P\x98\x00@a\x02\
\x00\x85\x09\x00\x14&\x00P\x98\x00@a\x02\x00\x85\x09\
\x00\x14&\x00P\x98\x00@a\x02\x00\x85\x09\x00\x14&\
\x00P\x98\x00@a\x02\x00\x85\x09\x00\x14&\x00P\x98\
\x00@a\x02\x00\x85\x09\x00\x14&\x00P\x98\x00@a\
\x02\x00\x85\x09\x00\x14&\x00P\x98\x00@a\x02\x00\x85\
\x09\x00\x14&\x00P\x98\x00@a\x02\x00\x85\x09\x00\x14\
&\x00P\x98\x00@a\x02\x00\x85\x09\x00\x14&\x00P\
\x98\x00@a\x02\x00\x85\x09\x00\x14&\x00P\x98\x00@\
a\x02\x00\x85\x09\x00\x14&\x00P\x98\x00@a\x02\x00\
\x85\x09\x00\x14&\x00P\x98\x00@a\x02\x00\x85\x09\x00\
\x14&\x00P\x98\x00@a\x02\x00\x85\x09\x00\x14&\x00\
P\x98\x00@a\x02\x00\x85\x09\x00\x14&\x00P\x98\x00\
@a\x02\x00\x85\x09\x00\x14&\x00P\x98\x00@a\x02\
\x00\x85\x09\x00\x14&\x00P\x98\x00@a\x02\x00\x85\x09\
\x00\x14&\x00P\x98\x00@a\x02\x00\x85\x09\x00\x14&\
\x00P\x98\x00@a\x02\x00\x85\x09\x00\x14&\x00P\x98\
\x00@a\x02\x00\x85\x09\x00\x14&\x00P\x98\x00@a\
\x02\x00\x85\x09\x00\x14&\x00P\x98\x00@a\x02\x00\x85\
\x09\x00\x14&\x00P\x98\x00@a\x02\x00\x85\x09\x00\x14\
&\x00P\x98\x00@a\x02\x00\x85\x09\x00\x14&\x00P\
\x98\x00@a\x02\x00\x85\x09\x00\x14&\x00P\x98\x00@\
a\x02\x00\x85\x09\x00\x14&\x00P\x98\x00@a\x02\x00\
\x85\x09\x00\x14&\x00P\x98\x00@a\x02\x00\x85\x09\x00\
\x14&\x00P\x98\x00@a\x02\x00\x85\x09\x00\x14&\x00\
P\x98\x00@a\x02\x00\x85\x09\x00\x14&\x00P\x98\x00\
@a\x02\x00\x85\x09\x00\x14&\x00P\x98\x00@a\x02\
\x00\x85\x09\x00\x14&\x00P\x98\x00@a\x02\x00\x85\x09\
\x00\x14&\x00P\x98\x00@a\x02\x00\x85\x09\x00\x14&\
\x00P\x98\x00@a\x02\x00\x85\x09\x00\x14&\x00P\x98\
\x00@a\x02\x00\x85\x09\x00\x14&\x00P\x98\x00@a\
\x02\x00\x85\x09\x00\x14&\x00P\x98\x00@a\x02\x00\x85\
\x09\x00\x14&\x00P\x98\x00@a\x02\x00\x85\x09\x00\x14\
&\x00P\x98\x00@a\x02\x00\x85\x09\x00\x14&\x00P\
\x98\x00@a\x02\x00\x85\x09\x00\x14&\x00P\x98\x00@\
a\x02\x00\x85\x09\x00\x14&\x00P\x98\x00@a\x02\x00\
\x85\x09\x00\x14&\x00P\x98\x00@a\x02\x00\x85\x09\x00\
\x14&\x00P\x98\x00@a\x02\x00\x85\x09\x00\x14&\x00\
P\x98\x00@a\x02\x00\x85\x09\x00\x14&\x00P\x98\x00\
@a\x02\x00\x85\x09\x00\x14&\x00P\x98\x00@a\x02\
\x00\x85\x09\x00\x14&\x00P\x98\x00@a\x02\x00\x85\x09\
\x00\x14&\x00P\x98\x00@a\x02\x00\x85\x09\x00\x14&\
\x00P\x98\x00@a\x02\x00\x85\x09\x00\x14&\x00P\x98\
\x00@a\x02\x00\x85\x09\x00\x14&\x00P\x98\x00@a\
\x02\x00\x85\x09\x00\x14&\x00P\x98\x00@a\x02\x00\x85\
\x09\x00\x14&\x00P\x98\x00@a\x02\x00\x85\x09\x00\x14\
&\x00P\x98\x00@a\x02\x00\x85\x09\x00\x14&\x00P\
\x98\x00@a\x02\x00\x85\x09\x00\x14&\x00P\x98\x00@\
a\x02\x00\x85\x09\x00\x14&\x00P\x98\x00@a\x02\x00\
\x85\x09\x00\x14&\x00P\x98\x00@a\x02\x00\x85\x09\x00\
\x14&\x00P\x98\x00@a\x02\x00\x85\x09\x00\x14&\x00\
P\x98\x00@a\x02\x00\x85\x09\x00\x14&\x00P\x98\x00\
@a\x02\x00\x85\x09\x00\x14&\x00P\x98\x00@a\x02\
\x00\x85\x09\x00\x14&\x00P\x98\x00@a\x02\x00\x85\x09\
\x00\x14&\x00P\x98\x00@a\x02\x00\x85\x09\x00\x14&\
\x00P\x98\x00@a\x02\x00\x85\xad\xcd\xaf\xb3v\xa4\xcf\
xB\xeel\xbd\xd1\xf0*u\xc2\x88\x9f\xef\xa5N\x9e\
\xcaq\xad\xb7\x1ah\xe2`7\xcf\xb5\x9e\x01h\xe4\x05\
\x01\x80\xba\x0et\xb3\xbf\xf5\x0c@#O:\x02\x80\xba\
\xf6u\xb3\xb7\xf5\x0c@#\x8fv3\xd1z\x06\xa0\x91\
\x89n\xf6\xb4\x9e\x01hd\x8f#\x00\xa8k\xa2\x93\xa3\
s kZ\xcf\x01\x8c\xdc\xa1\x8cu\xf3B\x1ej=\
\x07\xd0\xc0\x03y\xa1\x9b\xe4\xf6\xd6s\x00\x0d\xdc6\xf9\
\xd7\x80\xb7\xb4\x9e\x03h`w\xd2I\xb29\x8f\xb5\x9e\
\x04\x18\xb9-\xd9\xdbM\xb27\xf7\xb7\x9e\x04\x18\xb1\x1f\
go\xef\x82 \xbb[\xcf\x02\x8c\xd8\xae\xa4\x17\x80\x9d\
\xadg\x01F\xec\x9f\x93\xc9\xf7\x00\x92\xb5\xf9\xdf\xbc\xa1\
\xf5<\xc0\xc8\xec\xcd)9\xd4;\x02\xf8u\xfe\xb1\xf5\
<\xc0\x08}=\x87\x92\xde\x11@rV\xeek=\x11\
02\xbf=\xb9\xc7\xf7\xae\x0a\xfc\xc3\xdc\xd3z\x22`\
D\xee\xea\xfd\xc0\x9f\xba,\xf8\x97Z\xcf\x04\x8c\xc8W\
z_t^\xbei]\x1e\xc8\xe6\xd6s\x01\xcb\xee\xf1\
\x9c\x9a\x83\x93_N\x1d\x01<\x9f\xcf\xb7\x9e\x0b\x18\x81\
k{\xbb\xff\xf4#\x80d,\x0f\xe5\xf8\xd6\xb3\x01\xcb\
j_\xde<u)\xe0\xe9\x1f\x0dv _h=\x1b\
\xb0\xcc>;\xfdJ\xe0\x9d\x19w\x1d\x9b\x89\x9c\xd8z\
>`\xd9\xfc<\xe3\xd3\xaf\x04>\xf3\xc3A\x9f\xc95\
\xad\xe7\x03\x96\xd1\xdf\xce\xfc \x80\xce\x11ww\xb2+\
\x97\xb6\x9e\x11X\x16\xff\x91Ksx\xfa\x0d\x9dW,\
\xf2[\xb9;\xafi='0t/\xe6\xdc\xfcd\xe6\
M\xaf\xbc\x1c\xe8\x93Y\x9fm\xad'\x05\x86\xee\xda\xfc\
\xd3\x917ufYl]\xfe3\xe7\xb5\x9e\x15\x18\xaa\
\xfb\xf2\xce\xa9\xff\xff\xef\xe9\xcc\xba\xe8[sg6\xb4\
\x9e\x17\x18\x9a\xfdy\xfbl\x1f\x02\xd4\x9du\xe1\x9f\xe6\
\xaa\xd6\xf3\x02C\xf4W\xb3\x7f\x06\xd8\x5c\x1f\x09\xf2\xa3\
l\xc9\xf9\xadg\x06\x86\xe2\xfa\xfc\xfd\xecwt\xe6\x5c\
\xe5\x98|'\xefh=7\xb0d\xdf\xcd\xf6<?\xfb\
]\x9dyV\xdb\x98\xdbrF\xeb\xd9\x81%\xf9i\xde\
\x95'\xe6\xba\xb33\xef\xaa'\xe7\x8e\x9c\xd2z~`\
\xd1\x1e\xcb\xb6<<\xf7\xdd\xddyW~4\x97\xe7\x97\
\xad\xb7\x00X\xa4gr\xf9|\xbb\xffB\x01H~\x94\
\xf7\xe4\xe9\xd6[\x01,\xc2S\xf9\xc3\xdc;\xff\x22\x9d\
>\x1e\xe6\xcc\xfckNn\xbd-\xc0@~\x9e?Z\
\xf8J\x9f\xfd\x04 yc\xbe\x9d\xf1\xd6\xdb\x03\xf4\xed\
\x81\x5c\x96\x07\x16^l\xa1S\x80I\x0f\xe7\xc2|\xb7\
\xf5\x16\x01}\xfa\xef\x5c\xd0\xcf\xee\xdfo\x00\x92_\xe6\
\x0f\xf2\xd5\xd6[\x05\xf4\xe1\xc6\x5c\x92'\xfb[\xb4\xbf\
S\x80\x9e+\xb3#c\xad\xb7\x0e\x98\xd3\xc1|2_\
\xee\x7f\xf1\xc1\x02\x90\x9c\x9e\x9brv\xebm\x04f\xb5\
'W\x0c\xf6\x19_k\x06Y8\xc9\xbe|5\x1b\xf2\
;}\x9f:\x00\xa3q(\xd7\xe5\x8a<6\xd8J\x83\
\x1e\x01L:7;rA\xeb\xed\x05^vW\xae\xce\
\x7f\x0d\xbe\xda\xe2~\x92\xdf\x9dm\xf9H\xf6\xb5\xdef\
 \xc9S\xf9T\xde\xb1\x98\xdd\x7f\xf0S\x80)\xf7\xe4\
\xc6\x1c\xce99\xba\xf5\xd6Ca\xcf\xe6s\xf9`n\
\x99y\xa9\xcf\xfe-\xee\x14`\xca\x86|,\xd7\xe47\
Z\xbf\x0aP\xd0\xb3\xb9>\xd7.\xed\xafu\x96\x1a\x80\
$\xd9\x90\xabsU\xde\xdc\xfa\xd5\x80B\x1e\xca\x17\xb3\
c\xe65\xfe\x17c\x18\x01\x98t~\xae\xcc\x87\xb2\xb1\
\xe9\x8b\x02\xab\xdf3\xd9\x99\xafe\xd7b\x0f\xfag\x1a\
^\x00\x92\xe4\x98\xbc/\xef\xcb%9\xa1\xc9\x0b\x03\xab\
\xdb\x13\xd9\x9do\xe6[s]\xddg1\x86\x1b\x80\xde\
c\x9e\x9d\xed\xd9\x9ew\xe7\xd8\x91\xbd4\xb0z=\x9d\
[\xb3;\xbb\xf3\xc3\xe1\xfc\xd4\x9fn9\x020eK\
\xc63\x9e\xf1\x9c\x9eS\xb21\x9b\xfc\xfa\x10\xf4\xe1\xa5\
\xec\xcb/\xf2p\xf6d\x22\xf7gb\xd0_\xee\x19\xc4\
\xf2\x06\xe0H\xc7\xa5\x93u9f\xa4\xcf\x09+\xc7\xc1\
<\x9f\xc3.\xc1\x03\x00\x00\x00\x00\x00\x00\x00\x00\x00\x00\
\x00\x00\x00\x00\x00\x00\x00\x00\x00\x00\x00\x00\x00\x00\x00\x00\
\x00\x00\x00\x00\x00\x00\x00\x00\x00\x00\x00\x00\x00\x00\x00\x00\
\x00\x00\x00\x00\x00\x00\x00\x00\x00\x00\x00\x00@\x15\xff\x0f\
9\xd7:\xd8\x9c\x155\x1e\x00\x00\x00%tEXt\
date:create\x002019\
-04-19T10:31:28+\
02:00WK\xb8\xa8\x00\x00\x00%tEX\
tdate:modify\x00201\
9-04-19T10:31:28\
+02:00&\x16\x00\x14\x00\x00\x00\x19tE\
XtSoftware\x00www.i\
nkscape.org\x9b\xee<\x1a\x00\
\x00\x00\x00IEND\xaeB`\x82\
\x00\x00:K\
\x89\
PNG\x0d\x0a\x1a\x0a\x00\x00\x00\x0dIHDR\x00\
\x00\x02\x00\x00\x00\x02\x00\x08\x04\x00\x00\x00^q\x1cq\
\x00\x00\x00\x04gAMA\x00\x00\xb1\x8f\x0b\xfca\x05\
\x00\x00\x00 cHRM\x00\x00z&\x00\x00\x80\x84\
\x00\x00\xfa\x00\x00\x00\x80\xe8\x00\x00u0\x00\x00\xea`\
\x00\x00:\x98\x00\x00\x17p\x9c\xbaQ<\x00\x00\x00\x02\
bKGD\x00\x00\xaa\x8d#2\x00\x00\x00\x09pH\
Ys\x00\x00\x0d\xd7\x00\x00\x0d\xd7\x01B(\x9bx\x00\
\x00\x00\x07tIME\x07\xe3\x04\x13\x0d\x221\x15\x9c\
Ht\x00\x009\x19IDATx\xda\xed\xddw\x9c\
\x5cg}\xef\xf1\xcf\x94\xed\xbd\xf7^T-Y]\xb2\
\x85\x85\x8b\xdc\xc0\xd4\xe0\xeb`\xd3bJH\x88\x03\x84\
p\x13\xa7\xdd\x1b \x98$`\x1c0\x01.\x90\xc4@\
\x82\x8d\x8dM\xb1\x8d\xbbe[\x92\xd5{\xdf\xa2\xed]\
\xdb\xcb\xec\xee\xcc\xdc?Vew\xb5e\xca\x99y\x9e\
s\xe6\xf7\xd6\x0b\x1b\xc9\xab\x99\xdf\x9c\x99\xf3\x9ds\x9e\
jCX\x8b\x93d\xb2\xc9!\x9d\x14RH!\x95\x14\
\x92H&\x968\xe2\x89!\x9e8l\x80\x83\x04\x1c\x17\
\xff\x8e\x9ba\xdc\x80\x871F\x18c\x84Q\x5c\x0c0\
\xc0\x00}\xf4\xd3O\x1f\x17\xe8\xa0\x8b\x01&U\xbf@\
a$\x9b\xea\x02D\x10ldRH.\xf9\xe4\x91G\
\x1eYd\x91J\x0cvls\xfc\xe2\xf2?/\xfd\xed\
+\xbc\xd3\xfe\xed\xbd\xfc\xcf\xd9\xbf<\xb8\xe8\xa5\x9b.\
Zi\xa3\x8d\x16\xdai\xa1\xe7\xf2\xdf\x16\xa6#\x01`\
.\xf1\xe4SJ\x11\x85\x14QD!I8q\xe0\xbc\
\xf8O\x07\x0e\xec!}O\xbdxp\xe3f\x127\x93\
\x17\xff9@3M4\xd1L\x13\xf5\xb41\xaa\xfa \
\x09\xdfI\x00\xe8/\x89rJ)\xa5\x94\x12\xf2H\x22\
\x96hb\x88!\x9a\x18\xec\xaa\x8b\x03\xdc\x8c\xe3b\x1c\
\x17.\x5c\x0c\xd0\xc6y\x1a\xa8\xe7<u\x0c\xab.N\
,L\x02@OQdQA\x19\xe5TP@\x12\xf1\
$\x90@<\xb1Z\x9c\xf2\x0bq\xe3b\x98\x11\x86\x19\
f\x90\x16j\xa8\xa7\x8e:\xba\x99P]\x9a\xb8\x9a\x04\
\x80N\xec\xa4SF\x05%\x94QL\xea\xc5F\xbcx\
\xd3\xbeK^F\xe8\xbd\xd8\x88\xd8E\x13\xe7\xa9\xe5\x1c\
\x1d\xd2\x90\xa8\x0f\xb3~\xb4\xac%\x8eb*)\xa7\x84\
\x5c\xb2\xc8\x22\x83t\x12U\x17e0\x17\xbd\xf4\xd0E\
\x07\xcd\xd4SG-\x8d\x8c\xa9.JH\x00\xa8c#\
\x962*)\xa1\x98\x02\x0a) \xc7\xc4\xdf\xf6\xbe\xf2\
2L;\xad\xb4\xd0L#\x0d\xd4P\x8fK\xfa\x11T\
\xb1\xfa\xc7MOQdPB9\x95TRI\x099\
8U\x97\xa4\xc0\x04\x1d4PC-M\xd4\xd3@\xbb\
\x5c\x11\x84\x9f\x04@89H&\x8f\x22\x8a)e\x09\
+\xa8\x8c\xc8\x13\x7f6\x0fM\x9c\xe24\xe7h\xa4\x99\
\x16z\xa5\x8d |$\x00\xc2#\x91,r\xc8\xa5\x94\
\xe5\xaca\x09I\xaa\x0b\xd2\xd00\xf5\x1c\xe3\x08gi\
\xa5\x83.\xe9B\x0c\x07\x09\x80P\x8b#\x8b\x5c\xaaY\
\xc3ZV\x90\xa1}7\x9ej\x1e\xba9\xceA\x0eQ\
C\x17\x9d\x12\x03\xa1%\x01\x10*6bI&\x95j\
n\xe4V*\x89Q]\x90\xc9\xb8\xa8a\x07\xafr\x9a\
>z\x19\xc3\xa3\xba k\x92\x000\x9e\x9dh\xe2I\
\xa1\x9aw\xb2\x9du\xaa\xcb1\xb9\x1a^\xe2yN\xd1\
\xc70.\x89\x01\xa3I\x00\x18\xc9\x86\x93(RY\xc9\
\xedlg\x85\x1c]\xc34\xf0*\xbf\xe6\x00\x17\x98`\
R:\x0d\x8d#\x1fQ#%q\x1d\x7f\xc0-\x94\xaa\
.\xc4\x92\xbc\xd4\xf3\x12O\xb2[\xda\x05\x8c#\x01`\
\x0c;\xd7\xf2~\xde\xcf\x12\xe9\xd8\x0b17\xb5<\xcd\
\x13\x1c\x92\xeb\x00#H\x00\x04/\x9b\xbb\xb8\x87U$\
\x13uy\x89\x0d\x11:n&\x18\xe44\xcf\xf0?\xb4\
\xa9.\xc6\xec$\x00\x82\x11\xcd\x06\xee\xe1\x162I\x22\
Z\x8ee\x18y\x99`\x88\x1e\xde\xe6\x17\xbc*#\x08\
\x03'\x1f\xda\xc0DS\xce\x9d\xdcJ9\x99\xa4H\xdf\
\xbe\x22^\x06\xe9\xe6,\xbf\xe7y\xce3\xae\xba\x1c3\
\x92\x00\xf0_2k\xb9\x93\xad\x14\x90#\xbd\xfb\x1ap\
\xd1N\x1b\x07\xf8-{\xe8S]\x8c\xd9H\x00\xf8'\
\x97\xcd\xdc\xc4\x06\xca\xc8\x96c\xa7\x11/\x17\xa8\xe30\
\xaf\xf2\x16\xcd\xaa\x8b1\x13\xf9\x10\xfb\xcaA%[\xd9\
\xc25T\x92\xae\xba\x181\xa7\x01j9\xc2^vr\
R&\x14\xf9F\x02\xc0\x17\xf1\xac`3\x1bXG\x19\
q\xaa\x8b\x11\x0b\x1a\xa3\x89\x83\xbc\xcd\x1e\x0e\xcb\xf2\xa4\
\x8b\x93\x00XL*\xebX\xcfz6\x92G\x94\xeab\
\x84O&\xe9`\x1f\xbb\xd8\xcf\x01\x06T\x17\xa37\x09\
\x80\xf9\xd9Ib\x057p\x0b\x1bI\x94#e2^\
\x06y\x9bW\xd9\xc5\x11\x06e\xd0\xd0|\xe4c=7\
;IT\xb3\x91wq\x8b|\xef\x9b\x98\x9b\xd7x\x86\
C\x9c\xa2_&\x12\xcdE\x02\xe0jv\x92)e\x1d\
\xef\xe369\xf9-`\x927y\x9c\xfd\xd4I\x08\x5c\
M\x02`&;\x89\x14\xb0\x89\xff\xc5MD\xab.F\
\x18f\x9c7\xf9\x05\xbbifPB`:\x09\x80+\
l\xc4\x93\xcdV\xeee\x1b\xb1\xaa\x8b\x11\x86s\xb1\x93\
\x9f\xb2\x83NF\xa4M\xe0\x12\x09\x80K\xa2H\xe3v\
\xeeg\x93\x8c\xee\xb3\xb01v\xf3c^\xa4O\xf6)\
\x9a\x22\x010\xc5\xce\xcd|\x99\xeb\xa5\x97?\x02\x8c\xb1\
\x8fo\xf3\x8c\xdc\x0a\x80\x04\xc0\x94\xcd\xfc-\xdb,\xb7\
\x17\x8f\x98\xdf \xaf\xf1O\xecQ]\x86z\x12\x00\xe5\
|\x89\xf7\x93\x81S\x8eE\x04\xf12\xc9\x05\x9e\xe3\x1f\
9\xaf\xba\x14\xb5\x22\xf9Co#\x85\x8f\xf19rH\
\x90\x09\xbd\x11\xc8\xcb0\x1d<\xc6\xf7\xb8\x10\xb9\xb7\x03\
\x91\xbb\x82M*\x1f\xe0\x1b\xbc\x8f\x22b#:\x06#\
\x97\x8dh\xd2X\xc16l4F\xea\xbc\x81\xc8\xfc\xe8\
\xa7\xb0\x85{\xd9H\xa9\xf4\xf5\x0b\xc6id\x17?\xe3\
m\x06U\x97\x12~\x91w\x05\x10\xc5\x0a>\xc1g\xd8\
J~\x04\xbezq5\x07\xe9\x94\xb1\x8a\x5cz\xe8\x89\
\xb4\x9b\x81H;\x05ry7\x9f\xe6.\x96Io\xbf\
\x98&\x86\x02*('\x8a\xee\xc8\xba\x0e\x88\xa4\x00\x88\
e\x03\xf7\xf1\x11\xdeAF\x84\xde\xfa\x88\x85$SA\
%\x19\x8c\xd1\x159\xcb\x89DN\x00\x14q\x17\x1f\xe7\
}T\xc9\xca\xfdb\x1eN\xf2XB\x111\x0c\xd0\xab\
\xba\x98\xf0\x88\x8c\x00Hd\x0bw\xf3I\xae#Yu\
)Bs\x09T\xb2\x92d&\xe8\x89\x84u\x86\xad\x1f\
\x006*\xb8\x9d\x07\xf8 \x05\x11\xf0jE\xf0\xecd\
\xb0\x9aj&\x19\xb2\xfeu\x80\xb5O\x09\x1bq\xac\xe5\
\x8f\xf8\x0b\x96K\xa3\x9f\xf0C4%l%\x89\x1ez\
p\xab.&\x94\xac\x1c\x00v2\xb9\x8e\x87\xb9K\x16\
\xf4\x12~\xb3\x11\xcfZ\xb6P\xc7\x00\xa3\xd6\x9d>l\
\xd5\x00\xb0\x11M\x11\x1f\xe6\xdf(\x91a\xbe\x22@v\
\xb2y\x0fn\x1a\x19\xb2\xea\xf8\x00k\x06\xc0Tz\x7f\
\x83?\x91\x0b\x7f\x11\xa4h\xb6\xb1\x8c\x1az\xac\xd95\
h\xcd\x00\xc8\xe6>\xbe\xc7\xb5\xaa\xcb\x10\x16Q\xc1\x9d\
\xf4q\x9e\x11\xd5\x85\x18\xcfz\x01`g\x03_\xe1/\
dv\xbf0P\x22w\xb2\x92f\x9a\xad\xd6\x1a`\xb5\
\x00\xc8\xe0\x8f\xf8*\xd7\xc9`\x1fa0\x1b\xa5l\x06\
j\xad5o\xd0Z\x01\xb0\x81\xbf\xe6\x93\x14\xc9b\xde\
\x22\x04\x1c\xa4\xb3\x9e\x22ZhW]\x8a\x91/\xca*\
\xa2\xf8 \x7f\xc1\xad\xa4[\xe85\x09\xbd\xd8I\xa0\x92\
\xe5Lr\xc6*\xbd\x02V9Y\xd2\xf8c>\xcd:\
\x92\xa4\xc7_\x84\x90\x8dX\xf2\xa8\x22\x99\xd3\xd6\xb8\x15\
\xb0F\x00T\xf3E>\xcc\x12Y\xd3W\x84A\x14\x99\
T\x92K\x03\xdd\xaaK\x09\x9e\xf9\x03\xc0\xc6\xcd\xfc9\
\xef\xa3P\x1a\xfeD\x988H\xa5\x82B\xfa\xcd\xbf\xa4\
\xa8\xd9\x03 \x86{\xf8\x13n#M.\xfdE\x18\xd9\
H\xa0\x92\x22\xec\x9c1\xf7\x5c\x013\x07\x80\x9d\x1c\xee\
\xe5\xf3l\x94\xf1~B\x81(JY\x8a\x97&3o\
5f\xde\x00\x88a9\x1f\xe1\x0bT\xc8X\x7f\xa1\x88\
\x9d,\xd6b\xa3\x93>\xb3^\x07\x985\x00\xe2Y\xcb\
g\xf8SRU\x17\x22\x22\x5c\x22\x1b\x89\xa1\x97ns\
\xee6h\xce\x00Hf\x0b\x7f\xca}\xd2\xec'4\x10\
\xc5:\xb2\xe9\xa2\xd3\x8c+\x08\x99/\x00l\xa4\xb1\x9d\
/s\x874\xfb\x09M\xd8\xa8\xa6\x8cn\xda\x18S]\
\x8a\xbf\xcc\x16\x00v2\xf8\x00\x7f\xcdz\xd5\x85\x081\
C\x11\xd70@#c\xe6j\x104W\x00\xd8\xc9\xe2\
~\xbeL\x85\xeaB\x84\xb8J&\xebqs\xce\x5c}\
\x02\xe6\x0a\x80\x02\xbe\xcc\x9f\x91\xa5\xba\x0c!\xe6\x94\xc4\
\x06\x129A\xbf\xeaB|g\xa6\x00X\xcdC|\x98\
\x04\xd5e\x081\xaf\x18\xd6P\xc5Y\xdaT\x17\xe2+\
\xf3\x04\xc0v\xbe\xc6M2\xe4Gh\xceA9+\xe9\
\xa0Fu!\xbe\x96k\x066>\xc6\x83\xac\x93\xd3_\
\x98\x80\x83\x5cV0\xc21\xd5\x85\xf8V\xac\xfel|\
\x92\x07X!\xa7\xbf0\x09'\x19,\x01\x0e\xa8.d\
q\xfa\x07\x80\x9d\xcf\xf1',%Zu!B\xf8\xcc\
I:UD\xb1O\xf7\x1e\x01\xdd\x03\xc0\xc1\xe7\xf9c\
\xaae\x91/a2\x0e\xd2\xa8\xc4\xa1{\x04\xe8\x1c\x00\
6\x12\xf8$\x7fN\x85\xd6U\x0a17;iT\xe1\
\xe1\xa4\xce\xb3\x04\xf4=\xb5l\xa4\xf1q\x1e\xa0R\x86\
\xfc\x0a\x93\xb2\x91N5n\xce\xe9\xbb|\x98\xae\x01`\
'\x97\xfbx\x80J\xd5\x85\x08\x11\x94t\x960\xc6y\
]\xc7\x07\xea\x19\x00v\x0a\xb8\x87\x07(S]\x88\x10\
AKe\x09c41\xa4c\x04\xe8\x18\x00\x0e\x8a\xb9\
\x87\x07(V]\x88\x10\x86He\x05\xa341\xa0_\
\x04\xe8\x17\x00v\x0a\xf9C>O\x81\xeaB\x840L\
2+\x18\xa2\x91A\xdd\x22@\xb7\x00\xb0\x91\xc3=<\
@\xbe\xeaB\x840T\x12\xcb\x19\xa6\x8e!\xd5\x85\xcc\
\xa4[\x00\xa4s\xaf\x5c\xfc\x0bKJb\x09\xc3\x9c\xd5\
k\xd1\x10\xbd\x02 \x81\x8f\xf2g\x94\xab.C\x88\x90\
H\xa1\x8aQ\x8e\xeb\xb4t\x98N\x01\xe0\xe0\xd3|^\
:\xfe\x84\x85\xa5Q\x81\x8b\x03\xfa\xb4\x04\xe8\x13\x00v\
\x1e\xe0\x01Y\xebGX\x5c\x06Kq\xb0G\x97\x08\xd0\
%\x00l|\x96\xcf\xca\xa8?\x11\x01R(\x05\xf6\xa9\
.c\x8a\x1e\x01`\xe33\xfc)\xd5\x9aT#D(\
\xd9H\xa5\x94I=&\x0b\xebq\xca}\x8c\x07X\x22\
3\xfeD\x84\xb0\x93J\x19\x83:,\x19\xa2C\x00\xdc\
\xca\x83\xac\x90\xf9\xfe\x22\x828H\xa3\x9cf\xf5\x0b\x87\
\xa9\x0f\x805|U\x16\xfb\x12\x11\xc7I\x06e\x1cS\
\xbd|\xa8\xda\x00\xb0S\xc4C\xdc(\xa7\xbf\x88@N\
\xf2\xc8g\xa7\xdaIB*\x03\xc0N\x16_\xe6\xc3r\
\xfa\x8b\x08\xe5\xa0\x9ch\x0e\xa9\x9c*\xac.\x00ld\
\xf2G|N\xd6\xf9\x17\x11\xcc\xc12F8\xa5n\xc1\
\x10U\x01`#\x8d\x0f\xf2e\xd9\xe5GD\xb8\x18\x96\
\xd3A\xbd\xaa\x08P\x15\x00\xc9l\xe7AY\xf0C\x08\
\x92\xa8\xa0\x91f\x5c*\x9e\x5cM\x00$\xb0\x95/\xb1\
N\xc9s\x0b\xa1\x9b,\xf2\xa9\xa3M\xc5\xe2\xa1*\x02\
 \x86\xf5|\x9e\xed\x0a\x9eY\x08=\x15\x93@=\x1d\
\xb8\xc3\xfd\xc4\xe1\x0f\x00;\xcb\xf94\xf7\xc8\xa8\x7f!\
\xa6Y\xca$\xb5\xf4\x84\xbb? \xfc\x01\x90\xcbG\xf8\
\xac\x0c\xfb\x15b\x06\x1b+\xe9\xe34\x83\xe1}\xdap\
\x07@\x0c\xf7\xf2\x05\xd2\xc2\xfc\xacB\xe8\xcf\xc9R\xba\
8\x12\xde\xdb\x80\xf0\x06\x80\x8d{\xf8\xbc\xcc\xf9\x17b\
N\x89\x94\xd0\xcf\xd1p>ex\x03`;\x7f\xca\x06\
\xeca}N!\xcc#\x83\x04Z8\x1f\xbe't\x86\
\xf1\xc5-\xe5\xe3\x5c\xaf\xc1\xf4#\xe1\xabIZi\xa4\
\x956zq1\x8a\x1b\x88!\x9ex2)\xa4\x80B\
\xb9\x993\x98\x83w\xd0I\x0bg\xc3\xf5\x84\xe1\x0b\x80\
\x0c\xfe\x98\xed\xc4\x85\xed\xf9D\xa0\xbc\x5c\xe0\x08G9\
\xc1i\xfap1\xce8n<x\xf0\x02v\xec\xd8\x89\
\x22\x9a\x18b)d5\xcbYO\x89L\xe76H<\
\xb7\xd2\xc5W\xe9\x0d\xcf\xd3\x85+\x00\xa2\xb8\x9fw\x93\
\x11\xa6g\x13\x81\xf1\xd2\xca~vq\x846\xfa\xe9g\
p\x91\x06)\x1b\xa7\xd9G2\xe9T\xb3\x89\xadT\x12\
\xaf\xfa%X@\x16w\xd1\xca#L\x86\xe3\xc9\xc2\xd5\
\x1b\x7f7\x7f\xc9*\xf9\x96\xd0\x98\x9b\xd3\xbc\xc2N\xce\
\xd1J\x8f\xdf\x1f\xbe$r)d5\xdb\xd8L\xae\xea\
\x97bz\xe3\x1c\xe6\x9fy*\x1cO\x15\x9e;\xf2\x0d\
|\x89u\xc4\x86\xe5\xb9\x84\xff\xdc\xec\xe51~\xce\xef\
\xd8G3\xc3x\xfc~\x84q.\xd0\xc09Np\x86\
Q2IT\xfd\x92L\xcdA*\x19\x9c\xa4=\x1cO\
\x15z\xe9\xfc5\xdbI\x0a\xc33\x89@\xd4\xf18\x8f\
\xf14\x87\x02\xf8\xe6\x9fi\x94\x16\xcep\x96\x16&\xc9\
\x91u\x1e\x82\x10M\x16\xf1\xec\x0a\xfd\x1c\xc1\xd0\x07\x80\
\x9d\x8f\xf3I2d\xe8\xaf\x96\x5c<\xcfc<\xc6~\
\xc3v\xae\x1d\xa7\x95\x13\xd41L\xaaL\xf6\x0eB\x0c\
\x05\x5c\x08\xfd\x16\x22\xa1\x0f\x80-\xfc#\xc5\xd2\xf9\xa7\
\xa1I\x1ay\x86o\xf3,\x17\x02\xb8\xe8_\x88\x8b&\
\x8e\xd2O\x02ya\xedh\xb6\x12\x1b\xb1\x94\xb3\x9f\x96\
\xd0>MhOL\x1b\x99<\xc4\x16\x19\xf9\xaf!\x17\
'\xf8/\xfe\x99\x1a\x83O\xfe)^\x868F-I\
\x14\x13-W\x7f\x01\xb1\x93B:\xaf\x87\xf66 \x94\
\x01`#\x9e\x0f\xf3\x05\xf9\x0e\xd0\xd00\xfbx\x94\xef\
3\x12\xc2\xe7p\xd3\xc4\x9b\x14\x91O\x9cD@@\x1c\
,\xa7\x81\x93\xa1\xec\x10\x0ce\x00D\xb3\x8eG\xa5\xf1\
O;^\x06x\x83o\xf0\xeb0<\xd3\x10\xaf\x92E\
\x11\x092\x00< 6\xd6\xf3\x06\xed\xa1\x9b \x14\xba\
\x00pP\xc2\xbf\xb0:d\x8f/\x025\xc8\xef\xf9{\
\xf6\x84\xe9\xd9\x5c\xbcB\x12\xe5$I\x04\x04$\x91\x5c\
v\xd2\x1f\xaa\xc6\xc0P\x05\x80\x8d,>\xc1\xfd!;\
,\x22Pc<\xc7\xd7\xc2\xba)\x95\x877H\xa2\x92\
$\xb9\x11\x08H\x15\x1d\x9c\x09\xd5\xcdZ\xa8\x02 \x8e\
\xebyXF\xfei\xc7\xcd\xd3|-\xbc\x13N\x01/\
;I\xa7Jn\x07\x03\xb4\x91]4\x87\xa6% 4\
\x01`c\x1d\xffFaH\x0f\x8a\x08\xc4S\xfc3\x87\
\x15<\xaf\x87\x9ddS-s\x05\x02\x12\xc3J\xf6\xd2\
\x1a\x8a\x87\x0eM\x00T\xf1\x19n\x97{>\xed\xec\xe0\
Qv*\xda\x85\xc6\xcdI\xf2e\x0f\xe8\x00e1\xca\
\xb9P\xcc\x10\x0cE\x00$r\x07_\x90\x1d\x7f\xb4S\
\xc3#<\xaff\xf5y\x00\x86i%\x9f%\xd2\x12\x10\
\x00;\x15\x9c\xa6\xc6\xf8\x85\xc3C\x11\x00[\xf83\x96\
\xcb\xdb\xac\x99q\xbe\xcbS\xf4(\xac\xc0K\x0fv\xca\
\xc8S}(L)\x8eTj\x8c_+\xc8\xf8\x00(\
\xe7\xc3\xbcO&\x82h\xe7\xd7\xfcW\x88F\xfd\xf9n\
\x92NRY%\xf3B\x03`#\x8b^j\xe83\xf6\
a\x8d\x0e\x808\xee\xe2~\xc9x\xed4\xf00\xbb\x19\
S]\x06#\x8c\x92\xc72\xd5e\x98R4\x994s\
\xda\xd8AAF\x07\xc0f>\xc1&i\xfe\xd3\xcec\
<E\xa7\xea\x22\x00/\xfd\xc4\xb1\x96d\xd5\x85\x98R\
\x0a6\xeai6\xf2!\x8d\x0d\x80\x5c\xee\xe3\xbd\xd2\xdb\
\xab\x9d\x06\xfe5\xb4#\xca\xfd0\xce$\x05\xacR]\
\x86)9\xc8`\x88S\x0c\x19\xf9\x90\xc6\x89\xe2.\xee\
\xa32\xec\x87E,\xe61\x9e\x09\xd7\x22\x93>\x18&\
\x86-\xb2fP@\x12\x88\xa7\x9dS\xc6\xb5\xe5\x18y\
\xb1\xbe\x9c\xf7\xb1B\xc1A\x11\x0b\xeb\xe7i\xa5\xad\xff\
\xb3\x0dq\x94\xb7U\x17aZ+x/K\x8d{8\
\xe3\x02 \x85?`\xb3\xb4\xefjh\x1f\xa7\x15\xf6\xfe\
\xcf\xa5\x89WUl\x85m\x09\xb1l\xe6\x83\xc6\xddf\
\x1b\x17\x00[\xb8M\x06\xffj\xc8\xcb/\x8d\xbcg4\
\xc4\x05\x0e\x19\xdb\x94\x15Q\x8a\xb8\x83\xcdF=\x98Q\
\x01\x90\xc6\xbdF^\x98\x08\xc3\x0c\xf1RH\x97\xfd\x08\
\x84\x876v\xa8.\xc2\xb4l,\xe5^R\x8dy0\
c\x02\xc0\xce]l\x92\xd6\x7f-\x1d\xa4[\xf1\xf0\x9f\
\xb9\x5c`\x9f\xa29\x09V\x90\xc2\x16\xee0\xe6\xdc5\
&\x00R\xf98%J\x0f\x89\x98\xcf\x0eM\xba\xfff\
\xea\xe7\x08\xe3\xaa\x8b0\xb1R>e\xcc\xbe\x8c\xc6\x04\
\xc0\xa7X&s\xff5\xf5\x86\x96\xcdmnz8\xa9\
\xba\x08\x13\x8bf)\x1f3\xe2\x81\x8c\x08\x802>E\
\x8e\xe2\x03\x22\xe6s(t\xeb\xc9\x05eD\x02 (\
9\xfc1\xc5\xc1?\x8c\x11\x01\xf07\xe4\xc8\xdc?-\
y\xe9\xa6W\xd3{m\x17\x0d\xaaK05;\xb9\xfc\
\x95\x11\x0f\x13\xac-\xbc[\xe6\xfek\xcaM\xad\xa6\xa7\
\xbf\x04@\xf0\x12x?\x9b\x82}\x90`\x03\xc0\xce\xdf\
\x92.\xdf\xff\x9a\xf2\xd0\xa8\xba\x84y\x8d\x87f\x89\xab\
\x08b'\x83\x07\x83=\x83\x83\xfb\xebQ\xdc\xc5\x0d\xb2\
\xf1\x87\xb6\xbcF\xcf\x1e7\xd0$\x03\xaaK0='\
7r{p\x8b\xac\x05\x13\x006\xd2\xf8\x02\x89\xf2\xfd\
\xaf\xb1a\xd5\x05\xcc\xcb\xa3\xdd\xf0$\xf3\xb1\x91\xc4\x17\
I\x0d\xe6\x0c\x0c&\x00\xe2\xb9=\xf8{\x10\x11B^\
\x09\x00\xcb\xbb\x8e[\x83Yk9\xf0\x00\xb0\x93\xc3\xfd\
2\xf9Gs\xba6\x01\xea^\x9by\xc4q?\xd9\x81\
\x9f\xc7\x81\x07@\x12\xdb\xe4\xfb_{q\xaa\x0b\x98\x97\
M\xbe<\x0c\xb2\x85\xad\x81\xaf\xae\x10h\x00\xd8)\xe0\
>Y\xfaSs6\x8d;h\x1d\xb2I\x88Ab\xf9\
\x08\x85\x81\x9e\xc9\x81\x06@2\x9b\xb9N\xf5+\x17\x8b\
\xb0i\xbc\xf6\x9eC&\x8f\x19\xe6\x066\x05\xfaN\x07\
\x16\x00v\xca\xb9G.\xe1\xb4g\xd7x}f'\x99\
\xaaK\xb0\x8c\x18\xee\xa64\xb0s9\xb0\x00Ha=\
\xdbT\xbfj\xb1(;\x15\xdav\xd2\xc6R\xaa\xba\x04\
\x0b\xb9\x91\xf5\x81]\x03\x04\x12\x00v\x96\xf0\x072\xfb\
\xcf\x04\xec\x14\x10\xafi\x04\xc4\xc8\x04r\x03\xc5\xf0\x01\
\xaa\x03y\xa7\x03\x09\x80$\xd6\xf3N\xd5\xafX\xf8\xc4\
A\xa5\xa6\xbb4\xc4R\xae\xba\x04K\xb9\x85\xf5\x81\xb4\
\xaa\x04\xf2\xe1X\xcd\xfbd\x8fW\xd3\xb8^\xcb\xa1\xda\
6\x92X\xa3\xba\x08K\x89\xe2=\x5c\xe3\xff_\xf3?\
\x00R\xb9N\xbe\xffM\xe4f-\xc3:\x91e\xc6\xac\
h#.\xbb\x99\xeb\xfdo\x07\xf0?\x00\xd6qKH\
\xf6\x14\x16\xa1\xf1\x0e-[k\xd2X\xa7\xba\x04\xcbq\
r\xb3\xffG\xd5\xdf\x00\x88g=\x1bU\xbfR\xe1\x87\
\x0c\xb6j8\x1e0\x9b\x1bU\x97`A\x9bY\xef\xef\
{\xedo\x00\xacf\xb3l\xead*v\xde\xaf\xddx\
\xc0D\x96\xc8\x0e\xc1!\x90\xc4f\x7fw]\xf4/\x00\
\x9clb\x83\xa6\xddJb>\xb7\x91\xab\xd9M[\x01\
\xdbd\x18Y\x08\xd8\xd8\xc8&\xff\xdek\xff\x02`\x09\
\x1be\xf9O\xd3\xc9\xe1N\xa3\xb6\x910D\x14K\xb8\
Yu\x11\x16\x95\xcb\x06\xaa\xfd\xf9\x0b\xfe\x05\xc0\xf5\xac\
\xd1\xb2SI,\xc4\xce\x1fR\xaa\xd1\xfbV\xc2\x8dF\
\xacg+\xe6\xe0d\x1d[\xfd\xb9F\xf7'\x00\x0a\xd9\
,\xa3\xb7Li%\xb7\x90\xa1\xba\x88\x8b\xa2Y\xc3m\
\x1a\xc5\x91\xd5\x94\xb2\x85|\xdf\x7f\xdc\x9f\x00\xb8\x9e\xd5\
\x1a\xb6'\x8b\xc59\xb9\x9bU\x9a\xdcuW\xb1\x9d*\
\xd5EXX\x1c\xab\xfc\x99\xa7\xeb{\x00\xa4p#\x15\
\xaa_\x9d\x08\xd0\xb5\xbc\x9f\x12\x0d\x9aoS\xb9\x85[\
\xe5\xfb?\xa4*\xb8\xc9\xf76\x1f\xdf\x03`\x1d\xd7\x92\
\xa2\xfa\xb5\x89\x00\xd9\xf9\x007*\x1f{\xe7d\x13\xef\
\x96\xdb\xc8\x10Ke\x8d\xef\x03\x82|\xed2\x88\xe6\xb3\
l\xd3\xae?Y\xf8.\x91\x04\x9ahV\xb8U\xa8\x8d\
J>\xc5\x9dZ\x0eM\xb6\x96hFx\xdd\xb7-\xe1\
|\x0d\x80*>\xc7\x12\x0d.!E\xe0J\x80z:\
\x95m\x16\x9e\xc5g\xb8\x9bt\xd5\x87!\x02\xc4\x03;\
\xe8\xf1\xe5G}\x0d\x80\x8f\xb2]\xab\xbed\xe1?\x1b\
ULp\x9a~%\xeb\xf1\xc6\xf3Q>N\x99\xea\x83\
\x10\x11lx\xe8f\x8f/?\xea[\x00\xc4\xf0w\xac\
\x90\xa6\x1b\xd3\x8b\xa2\x127\xc7\x18U\xf0\xccw\xf1\xe7\
\xacT}\x00\x22F\x1cN\x9e\xf4\xe5&\xc0\xb7\x00\xd8\
\xc6G\xc9V\xfd\x9a\x84\x01\xe2YF4{\x19\x0f\xf3\
\xf3\xde\xc9W\xb8Fn!\xc3\xc6\x89\x97\x83\xbel\xbf\
\xea[\x00\xfc\x15\x1b4\xe9E\x16\xc1J`9\x99\xec\
\xc2\x15\xc6\xe7|/\x0fK\x0bR\x989\x80g\x17\xff\
1_\xba\x01\xb3\xb8A\xe3\xe5\xa5\x85\xbf\xd2\xb9\x8f\xef\
P\x14\xb6\xe7\xfb\x04\xdf\xa6TN\xff0K\xe6&_\
\xae\xda}\xb9\x02\xb8\x8f\xbb\xa4\x03\xd0Bl\xc4R\xc6\
*N\xd1\x1e\xf2\xe7r\xf0\x0f\xfc%\xf9\x9a\xcdF\x8c\
\x046\xa0\x89C\x8b\xfd\xd8\xe2o\x8c\x9doP)\x0d\
\x80\x96b#\x86\x02\xd62\xc0\xe9\x10\xf6\x088(\xe1\
\x1b|\x84\x1cM\x97%\xb5:\x07I\xfcl\xf1\x1fZ\
\xcc:\xbe@\xb2\x5c\xc0Y\x8c\x8dhrYE)\x87\
C\xd4'\x90\xc8m\xfc#\xdb\xc9\x90\xcf\x8e\x22\x0e\x12\
yy\xb1\xab\xbc\xc5\x03\xe0\xcf\xb9A\xc6nY\x92\x83\
,\xaaX\x8e\x8b\x16&\x0c}\xe4\x18\x96\xf3i>\xc5\
FY=J!\x1bN\xfayu\xb1\x1fZ\xf8\xbf&\
p\x80\x0a\xb9\x83\xb3\xb0q\x0e\xb2\x93\xe7\xd9\xc7\x80!\
\x8f\xe7\xa0\x94[\xb9\x8d\xf5\x14\xa8~i\x11\xcf\xcd9\
60\xbc\xd0m\xde\xc2\x01\x10\xc5M<+\xa7\xbf\xe5\
\xf5\xb3\x9f\x1d\xec\xe2\x08=A\xb5\x09\xc4R\xc9&\xae\
c\x0b\xd5\xf2\xa9\xd1\x82\x9b\xdb\xd9\xb1\xd0\xf5\xdd\xc2o\
S,_\x92\xe5\x9b#@,\xe5\xac\xa4\x92BR\x80\
\xd1\x00n\x08\xec\xe4\xb2\x96;\xb8\x9b\xbb\xd9F\xae4\
\xfbi\xc2\xce\x08//\xf4~\xda\x16\xfc\xcb\xf9\xbc%\
\x937#\xc8\x08\xa7\xd9\xcf\x09jh\xa6\x83\x0b>\x05\
A\x22\xd9\xe4S\xc2r\xaee-\xd9r\xeak\xa6\x96\
\x1bh\x9f\x7f\x02\xd8B\x01\x10\xcb\xcd\xfcNu\xfd\x22\
\xec\x86\xa9\xe1\x08g\xa9\xa7\x93\x01\x86\x19f\x84I&\
p\xe3\xc6\x86\x13\x07NbI \x9eDR)\xa6\x92\
\x15\x5cK\x86\x5c\xf4k\xc9\xcb\x1d\xec`l\xbe\xff\xbc\
P\xff~\x02\xefV]\xbdP \x81\xd5\xac\x06\x5c4\
\xd2@\x1b\x1dt0\xca0.\xc6q\x10K\x0c\xf1\xa4\
\x91C\x0eyTi\xb3\xd6\xa0\x98\x9b\x8dw\xb1o\xfe\
\x00\x98\xff\x0a\xc0N\x19\xbf\xa7Ru\xfdB\x88\xa0\x9c\
\xe6]\xd4\xcf\xd7\xb8;\xff\x1d[,\xcb\xe5\xf4\x17\xc2\
\xf4\x96\xb2t\xfe\xa9|\xf3\x07@*\xb7\xaa\xae\x5c\x08\
a\x80[\xe6_\xccG\x02@\x08\xab\xbb\xd5\xff\x00H\
`\x99\x7f[\x0c\x09!4\xb5\x82\xa5\xc4\xcf\xfd\x9f\xe6\
\x0b\x80lnR]\xb5\x10\xc2 \xef$k\xee\xff0\
_\x00d\xf1N\xd55\x0b!\x0c\xf2\xce\xf9\x16\x07\x99\
;\x00\x12\xa9\x96]\x80\x84\xb0\x8c%T\xcc}\x130\
w\x00d\xb1\x86\x18\xd55\x0b!\x0c\x12\xc3\x9a\xb9o\
\x02\xe6\x0e\x80\x1c\xd6\xaa\xaeX\x08a\xa0\xb5\xe4\xcc\xf5\
\xc7s\x05\x80\x83<V\xa8\xaeW\x08a\xa0k\xc8\x9b\
k\xb6\xc6\x5c\x01\x90&#\xbc\x85\xb0\x98,*\xe7\xda\
\xdcw\xae\x00\xc8g\xa5L\xea\x14\xc2R\xec\xac \x7f\
\xae?\xbeZ\x01\xd7\xa8\xaeV\x08a\xb0Us-\xd2\
vu\x00\xc4P,]\x80BXN%\xc5D\xcf\xfe\
\xc3\xab\x03 \x87*\x92T\xd7*\x840X\x0a\x15W\
w\x05^\x1d\x00%,S]\xa9\x10\x22\x04\x96Q:\
\xfb\x8ff\x07\x80\x8dR\x96\xa8\xaeS\x08\x11\x02K)\
\x99\xbd\x04\xd0\xec\x00\x88\xa1D\x96\x01\x15\xc2\x92\xca)\
\x9b=\xc2\xd7~\xd5\x8fT\xc9>\x80BX\x92\x93\x8a\
\xd9_\xef\xb3\x03\xa0R\x96\x01\x13\xc2\xb2\xae:\xbfg\
\x07\x80\xdc\x00\x08a]%\x0b_\x01\xc4Q<\xf7\x94\
\x01!\x84\x05\xe4Q2s\x81\xd0\x99\x01PL\x81\xb4\
\x00\x08aYQ\x14P8\xfd\x0ff\x06@\xc5\xcc\xff\
(\x84\xb0\x98\x02\xca\xa7\xffvv\x00\xc8\x96\xceBX\
Y\xc1\xccf\xc0\xe9\x01\xe0\xa4TZ\x00\x84\xb0\xb4\x5c\
J\xa7\xaf\x0b0=\x002\xc9\x9bo\xf1`!\x84%\
$\x90?}\xb5\x8f\xe9\x01PN\xf6\x82\xbb\x05\x0b!\
\xcc\xceN6e\xd3\x7f{E9\x99\xaa\xab\x13B\x84\
X\xd6\xf4f\xc0\x99\x01\x90\xe5\xf7\x83\x09!\xcc%s\
\xfaz\x1fW\x02 \x8a2\xd2U\xd7&\x84\x08\xb1\x0c\
J\x89\xba\xf4\x9b+\xc3~\xb2\xc8\x99\x7f\x13aa\x02\
\x1e&\x18\xbf\xfc\xcb\x8d\xe7\xe2/7\x00\x0e\xc0\x8e\x1d\
\x07N\xa2.\xfe\x8a%FV\x7f\x8c8q\xe4\x91I\
\xdb\xd4o\xae\x04@\xc5\xfc;\x88\x0a\x8dM2\x8e\x8b\
q\x5c\x0c\xd1I\x0b\xad\xb4\xd2B;\x03\xb8\x18f\x94\
q\x06\xf1b#\x1e'\xb1\xc4\x92@\x06Yd\x92M\
\x0ee\x94\x93H4\xd1\x12\x05\x11%\x95\xf2\xab\x03\xa0\
l\xaeE\x83\x85\xa6\xbc\xb8\x99d\x127-\x1c\xe5\x08\
G9F\x07\xe3\x0b\xfc\xfc0\xd0\x7f\xd5\x9f;(g\
)\xcb\xd9\xc4\x1a\xd2\x89\x22\x0a\x87\xf4\x04Y^\x0ae\
\xec\x9c\xfa\xbfW\x02\xa0\x5c\x02\xc0D\x869\xc2\xab\xec\
\xe1\x10\xadA=\x8e\x9bs\x9c\xe3\xb7@\x22\xab\xb9\x81\
[YK\xb2\xea\x17'B,\xe5JG\xe0\x95\x00\xa8\
$Mu]bQ\xe3\x9c\xe7-\x9e\xe7\x0d:\x0d~\
\xe4!v\xb2\x93\x87(\xe4\x16\xeef\x1bq\xaa_\xaa\
\x08\x99\xd4+\xc3\x81/\x05@\x12y\xf2\x96k\xad\x8b\
\x9d\xbc\xc4N\x1aq1\xc9D\x88\x9e\xc5K\x0b?\xe7\
i*\xf9C\xee\x95\x81\xe1\x16\x95@\x01\xf1\x8c\xc0\x95\
\x00('Y\xee\xfd4\xd5\xcck\xbc\xc2\x01\xba\x18a\
\x94\xc9\x10?\x9b\x87q&8B=\x8f\xf1~\xfe\x88\
\x22\xd5/_\x18\xceF\x12\xe5\x1c\x87+\x01PF\x82\
\xea\xaa\xc4,\x934\xf1\x1a\xafp\x82^\xfa\x18\xbe\xd8\
\x9d\x17\x0e^&\xe8\xa1\x9f6\x9e\xe6\x13|\x8c\x14\xf9\
r\xb0\x98\x04Jg\x06@\xa9L\x03\xd2\xc8\x04m\xec\
\xe2\x0d\x8e\xd0A'Cx\x95T1I']<\xcc\
\x0e\xeeg\x1b\x89\xaa\x0f\x8a0P\xc2\xa5\x1d\x02.\x05\
@\x89\x5c\x01ha\x82F\xf6\xb3\x8f\x934\xd3L\xaf\
\xear\xf0\xd2@\x07\x8d\xbc\x87\xfb(\x95\x91\x02\x96\x11\
\x7fim\xc0+\x01 W\x00jyi\xe20\x078\
I\x1d\x0d\x5cP\xf4\xad?\x971\x0e\xd0E\x0b\x1fg\
\x8d\x8c\x15\xb5\x88YW\x00\xf1\xe4\xc9[\xabP\x0f'\
8\xcc1Nr\x8e\x1e<\xaa\xcb\x99C#O\xd0\xcd\
G\xb9A:\x8b-!\x96|b\x19\xbb\x14\x00\xf9$\
\xc9\xe5\x9d\x12.Nr\x8ac\x1c\xe5\x08\x9d!\xeb\xdc\
3B\x1f\xbf\xa3\x97An\x97I\xe3\x16\xe0 \x99\x5c\
\xce_\x0a\x80\x12\xf9\xfe\x0f\xbbI:9\xcbq\xdef\
/\xf5!\xef\xdc3\xc28;\x18\xc7\xc3\x9d\x12\x01\x16\
\x10K\xe9\x95\x00\x98c\xdfp\x112n\x06h\xa4\x8e\
#\xec`7.\xd5\xe5\xf8\xc1\xc3n\xdc\xd8x\x97L\
\x1c7\xbd\xe8\xa9\x11\x1eS\x01P8{\xcb@\x11\x22\
.zh\xe4\x08/\xf3\x16\xed\xaa\x8b\x09\x80\x87\xbdx\
\x89\xe6.i46\xb9\x98\xe9\x01P$\x01\x10\x16.\
\x0e\xf3,\xcfsD\xeb\xbb\xfd\x85y\xd8\xcf\xa3\xe4\xb0\
U\xb6\x901\xb5\x98\xa9=@.\x05\x80\xdc\x02\x84C\
\x1d\x0f\xf3\xb8\xea\x22\x82\xe6f?\xdf\xa4P\xb6\x915\
\xb5\x8b\xb7\x00v\xc0&\xb7\x00aRK\x8b\xea\x12\x0c\
1\xca[|\x9d1\xd5e\x88 \xc4P\x88m*\x00\
2\xa5\x130L\xea,\x12\x00\xd0\xc7K<\xa1\xba\x08\
\x11\x04\x07\xa9\xa4N\x05@\xa1\xdc\xcd\x85\x85\x9bs\x96\
\x09\x00h\xe1\x9f8\xaf\xba\x08\x11\x04'\x85S\x01\x90\
'\x01\x10\x16\x8d\xb4-\xb0h\x97\xd9xh\xe1\xefU\
\x17!\x82\xe0$o*\x00\xf2\xa7\xef\x15&B\xe6\x8c\
);\xfe\xe67\xcc\x0b\xecV]\x84\x08\x98\x93|\xb9\
\x02\x08\xa7\xb3t\xa8.\xc1P^\xfaxXu\x11\x22\
`\x8eK\x01\x90/\x01\x10\x06^\xce\x19\xbe\x8e\x9fj\
\x13\xbc\xc4\xe10.T\x22\x8ct\xf9\x16 Wn\x01\
\xc2\xa0\x93&\x86U\x17a0/}<f\xa1v\x8d\
\xc8r9\x00\xb2%\x00\xc2\xe0,\x9d\x96\xfc\xae|Z\
\xd3\x09\xccb1\x0e\xb2/\x8d\x03\x90\x00\x08\xbd\x93\xf4\
\xa8.!$\x1a\xd9c\xaa\x09M\xe2\x12\x07\x99\xe0$\
\x8a\x14\x19\x06\x14\x06'\x16\x09\x80\x18\x92I\x22\x91x\
\xa2q\xe0\xc0\xcd$\xe3L0\xc9\x18C\x0c0\xa2\xe9\
\xf7\xac\x87_s\x83,)oBv\xd2p8I&\
F\xd6|\x0d\xb9!\xea\x18\x98\xe3\xcf\x9d\xe4\x90K&\
\xe9d\x92I\x1a\xa9$\x12C\x14N&\x99`\x0c\x17\
\x13\x8c\xd0O\x0f\xdd\xf4\xd0I+\x9d\xda\x0d\xc1}\x8d\
^2\xe4K\xc4tl\xc4\x92\xe4$[\xde\xba0\xa8\
\xa5c\xc6\x0c@\x07\x89\xe4\x91K.\xcbYJ\x19\xc5\
\xa4/\xd2\x173H\x0b\xe78\xc1q\xceq\x9e.\x8d\
\xd6\x0cl\xa1\x9e\x22\xb9\x060!\x1bYN\xb2\xe4\xfb\
?\x0c\x8e^\xde\x983\x8a\x142\xc9\xa1\x9aMl`\
\xa9\xcf\xf30\x93X\xcaR\xee\xa2\x97\xfd<\xc7k\xd4\
2\xa4\xfaE]\xe4\xe5\x00\xeb$\x00L\xc8N\x96\x93\
\x0c\x09\x8008B\x1fQ$\x91F!\xd7\xb2\x95\x0d\
\x14\x07x\xdc\xd3\xd8\xce\x16v\xf3]v\xcc\xb1\xdb\xaf\
\x1a\x07\x18\x92e\xc2L\xc8F\x86Sv}\x09\x03\x0f\
\x0d\xc4S\xc2\xf5\xdc\xc1\x06\x03\x96\xd3J\xe4f*\xf8\
\x0a\xbf\xd0\xa4=\xe0\xa8\xe5F8D\x06\x1b\xa9\x12\x00\
\xe10\xc8\xf5|\x82-\x06.\xa9m\xa7\x8c\xaf\xd0\xce\
\x0bZ\xb4\x0541\x8aW>G\xa6c#E\x02 \
\x1cR\xf8\xbc\xe1\x8fi#\x97\x7fe\xd7\x9c}\x0b\xe1\
\xe6\xa2\x13\x97\xac,m:6R\xec\xa4I/\x80I\
9\xa9\xe0\x8b\xaa\x8b\xb8\xa8\x89Q\xd5%\x08\xbf\xd9H\
\xb5\x93\xac\xba\x0a\x11\xb0h>C\x9c\x16Wpm\x12\
\x00&d#\xd5.\xb7\x00&f'\x9b[\xb4\x98\xcb\
9d\x8a\xadM\xc4L6R\xec$H\x00\x98\x98\x9d\
w\x11\xa5\xba\x08`\xd4\x92\x13\x9d\xac\xceF\x82]\x93\
KH\x11\xa8\x1b\xb4\xb8\x02\x18\xd3t\xa6\x82X\x88\x8d\
8\xbb\x8c\xe02\xb92\xb24\x98\xcd)W\x00\xe6\x14\
'W\x00f\x17K\xa9\x06\xd7\x00^-\xc6#\x08\xff\
\xd8\x88\x95\x000\xbfR\x0dZ\x01b4\xb8\x0a\x11\xfe\
\x8b\x97[\x00\xf3\xd3aE\xa7X\x19MbB6\xe2\
\xec\xb2\x1a\x80\xe9%jp\xf2\xc5i\x10B\xc2_6\
b\xec\x1a\x5c>\x8a\xe0$i\x10\xe1\xb1\x12\x00\xa6\xe4\
\xb4k\xf0\xed!\x82\xa3\xc3\xce\x8e\x09\x1a4D\x0a\xff\
9\xed\x92\xdc\xa6\x17\xafA\x00$K\x00\x98\x92\xc3\x8e\
C\x83\x0bH\x11\x0c\x1d\x22<En%M\xc9!W\
\x00\xe6\xe7\xd2\xa0\x0f>\xd5\xe7\xa5\xcd\x84>l\x12\x00\
V\xa0G\x00\xc8\x15\x80\x199\xec\x1a|xDp\x86\
\x94\x8f\xc3w\x92(m\x00\xe6dW\xfe\xe1\x11\xc1\xba\
\xa0\xfc=L\x93\xef\x7f\x93r\xdbe\x12\x87\xe9\xf5(\
\x7f\x0f\xd3\xe4\xfb\xdf\x94\xbcS\x01 7\x01\xe6\xd6\xad\
<\x00\x16\xdb\xd4D\xe8\xca-\xb7\x00\xe6\xd7\xa2|5\
\x9e\x1c\xb9\x050\xa9I\xb9\x050;/M\xca\x03 \
W:\x01M\xcam\x9f\xb1c\x9d0\x9f^\xfa\x95_\
\xc5e\xcb\x15\x80IM\xda\xb5\xe8E\x16\x81\xabS\xfe\
\xfd\x0f\xb9\x12\x00\xa6\xe4\xc5e\x97\xe5\x9cM\xee\xa4\x06\
7q\x85\xc4\xa8.A\x04\xc0\xcb\x88\x9dQ\xb9\x020\
\xb5\x13\xca\x03\xc0I\x91\xb4\x01\x98\xd4\xa8\x04\x80\xd9\xa9\
\x0f\x80L\xe9\x064)/\xa3vFTW!\x820\
\xc11\xe5\x01P)\xdf\xff\xa65\xea\x94+\x00\x13\xf3\
\xd0A\x93\xf2\xf7\xafJ\x9a\x00M\xca\xcb\xa8\x9da\xe5\
\x1f \x11(7\x074x\xf7\xae\x91+\x00\x93\xf22\
l\xa7_\x83\x8f\x90\x08\xcc$\xfbT\x97\x00\xac\x91>\
\x00\x93\xf2\xd2'\x01`fn\xf6\xab.\x81\x18\x96\xc9\
\x15\x80Iy\xe9\x97\x000\xb3\x09\xf6\xaa.\x81k\x89\
\x97E\xe5LJ\x02\xc0\xd4&\xa8\xa1Ou\x11l\x95\
.@\xd3\x92[\x00SsqH\x83\xf7n\x9b\x04\x80\
iy\xe9\xb7\xd3\xa7\xc1\x87H\x04bL\x83\x1b\x80\x18\
\xb6H\x00\x98\x96\x97>;=\x12\x00&5\xc6\x1e\xc5\
\x158YE\xba\xb4\x00\x98\x96\x97\x1e;]\x12\x00\xa6\
4I;\xb5\x8akp\xb2M\x83MID\xa0<t\
\xda\xe9T>\x9b\x5c\x04b\x84\xe3\xcagr:\xb9Y\
\xf5a\x10A\xf0\xd0eg@V\x040\xa5!\x0e(\
\xae\xc0N:\xebU\x1f\x06\x110/\xa3\x0c\xdb\x99\xa4\
O\xae\x01LH}\x00Ds\x0d\x99\xaa\x0f\x83\x08\x98\
\x9b^\xdcv\xa0K\xf9|2\xe1/7=\x9cV\x5c\
C\x1c\xefT}\x18D\x10\xdct\x83\x1d\xe8\x94\x000\
\x9da\xce\xd1\xab\xb8\x86x\xb6\xaa>\x0c\x22\x08n\xba\
\xa6\x02\xa0]\x83U\xe5\x84\x7f.(\x9f\x06\xe4$\x87\
U\xaa\x0f\x83\x08\x82\x9b\xd6\xa9\x00h\x95+\x00\xd3Q\
\x1f\x00\x09\xac#^\xf5a\x10A\x98\xa4m*\x00\xda\
\xe4\x0a\xc0d&\xe9\xe0\x98\xe2\x1a\x92\xb9N\xf5a\x10\
A\x99\xbcr\x05 \x01`.\x178\xae|)\xb7d\
\xb6\xa8>\x0c\x22(\x97o\x01\xda\xe4\x16\xc0d:8\
\xa4\xb8\x82h\x0a\xa8V}\x18DP.\xdf\x024\xcb\
\x15\x80\xc9\xb4+o\x01\xc8`\x8b\xcc\x010\xb9I\x9a\
\xa7\x02\xe0\x02\xfdr\x0d`\x22\xa34R\xaf\xb8\x86\x0c\
6\xa9>\x0c\x22(\x93\xf420\x15\x00^Z\x18W\
]\x8f\xf0Y+\xc7\x15\x07\xb6\x8dt\xd6\xa9>\x0c\x22\
(\xe34\xe3\xe5\xe2\x5c\xaef\x5c\xaa\xeb\x11>k\xe5\
\xb8\xe2\x0a\x92YB\x86\xea\xc3 \x82\xe2\xa2\x09.\x05\
@\xa3\x5c\x01\x98\x86\x97\x16N(\xae!\x8b\xd58T\
\x1f\x08\x11\x94\xf1\xe9\x01 W\x00\xe6\xd1K-]\x8a\
k\xc8a\xad\xea\xc3 \x82\xe4\xa2\x19.\x05@\x93\x04\
\x80i4qFq\xafM\x14\xf9,U}\x18D\x90\
f\xdc\x02\xd4K\x00\x98F\x03\xa7\x14W\x90N5\xa9\
\xaa\x0f\x83\x08\x92\x8b\xf3p)\x00\xda\x18\x90\x8e@S\
\x98\xe0<u\x8ak\xc8g\xa5\x8c\x01097\xfdt\
\xc0\xa5\x00\x18\xa5M\xae\x01L\xa1\x8b:\xe5\xd3\x80\x0b\
X\xa9\xfa0\x88 \x8d\xd2\xc2\x18pyI\xc7\x06\x86\
U\xd7$|PK\x8d\xe2\x05\xdcb)\xa6L\xf5a\
\x10A\x1a\xa1a\xea\xff\x5c\x0a\x80\xf3\xca'\x97\x08_\
\xd4P\xa3\xb8\x82<\xaaIP}\x18D\x90\x86\xa7Z\
\x00\xe4\x0a\xc0\x5c\x5c\xd4\xd2\xa8\xb8\x86\x12\xe9\x01\xb0\x80\
\xab\xae\x00\xea$\x00L\xa0\x91z\xc5K\x81\xdb(a\
\x89\xea\xc3 \x826|i6\xc9\xa5\x00\xa8e@\x16\
\x07\xd7\xde\xa9K\x17n\xca\xc4QJ\x91\xea\xc3 \x82\
\xe4e`\xf6-\xc0\x08\xad\xd2\x0a\xa0\xbd\xd3\x97.\xdc\
\x94\xa9\xa0J\x06\x01\x9b\xde\x10\xcd\x97\xce\xf6+\x1b;\
\xd5(\xef^\x12\x0b\x1b\xe6\x0cm\x8ak\xa8\x96e@\
,\xa0\xefJS\xf2\x95\x00\xa8\xa7_u]bA\xc7\
iR\xbe\x85K\x05\x15\xaa\x0f\x83\x08Z\xff\x95\xf5$\
\xae\x04@\x9d\x04\x80\xe6\x8e\xd1\xa2\xb8\x82\x1c\xcae\x10\
\xb0\x05\xcc\x13\x00}\xaa\xeb\x12\x0b\xf0r\x9cV\xc55\
,\xa1Tv\x03\xb6\x80\xfe+\xc3\xc9\xaf\xbc\x9d\xdd\xb4\
+\xdfmV\xcc\xaf\x8dz\x06\x15\xd7\xb0\x94\x12\xd5\x87\
A\x04m\x84Vz.\xfd\xe6J\x00Lp\x9e\x0b\xaa\
k\x13\xf3:\xae|\xf5\xe6(\xaa)T}\x18D\xd0\
z\xa8\xbf2\xa1|\xfa\x05]\x9d\xf2\x85&\xc4\xfc\x0e\
\xd2\xa9\xb8\x82\x22Je\x10\xb0\x05tQ{\xe57\xd3\
\x03\xa0\x96n\xd5\xb5\x89y\x8csL\xf9\xbb\xb3\x92B\
\x99\x06l\x01\xdd\xd3'\x94O\x0f\x80z:e4\xa0\
\xa6\x1a4\x98\xae\xb5\x92|\xd5\x87A\x04\xcdC\xe7\xf4\
\xf1\xa4\xd3\x03\xa0\x9b6\x99\x11\xa0\xa9\x03\xf4(\x0e\xe7\
\x04\x96\x92\xa5\xfa0\x88\xa0\x0dOo\x02\x9c\x19\x00n\
\xceO\xad\x12\x22\xb4\xb3Wy\x03m\x05E\xc4\xaa>\
\x0c\x22hm\xd4O\x1fN6\xb3W\xb7V\xf9P\x13\
1\x97\x11\x8e(\x1f\xa6\xb5\x96\x1c\xd5\x87A\x18\xa0e\
z\x13\xe0\xd5\x01\xd0\xac\xba>1\x87\xd3\xca\xf7n\xb2\
q\xad\xdc\x00XB\xcb\xcc5%g\x06@#\xcdL\
\xa8\xaeP\x5ce\xa7\xf2!@\x89,#M\xf5a\x10\
A\x1b\xa7e\xe6\x97\xfc\xcc\x00\x18\xa3IZ\x01\xb4\xe3\
e\xb7\xf2\x00\xb8\x96l\x99\x06l\x01m4\xcc\x5c\xfe\
w\xf6\xc8\xee\x06\xe53\xce\xc5l\xa3\x1cdHq\x0d\
\x1bIW}\x18\x84\x01\xae:\xbfg\x07\x80\xfaE'\
\xc5lo\xd0\xaf||\xc6ud\xaa>\x0c\xc2\x00W\
\x9d\xdf\xb3\x03\xa0\x9e\x1a\xc5\x1bO\x89\xd9v(\x9f\xa4\
U@\x05q\xaa\x0f\x83\x08\xda\x04\xb5\x8b]\x01\xb88\
\xaf|\xdd91\xd3\x9b\xca\x03`3)2\x08\xd8\x02\
\xea\xa8\x9f\xdd\x9b4;\x00\xbc\x9c\xe7\x8c\xea:\xc54\
\x0d\x9cU\xde3s\x1d\xc9\xaa\x0f\x830\xc0i\x1af\
\xdfL^\xbd\xbc\x83\xfa\xcd'\xc5to2\xa2\xb8\x05\
\xc0\xc9F\x12U\x1f\x06a\x809V\x95\xbe:\x00:\
9\xc7\x80\xeaJ\xc5e\xaf(\xff\xfe_J!Q\xaa\
\x0f\x83\x08Z\xff\x5c\xf3}\xaf\x0e\x00\x17\x8d3\x07\x0b\
\x0a\x85&xSy\xa3\xecu$I\x0b\x80\x05\x9c\xa5\
\xf1\xea\xf1\xa4s\xad\xf0\xd6\xc21\xd5\xb5\x0a\x00\xdc\x9c\
\xa5Q\xf9J\xc0\xdb\xa4\x07\xc0\x12\xe6\x5cTv\xae\x00\
h\xe5\x98\xf2\x0f\x9d\x00\x98d\x87\xf2\x1b\x80$\xd6\x13\
\xa3\xfa@\x88\xa0\xb99>\xd7\xae\x12s\x05@\x1f5\
\xcaW\x9f\x11\x00\x13\xbc\xa2\xba\x04V\x92+\x83\x80-\
\xa0\x8b\xda\xb9\xd6\xfd\x9e+\x00\xdc\xb4qBu\xbd\x02\
/\x03\xecV]\x047K\x03\xa0%\x1c\xa5m\xae\xeb\
\xfa\xb9Wy\xef\xe4\xa0\xeaz\x05\xe3\x9cV\xbe\x15\x98\
\x8d\x1b%\x00,a\x9eEe\xe7\x0f\x00\x17B\xadQ\
v(\xae\xc0F2\x1b\xe4\x06\xc0\x02\xc68<\xf7\x9a\
\xdfs\x07\xc00\xe78\xa7\xba\xe6\x887\xc2\x1b\x8a+\
p\xb2I\xba\x00-\xe1\x14\xb5s/*;\xdfFO\
]\xbc\xa6\xba\xe6\x08\xe7\xa1\x9f\xbd\x8akpr\xb3\xea\
\xc3 \x0c\xf1\xfa|\xbbJ\xcc\x17\x00\x9d\xbc\xae\xba\xe6\
\x087\xcc\x01\xe5\x0b\x81;\xb9Q\xf5a\x10\x06\xf0\xf2\
\xfa|\x9b\xfe\xcc\x17\x00#\x9c\x969\x01J\xf5+o\
\x01\xb0\x93\xceZ\xd5\x87A\x18\xe0\x18g\xe7\x9bQ:\
\xff^\xaf\xbd\xbc\xa8\xba\xee\x886\xc8N\xc5\x15\xc4\xb2\
Q\x1a\x00-\xe1\xc5\xf9w\xfe\x9e?\x00\xfaxA\xf9\
:4\x91k\x9cf\xe5k3\xc5\xb2Y\xf5a\x10\x06\
\xf0\xf2R \x010\xc6\x19\xe9\x09P\xa6\x97\xfd\xca\x07\
\x01\xc7r\x9d\xea\xc3 \x0cp\x92s\xf3w\xea\xcf\x1f\
\x00^\xfayIu\xed\x11\xab\x97\x03\x8a+p\x90\xce\
\x0a\xd5\x87A\x18\xe0\xa5\x85\xd6\x94\xb4/\xf0\x17\x87\xf9\
\xad\xdc\x04(\xd2\xc7Q\xc5\x15\xc4\xb1B\x96\x01\xb1\x00\
/\xcf-\xb4\xe3\xe7B\x010\xce1Y\x1fP\x89\x09\
\xba\x94\xef\xd1\x94\xc8Z\x19\x02d\x015\x1c_hW\
\xa9\x85\x02\xc0C\x9f\xdc\x04(1@\xbd\xf2\x85@\xe3\
\xb9F\xf5a\x10\x06xq\xe1E\xe5\xed\x0b\xfe\xe5\x09\
~\xa9|=\x9aH\xd4\xcbY\xd5%\x90\xc0R\xd5%\
\x88\xa0M\xf2\xe4\xc2\xbbJ\xda\x17\xf9\xeb\xbb\xa9\xc1\xad\
\xfaUD\x9c\x0b\xca\x03 \x8aL\x0aT\x1f\x06\x11$\
7g\xd8\xbb\xf0\xf9\xbbp\x00x\x19\xe6W\xca\xbb\xa3\
\x22\x8d\x97\x0b\xca;`\x13\xa8 Z\xf5\x81\x10A\x9a\
\xe0\xc9\xc5\xd6\x94\xb6/\xfa Oj\xb01Ud\x19\
\xa7s\xae\xd5\xdb\xc2*\x89j\xd5\x87A\x04\xc9K\x1f\
O-\xf6C\x8b\x07\xc0a\x8e\xc8\xda\x00au\x81\xf3\
\xca\xaf\xba$\x00\xcc\xcf\xc5a\x8e/\xf6C\x8b\x07\x80\
\x97_*\xdf\x9b6\xb2\xf4h\xd0\xf9*\x01`~\x83\
<\xb1\xf8\xb5\xfb\xe2\x01\x00\xcf\xd0-\xab\x04\x87Q\xaf\
\xf21\x00vR(W}\x18DP<t\xf3\x9b\xc5\
\x7f\xcc\x97\x00\xe8\xe65\xd9+(\x8c\xfaiU\x5cA\
\x02\x05\xb2\x14\xb8\xc9\xf5\xf3\x0a=\x8b\xff\x98/\x01\x00\
\x8f\xcb2\xe1at\x81&\xc5\x15$Q\xa4\xfa \x88\
 u\xf3\xb8/?\xe6[\x00\xec\xe6\x1cc\xaa_Q\
\x84\x18\xa5\x87A\xc55$\xca\x18\x00\x93\x1b\xe3\x9co\
\x0b\xca\xf9\x16\x00\xe3\xbcH\x87\xea\xd7\x14!.\xd0\xae\
\xbc\xdb5\x91|\xd5\x87A\x04\xa5\x83\x17\x16\x1e\x01x\
\x89o\x01\x00\xcf\xd1\xa2\xfcc\x19\x19zhW]\x82\
\x04\x80\xc9yi\xe69\xdf~\xd4\xd7\x008\xcf\xae\xf9\
\xd6\x15\x15\x86\xba \x01 \x82\xd4\xc9.\x1a}\xfbQ\
_\x03`\x9c\xdfQ\xa7\xfauE\x84~_\xdanC\
\xcaI*\x19\xaa\x0f\x83\x08B=\xcf\xfav\x03\xe0{\
\x00\xc0A\x0e\xcd\xbf\xb2\x980\xcc\x90\xf2\xa3\x9c@\xa6\
l\x07fb\xbd\x1c\xe4\x90\xaf?\xec{\x00\x0c\xf2:\
\xb5\xaa_[\x04\x18R>\xe6\x22\x9e4\xd5\x07A\x04\
\xa1\x86W|\xff\x0c\xf9\x1e\x00\xb0\x93\xc3\xca\xb7\xaa\xb0\
:/\xc3\xca;\x01ce)0\x13\x1b\xe1\x88?{\
J\xfb\x13\x00\xad\xec\xd6`\x94\xba\xb5\xb9\x18R>\xf5\
*\x9a\x04\xd5\x87A\x04\xac\x9e\xdd\xfe\xec)\xedO\x00\
\xc0.\x0e\xca\x0aA!5\xc8\x80\xf2\xee\xd6\x18\x09\x00\
\xd3\x9a\xe0\x00o\xf9\xf3\x17\xfc\x0b\x80\xb3\xecS\xbec\
\xbd\xb5\x0di0\xf3R\xae\x00\xcc\xab\x8d}\xfe\xb5\xd4\
\xf9\x17\x00n\xdef\xaf\xf2o(+\x1b\xd1\xa0\x95%\
\x8aX\xd5%\x88\x80x\xd8\xc3\xdb\xfe-\xe1\xe7_\x00\
\xc0Qv+o\xa5\xb6\xb2q_\xfbo\x85\xb8\xca\x00\
os\xcc\xbf\xbf\xe2o\x00\x8cq\x90=\xaa_\xa7\x85\
M(_\x0b\x08<\xd2\xcecR\xbb\xd9\xefo\x13\xb2\
\xbf\x01\x00\x07xE> !3\xa9\xc1\xb1\x9d\x94\xab\
\x10S\x9a\xe0\x15\xdf\x07\x00]\xe2\x7f\x00\x0c\xb0\x8bW\
T\xbfV\xcb\xd2\xe1\x0a`\x94~\xd5%\x88\x00\xbc\xc8\
.\xff\xc7\x90\xf8\x1f\x00p\x94\xdfh\xf01\xb5&\x1d\
\xae\x00F\x95\x0fF\x16\xfes\xf1\xdb\xc5\x97\x00\xbdZ\
 \x010\xc8\x01\xb9\x06\x08\x11\x1d\x02`\x90.\xd5%\
\x08\xbf\xbd\xc4\xc1@\xba\x90\x03\x09\x00/gxJ\xf9\
x5k\xf2h\xb0\xfcj?\xad\x1a\xc4\x90\xf0\xc7\x18\
\xbf\xe2L \x1d\xf4\x81\x04\x00\x0cp\x80\xd7T\xbff\
Kr\xe2T]\x02\x93\x1a\xecM,\xfc\xf3r`\xdf\
\xff\x81\x06\x80\x87z\x1e\x97U\x02C Z\x83\x0d\xb9\
\xbct\x05r7)\x94\x19\xe5\x09\xce\x07v\xed\x18X\
\x00\xc0\x00{xS\xf5\xeb\xb6 \x1d\x02\x00\xdax[\
u\x09\xc2\x0f\xaf\xb3/\xd09\xa4\x81\x06\x80\x87\x16~\
*\xd7\x00\x86\x8b\xd5b\x18n\x0f\x07e\xce\x87i\x8c\
\xf23Z\x02m;\x0a4\x00`\x887\xfd\x99w,\
|\x92L\xb2\xea\x12\x80q\xce\xf1\x82\xea\x22\x84\x8f\xde\
bg\xe0S\xc8\x02\x0f\x00\x0f]\xfc\x98Q\xd5\xaf\xde\
b\xd2IW]\x02\x00\xad<I\x83\xea\x22\x84\x0fF\
\xf81]\x81O\xd0\x0b<\x00`\x84\x17\xd9\xa5\xfa\xf5\
[L\x12\xe9Z\xb4\x02\x8c\xb0\x9f\x9f\x85`D\xe00\
\xb54\xc8|R\x03\xbd\xc9\xcb\xc1|\x0d;\x82z\xf2\
\x09:y\x0f\xd1\xd8T\x1f\x05\xcb\xb0s\x8a=\x1a\xac\
\x09\x00\xa3\x9c\xa5\x88b\xc3\xda$\xc6\xe9\xa4\x96]<\
\xc7\x00k\xe4\x13c\x08/\x83|\x913\xfeM\x00\x9e\
)\xb8^\xe7\x09~\xcfk\xdc!k\xc8\x1a(\x9b\x02\
-\x1a\xe0<\xb4\xf0\x97Lp+9A~JF\xe8\
g\x80fv\xf1\x22G\xc8\xe5\xf3r\xfa\x1bd\x82\x97\
y9\xb8\xa1c\xc1\x0e;\xf1\xf056\x92\x1d\xd4\xad\
\x84\x98\xae\x90*\xf6\xab.\x02\x00\x0f\xed|\x8aO\xf1\
I\x8aI\xf6\xfb:\xcf\x8b\x9b1F\x19\xe2\x18o\xf0\
\x06'\x19\x06`\x1d\x15\xaa_\x98Ex\xe8\xe6\xab\xc1\
\x8e\x1c\x0d~\xdc\xd9^\x9e\xe6>\x92T\x1f\x0d\xcb(\
\xa4\x12\x9b6w\xc9n\xbe\xcf\xe3\xfc/>\xc4\x0a\x12\
q\xe2\xc4\xbeH\x10xp\xe3\xc6\xcd\x18\xad\xeca\x07\
/\xd0=\xe3\xd5\x14H\x00\x18d\x88'\xfd\x9f\xfe;\
\x9b\x11\x03O\x1f\xe2\x16\x12\xe4\x1a\xc0 Y\x94\x13\x7f\
\xf1\xdbR\x0f\xbd|\x9f\x1fP\xc9V\xaeg\x0d\x95\x0b\
vTN\xd2\xce\x09\x8er\x80}\xd4\xcf\x11cN\x0a\
)Q\xfd\x82,\xc1C\x1b\xdf\x08\xfea\x8c\x08\x80F\
\xbe\xcf\x97\xc8S}D,\xc2F)\x1bx]u\x19\
\xb3x9\xc79\xfe\x03\x88!\x8bb\xf2H$\x8eT\
b\x89\xc7\x8e\x8bazh\xa5\x89&\xfa\x16l\x92*\
\xa2LZ\x8c\x0c\xd1\xce\xa3\xb4\x06\xff0\xc6L=\xf9\
\x09\xb7\x93N\x8c\xe2Cb\x15Ul\xd5.\x00\xaep\
\xd1J;v\xc0\x86\xed\xf2\xed\x80\x17/\x1e<x\x16\
\xb9y)\x91\xef\x7fC\xb88\xc9cF<\x901\x01\
\xd0\xcf\x7fRB\xb5\xd2Cb\x1d\xb9\xac'O\x8b\x9e\
\x80\xb9\x053eY\x02\xc0\x18\xf5\xfc\xd0\x98\xc5y\x8d\
\xb9s\xf7\xf2\x1co\xcbj\xc1\x06qP\xc6;T\x17\
\x11\x12vJ(R]\x84\x05\xf4\xb1\x8b\x17\x8di(\
6\xaa\xe9\xae\x8f\x9fqJ\x9b\xb6k\xb3+\xe5]\x96\
\xdc\x9f/\x87B\xe2U\x17az^N\x197J\xd3\
\xb8\xb6\xfb\xb7y^\x96\x910H\x12k\xb8Yu\x11\
!PN\xa1\xf4\x16\x05\xad\x91g\xd9g\xd4\x83\x19\xf7\
v\x0c\xf2\x14\xbbe\x82\xb0!l\x94p\xb7\x05\xc7V\
TP\xa0\xba\x04\xd3\x1ba'\xbf2n\xb0\xb8\x91y\
|\x9agd%\x19\x83$\xb1\x99w\xa9.\xc2`6\
\xca\xc9W]\x84\xe9\x9d\xe0\xd7\x9c5\xee\xe1\x8c\x0c\x80\
I^\xe5\x05:\xc3~H\xac\xc8F\x1e\xf7S\xa5\xba\
\x0cC\xa5RB\xaa\xea\x22L\xae\x9d\xdf\xf3z0\x93\
\x7ff\x0bn6\xe0l\xc3\x8cR@\x95\xc1\x8f\x1a\x99\
\xa2\xc8\xc0\xc3N\x0b\xad\xcf\xbb\x82\xf7JWqP&\
x\x89\xff2\xf2\xfb\xdf\xd8+\x00\x80\x83\xfc\x86\x9a0\
\x1e\x12+K\xe2c\xdcl\xa1\x99sK\xc8Q]\x82\
\xc9\xd5\xf0[\x0e\x1b\xfb\x90F\x07\x80\x8b7\xf8\xb5\x16\
\xf3\xd9\xcd\xcfN&\x7f\xcfR\x8b\x5cO\xd9$\x00\x82\
4\xc8\xd3\xbcn\xf4~\x1c\xc6\x7f\xb8\xfa\x98\xa0\x82R\
\x0b}s\xa9c\xa7\x80\x0c\xf62d\xf2\x11\x16Q\xa4\
S\xcc}\xac\xb6H\x98\xa9\xe0\xe1\x0d~\xec\xef\xe6\xdf\
\x8b\x0b\xc5\x1b\xd2\xcd8[I\x08\xc3A\x89\x04+\x19\
\xe1$\xc3&\x8d\x00\x1b\x09\xa4S\xcd\x87\xf8k\xb6h\
\xb1\xe2\xb1Yu\xf3M^5~O\xceP\x04\xc0\x04\
\xc3\xc4\xb3A\x86|\x18d\x0b]\xd42b\xb2\x08\xb0\
\xe1$\x96T\xde\xcb\x83\xfc\x03\xb7S(\xb3\x00\x83\xe0\
\xe6\x87<\x15\x8a\x1e\xb6\xd0\x5c\x92\xf5q\x81M\xe4\x86\
\xf8\xa0D\x0a;7\xd1\xcfY\x93\xb5\xac\xc4\xb1\x96\xbf\
\xe0{\xdcK\x95\xac\x1a\x19\xb4C<\xc4\xc9P<p\
\xa8\xde\x98X\xb6\xf18)!<$\x91\xc5\xc3\xb7\xf8\
\x1e\xf5\xaa\xcb\xf0I4\x15\xbc\x87\x0f\xb0Qu!\x96\
1\xc0=\xbc\x16\x9aQ\xb6\xa1j\x94q3\xc0\xa8%\
\xc7\xb3\xabac-%4\xd1\xaa\xf9\x8d@\x1e\xef\xe3\
\xff\xf0\xb7\xdc*\xa3\xfe\x0d\xf4\x0f<\x1b\xe8\xd6_\x8b\
\x09]\xab\xec(\xcdT[l,\x9bJNJY\xc5\
\x08\xf5\xc67\x04\x19\x22\x85w\xf2\x05\xfe\x8a\x0f\xb1\x8c\
\x14\xa2\xe4\xf47\xcco\xf8&m\xa1\x0a\xfeP\xde\x9b\
E\xb3\x8e'e\xf4\xb7\x81\xc6\xa8\xe1\xbf\xf9\x19M\xaa\
\x0b\x99!\x8a\x0dl\xe7\x06\x8a\xc9 I\x83\xed\xcd\xad\
\xa5\x99\x0fr\x98\xf1P=|(\xfbe=\x5c\xa0\x97\
;\xa5\x01\xc80N\xd2Y\xcar\xa0A\x8b\xeb\x00;\
\x95\xdc\xc3\x17\xb9\x97w\xb2\x94,\xe2\xe4{\xdf`n\
\xfe\x92WB9\xc76\xb4'\xa7\x8d\x0c\xfe\x9d\xf7h\
\xb1\xd9\x95u\x0cr\x96Wx\x82\x83\x0a\xdb\x03\xa2)\
\xe6:6SE\x09\x85\xc4J\xc8\x87\xc48\xbf\xe2s\
\x5c\x08\xe5\xfb\x1c\xfa7n\x13\xff\x8ferah(\
7\xdd\xec\xe7m^a\xaf\x913\xc3|\xe2$\x97\xd5\
\xacg5\x95\x94Zp\xcd\x02}Lp\x92O\x86z\
\x93\x98\xd0\x0f\xcdl\xc3\xcbz\x12\xe5;\xc2@v\x12\
\xa9`%\x15\x14\xe3\xa67L3\x06\xed\xe4\xb3\x85\xf7\
\xf0!\xde\xcb\xed\xac'G\xd6\x81\x0e!\x0f\x9d\xfc\x0b\
\xcf\x86\xfai\xc2qZ\xa6\xf3u\xee\x96\x99\xe0!\xe0\
\xa5\x9779\xc4\x09NS\x1f\xc2\xb1\x82\xb1\x14QJ\
9KY\xc5r\xd9\x08.,z\xf9\x1f\xfe\x86\xbeP\
?Mx\xbe\x97\xd7\xf0O\xbcCf\x07\x84\xc8$'\
9\xc0!\xeah\xa1\x8d^\x03[\x8c\x9d\xa4SH!\
%,e\x19\xcb\xc8\x94[\xb90\x19b\x07\x0fr4\
\xf4O\x14\xae\x0b\xf3\x0f\xf2\xbfY-\x8d\x81!4L\
\x0d'9A-m\x5c`\x80\x01\x06\x03\xba5\xb0\x13\
G\x0a)\xa4\x92B\x06%\xacb\x15\x15\xf2\xce\x85\x95\
\x8bC<\xc4\xaf\xc3\xf1T\xe1J\xf4_SJ*\x15\
r\xf1\x182\x09\xacf50@\x1dg8O\x03M\
\xf42\xc28.\xc6\x19g\x82\xc9\x8b{\xf7x\xf0\xe0\
\xc0~\xf9\x97\x83(\xa2\x89\xb9\xf8+\x9el\xca(\xa3\
\x82R\x0ad\xfa\xae\x02n\xce\xf3\x0b~\x17\x9e'\x0b\
_\xd3\x5c\x1a\x7f\xcb\xbd\xb2$D\x18\xb9i\xa3\x99\x1e\
\xba\xb9@7\xfd\x0c3q9\x0cb\x88&\x9ahb\
\x89\x22\x8ed2\xc9\x22\x93,\xb2H\x95I\xbb\x8a\xb5\
\xf3S\xbef\xd4\xba\xff\x8b\x09\xdf=]/? \x8b\
\x0f\xca\xc6\x10a\xe3\xa0\x90B\xd5E\x08?\x0d\xf3\x02\
?\x0c\xd7\xe9\x1f\x8en\xc0+z\xe8\xa7\x882\xb9\x0d\
\x10b\x1en^\xe6;F\xaf\xfb\xb7\x90\xf0\xde\xe3\x9d\
\xc7K\xb5\xdc\x06\x081\x8fc\xfc{\xe8\xfb\xfe\xa7\x0b\
w#\xcf\x19<\xac\x91\xf1cB\xcc\xa1\x85o\xf1\xdf\
\xe1\x1d\xdb\x19\xee\x00p\xd3\x0cl\x96\xe5\xa1\x84\x98e\
\x84G\xf8y\xb8\xf7\xd8\x0e\x7f7\xcf\x08\xdd\xc4\xb0N\
\x86\x06\x0b1\x8d\x97\x1f\xf1_4\x86{\x82W\xf8\x03\
\xc0K\x1f\xdd\xa4\xb3,\xec\xcf,\x84\xbe\x9e\xe4\x07\x9c\
\x08\xff>P*\x06z\xb8\xe9\xa1\x93bJ\x15<\xb7\
\x10:z\x8bo\xb3O\xc5\xde\xdajFzM\xd0E\
\x17\xcb\xa5?@\x08\xe0\x04\x0f\xf1\x86\x9aU\x9fU\x0d\
\xf5t\xd1N?\xebIV\xf4\xfcB\xe8\xa2\x89\xaf\xf3\
|\xf8\x86\xfe\xcc\xa4n\xac\xb7\x8b&&X/\x03O\
ED\xeb\xe7\x9b\xfc\x0f\xbd\xaa\x9e^\xe5d\x8f1\xce\
\x12\xcf:\x99b*\x22\x96\x8b\x1f\xf2(=\xea\x16w\
S\x19\x00^F9F\x05\x15\x12\x01\x22\x22\xb9\xf8\x1d\
\x7fO\x07\x1eu%\xa8\x9d\xee\xe9e\x903\xac _\
\x22@D\x9c1v\xf2 5j\xb7zQ?\xdf\xbb\
\x83\x16V\xcaZ3\x22\xc2\xb88\xc2\xff\xe1m\xd5e\
\xa8\x0f\x00\xa8c\x84*2\xb4\xa8E\x88p\x18\xe7$\
\xff\x1a\xaeE?\x16\xa2\xc7Iw\x0c\x17U\xa4kR\
\x8d\x10\xa15\xc9\x19\xbe\xc3OU\x97\x01\xba\x04\x00\x1c\
\xc1K%\x192C@X\x9e\x87s\xfc;?T]\
\xc6\x14]\x02\x00\x0e\xe0\xa4\x8at\xd5e\x08\x11b5\
<\xca\xa3\xba\xec\xf2\xacO\x00\xc0>\x5cT\x92\xa9\xba\
\x0c!B\xe8,\x8f\xf0}\x95\x1d\x7f3\xe9\x14\x00^\
N1A\x15\x19\xaa\x0b\x11\x22Dj\xf9.\xff\x81K\
u\x19W\xe8\x14\x000A\x0d.\x96\x92\xa6\xba\x10!\
B\xa0\x81\xef\xf0\xb3p/\xf9\xb10\xbd\x02\x00\x5c4\
0\xcarRT\x17\x22\x84\xc1\x9ax\x84\xff\xa1[\x97\
\xbb\xff)\xba\x05\x00\x8c\xd0\xc4(+e\xdd@a)\
-<\xc2\xe3\xb4\xebu\xfa\xeb\x18\x00^\x86hb\x90\
%r\x15 ,\xa3\x99\xef\xf0\x04-\xfa4\xfe]\xa2\
_\x00L\xcd\x10h`\x80ji\x0b\x10\x96p\x9eG\
x\x5c\xc7\xd3_\xcf\x00\x98\x8a\x80z\x86\xa8\x96q\x01\
\xc2\xf4j\xf87~A\xbb\x8e\xa7\xbf\xae\x01\x000\xc2\
9F\xa8\x90NAaj5<\xc2\xcfuk\xfa\xbb\
B\xdf\x00\x80Q\x8e3F\x15\xa9\xb2\x99\x980%\x0f\
\xb5<\xc2\x7f0\xa8\xeb\xe9\xafw\x00\xc0\x04\x07\xf1P\
A\x9aD\x800\x9d\x09\xce\xf2\xef|O\xa7a?W\
\xd3;\x00\xc0\xcb~\xbc\x94\x92\xa6}\xa5BL7\xce\
i\x1e\xe5{z\xde\xf9_a\x86\xd3j?\xe3\x94\x91\
&K\x86\x08\xd3pq\x82G\xf8\xb1\xbe\x97\xfe\x97\x98\
!\x00\xe0\x10C\x94\xc9\xaaA\xc2$\x5c\x1c\xe6\x9b\xfc\
\x5cu\x19\xbe0G\x00\xc01\xea(\x95\xb5\x03\x85\x09\
\xb8\xd8\xcdW\xf8\x8d\xea2|c\x96\x00\x80z\x0e\x91\
'+\x08\x0b\xcd\x8d\xf3\x1c\x0f\xb2Su\x19\xbe2O\
\x00@';q\xb2L\xb6\x12\x11\xda\x1a\xe0\xff\xf1w\
\x9cU]\x86\xef\xcc\x14\x000\xcc!\x06Y*\xb3\x04\
\x84\x96Z\xf9\x16\xdf\xd5o\xc2\xcfB\xcc\x15\x00^F\
9M;\x15d\xab.E\x88YN\xf2u\xfe\x9bn\
\xdd;\xfef2W\x00\x80\x971\xces\x9e\x5c\xd9\x5c\
\x5ch\xe5-\x1e\xe2Yz\xcd\xf4\xed\x0f\xe6\x0b\x00\x80\
1Z\xa8#\x96\xe5\xb2\x86\xb0\xd0\x82\x97\xe7\xf8\x16\xaf\
\xab\xda\xe17\x18f\x0c\x80\xa9\xcd\xc5\xebq\xb3\x82(\
\xd5\xa5\x88\x887\xc2\x8f\xf8\x01o3\xa4\xba\x90@\x98\
3\x00`\x82Nj\xe9a\x89\xac\x1c$\x94j\xe7\x11\
\xfe\x93c\x8c\xa9.$0f\x0d\x00p\xd3\xcd)\xba\
(\x22S\xa6\x0a\x09%\xdc\x1c\xe3a~N\x03\x93\xaa\
K\x09\x94y\x03\x00\xbc\x0cs\x94^\xa2) Zu\
1\x22\xe2\x8c\xb0\x83G\xf99\xfdfk\xf8\x9b\xce\xcc\
\x01\x00S\x19\xdc@<\xb9\xc4\xc9u\x80\x08\x1b\x0f]\
\xfc\x8eG\xf9\x0dn\xd5\xa5\x04\xc7\xec\x01\x00\xd0\xccq\
\xa2\xc9&\xc9\x12\xafF\xe8\xcfE\x1dO\xf1-\xf6\xab\
.$x\xd68e.\xb0\x0f\x0f\x19\xa4\xca\xad\x80\x08\
\xb9a\x8e\xf2\x9f<B\xab\xeaB\x8c`\x8d\x00\x801\
\xf6\xd1A\x06\xd9\xc4\xc8\xe8\x00\x112\x1e\xfa\xd8\xc9w\
\xf9)\xa3\xaaK1\x86U\x02\x00<\x9c\xe1\x14\xb1\xe4\
\x13k\xa1W%t2I\x07O\xf2\x0d^7\xd7p\
\xdf\x85X\xebTi\xe7-\xba(#\xddb\xafK\xe8\
`\x9c\xd3|\x93\xef\xd0\xa0\xba\x10#Y\xedD\x19\xe3\
0{Hf\xb9\xf4\x09\x08C\xb9y\x9a\xbf\xe2\xb7V\
\xb9\xf4\xbf\xc4j\x01\x00^\xda\xd8A-kIV]\
\x8a\xb0\x8cV\xfe7\xffJ\x8d\xea2\x8cg\xbd\x00\x00\
\x18\xe34\xaf\x93\xcer\xd5\x85\x08Kx\x89\xcf\xf1\xa2\
^\xdbz\x1b\xc5\x9a\x01\x00\x13t\xb1\x9bV6\xca\xfa\
A\x22(\x83\xfc_\xfe\x99S\xb8\xcc<\xdeo~V\
\x0d\x00p3\xc0Yv\xb1\x9cli\x0f\x10\x01qs\
\x9c\xcf\xf2,\xad\xe6\x1d\xeb\xbf\x18\xeb\x06\xc0\xd4\xfaA\
\xcd\xec\xa3\x9fJ\xe2et\x80\xf0\x8b\x97\x1e\x1e\xe3\xab\
\xeca\xc0\x9a\xdf\xfdS\xac\x1c\x00\x00\x93\xb4q\x8e3\
$\x93E\x8c\xeab\x84i\x0c\xb2\x83\x7f\xe1I\x8e1\
\xa1\xba\x94\xd0\xb2z\x00\x00\xf4Q\xcbYz\xc8$5\
\x22^\xaf\x08\xce\x04g\xf9)?\xe2U:T\x97\x12\
z\x91qBL\xd0\xc89\x9ap\x93!\x0b\x88\x88\x05\
u\xf12?\xe2W\x1c\xb5\xfaw\xff\x94\xc8\x08\x00\x80\
\x01NS\xc7\x10\x09\xa4\xc9BbbN\xa3\x1c\xe6\x09\
\x1e\xe3%zT\x97\x12.\x91\x13\x00\xe0\xa6\x95S\xb4\
\xe1%\x89\x14i\x14\x143xi\xe5%~\xc2\xe3\x9c\
6\xfb\x1c\x7f\x7fDR\x00\x00\x0cs\x8a\xe3\x8c\x91H\
\xb24\x0a\x8a\xcb\xfa8\xc2S\xfc\x807\x18T]J\
xEZ\x00\x80\x97n\x0es\x8e(bI\x94\x9d\x06\
\x05.\xeax\x81\x87\xf9%M\xd6\x99\xe5\xe7\xab\xc8\xbd\
\x10Nf;\x9fb\x1592L(\x82y\xe8\xe4\x04\
?\xe19\xfaT\x97\xa2F\xe4\x06\x00\xd8H\xe6\xe3\xfc\
\x09\xb9$J\x08D \x0f\xc3\xb4\xf2\x13~d\xbe\xfd\
|\x8c\x13y\xb7\x00\xd3\xb9\xd8\xc3\xaf\x88\xa7\x84\x18\xec\
\x11\x1d\x86\x91\xc6\xcb\x04]<\xc1\xa7y\xdej\x13|\
\xfd#\x1fz\x80ky\x90[e\xcf\xe1\x082\xc0\xab\
|\xcd\x0a\x8bz\x06K\x02`\x8a\x9d\x9b\xf9\x12[\x89\
W]\x88\x08\xb9\x11v\xf1m\x9e\x8f\xbc\x06\xbf\xb9H\
\x00\x5c\x12E2\xb7\xf0I\xb6\xca\x04b\x0b\x1be\x0f\
?\xe1\xf7\xf4E\xc68\xbf\xc5I\x00\x5ca#\x8eL\
\xb6p\x1f7\x13\xa7\xba\x18a\xb81v\xf1\x18;\xe8\
b$r\x1b\xfdf\x93\x00\x98\xc9F\x02\x05l\xe4C\
\xdc\x22!`!.^\xe3\x17\xec\xa5\x85!\xb9\xf4\x9f\
N\x02\xe0jv\x92(a\x1d\xef\xe76\xd9h\xc4\x02\
\x5c\xbc\xce\x93\xec\xa7\x9eA9\xf9g\x93\x00\x98\x9b\x9d\
D\xaaY\xcb\x9d\xdc)S\x87Ll\x92\xd7y\x8aC\
\x9ca@N\xfe\xb9H\x00\xcc\xcfF\x02\xcb\xd9\xc6-\
l&I\x8e\x94\xc9x\x18`7\xaf\xb2\x87\xc3\x0c\xc9\
=\xff|\xe4c\xbd\x98d\xd6\xb1\x86\x0dl!_\xae\
\x05Lb\x92\x0e\xf6\xb2\x93\xfd\x1c\x8c\xb4\xc9=\xfe\x92\
\x00\xf0E4+\xb8\x8e\x8d\xac\xa7TF\x0ahn\x84\
\x06\x0e\xb1\x8f=\x1cbLu1\xfa\x93\x00\xf0\x95\x83\
J\xb6\xb2\x91UT\x93\xae\xba\x181\xa7\x01j9\xc4\
nvq\xd6\xba\xeb\xf8\x1aK\x02\xc0?Ylf;\
\xeb)'[\x8e\x9dF\xbctS\xcfa^\xe3-\x9a\
U\x17c&\xf2!\xf6_2kx\x17\xd7S@\xae\
,*\xa2\x811:hf/\xcfr R'\xf5\x06\
N\x02 0\xd1\x94r'\xb7QA&)2\x99X\
\x11\x0f\x83\xf4p\x86\xdf\xf3\x1c\x8d\x8c\xab.\xc7\x8c$\
\x00\x82\x11\xcd\x06\xee\xe1\x162H\x22Zb \x8c\xbc\
\xb8\x18\xa4\x9b\x9d<\xcd+\xb8T\x97c^\x12\x00\xc1\
\xcb\xe4\x0e\xeef\x1d\xa9DG\xf8\xfa\x0a\xe1\xe1f\x82\
~\x0e\xf3K\x9e\x89\x9c\xd5{CE\x02\xc0(U|\
\x80?d\xb9\x8c\x15\x0817\xb5<\xcd\x13\x1c\x92\xc1\
=F\x90\x000R\x02[\xf8 \xdb)\x97\xe3\x1a\x02\
^jx\x91\xa7\xd8\xc3\x88\xeaR\xacC>\xa8F\xb2\
\xe1$\x8a\x14Vr\x07\xdbY!G\xd70\x0d\xbc\xca\
3\x1c\xa0\x97q\xdc\xf2\xddo\x1c\xf9\x88\x1a\xcfF4\
\x09\xa4P\xc9Mlg\xad\x1c\xe3\xa0\xd4\xf0\x12\xcfq\
\x9a>\x86q\xc9\x84\x1e\xa3\xc9\x873Tl\xc4\x90B\
*Ule\x1b\xabeu\x01?\xb9\xa8a\x07/s\
\x96>z\x19\x95o\xfd\xd0\x90\x00\x08\xb5X2\xc9b\
\x09kX\xc7J\xb2\xa4\xb3p\x11n\xba8\xc6\x01\x0e\
SO\x17\x1dr\xbf\x1fZ\x12\x00\xe1\x11O6\xd9\xe4\
Q\xcaR\xaea\x99\xcc&\x98C?\xb5\x9c\xe4\x18g\
h\xa3\x83.9\xf5\xc3A\x02 \x9c\xec$\x93K\x01\
%TP\xcd\x12\xaae(10A\x03\xe78\xc3i\
\x1ah\xa3\x95\x0b\x91\xb49\xa7j\x12\x00*D\x91A\
1%TRE\x15\xc5\xe4E\xe4\xe8\x81q\xdah\xa0\
\x86Z\x1ai\xa4\x91v\x99\xbe\x1b~\x12\x00\xea\xd8\x88\
\xa1\x84*\x8a)\xa1\x80\x02\x0a\xc8%\xc1\xf2m\x04\x1e\
\x86i\xa3\x85\x16\x9ai\xa4\x81\x1a\x1a\x18\x97&>U\
$\x00t\x10C1\xe5TPJ\x0e\x99d\x93M:\
\x89\xaa\x8b2\x98\x8b^\xba\xe8\xa4\x83\x16\xea\xa9\xa5N\
\xa6\xef\xe8@\x02@'vR(\xa6\x8a\x0aJ)&\
\x95\x14RH%\xc1\xb4\xef\x92\x97az\xe9\xa7\x9f~\
\xbah\xa2\x86s\xd4\xd1%\xf7\xf8\xfa0\xebG\xcb\xea\
\xa2\xc8\xa4\x8cr\xca\xa8\xa4\x80$\x12H \x9e\x04b\
\xb5\x9fn\xe4f\x8caF\x18f\x98\x01Z\xa8\xa1\x8e\
z\xea\xe8\x915zt$\x01\xa0\xbfx\xca)\xa5\x94\
\x12J\xc9'\x99Xb\x88&\x86\x18Mf\x1f\xbaq\
1\x8e\xeb\xe2\xaf~Z9O\x03\xe7\xa9\xe7\xbct\xe5\
\xe9N\x02\xc0\x5cb\xc9\xa5\x94b\x0a)\xa2\x88\x02R\
q\xe2\xc4\x89\xe3\xe2?\x1d!\xde\xe6\xdc\x8b\x1b\x0f\x93\
\xb8/\xfeo\x92I\xfah\xa2\x99&\x9ah\xe2<\x1d\
\xd2\x96o&\x12\x00ff#\x95\x02\xf2\xc9'\x9f<\
\xf2\xc9\x22\x934b\xb1a\xc7v\xd5/.\xfe\xcfv\
\xf9o_\xe1\xbd\xfco\xef\xc5\xdfy\xaf\xfa\xe5\xc1\xcb\
(\xbdt\xd3I+\xed\xb4\xd2J+\xcd\x0cH\x1b\xbe\
yI\x00X\x8d\x83D\xb2\xc8&\xe3r#b*I\
\xa4\x10M<q\xc4^nG\xb0\x13{y\x18\x92\x8b\
1<\xc0$c\x8c0\xc6(#\xb8\x18`\x80~\xfa\
\xe8\xa3\x9f~\xba\xe9\xa2\x8b!i\xc0\xb3\x96\xff\x0f@\
\xb4\xc8\x08[)\x02\xbd\x00\x00\x00%tEXtd\
ate:create\x002019-\
04-19T11:34:49+0\
2:00\x0c\xec\xa8Z\x00\x00\x00%tEXt\
date:modify\x002019\
-04-19T11:34:49+\
02:00}\xb1\x10\xe6\x00\x00\x00\x19tEX\
tSoftware\x00www.in\
kscape.org\x9b\xee<\x1a\x00\x00\
\x00\x00IEND\xaeB`\x82\
"

qt_resource_name = b"\
\x00\x06\
\x07\x03}\xc3\
\x00i\
\x00m\x00a\x00g\x00e\x00s\
\x00\x0a\
\x09\xc8\xc6G\
\x00e\
\x00r\x00a\x00s\x00e\x00r\x00.\x00p\x00n\x00g\
\x00\x08\
\x06\xc1Y\x87\
\x00o\
\x00p\x00e\x00n\x00.\x00p\x00n\x00g\
\x00\x08\
\x08\xc8Xg\
\x00s\
\x00a\x00v\x00e\x00.\x00p\x00n\x00g\
\x00\x0a\
\x0a-\x16G\
\x00c\
\x00i\x00r\x00c\x00l\x00e\x00.\x00p\x00n\x00g\
\x00\x07\
\x06\xc1W\xa7\
\x00p\
\x00e\x00n\x00.\x00p\x00n\x00g\
\x00\x09\
\x06\x98\x83'\
\x00c\
\x00l\x00o\x00s\x00e\x00.\x00p\x00n\x00g\
\x00\x0d\
\x0fU\x06'\
\x00r\
\x00e\x00c\x00t\x00a\x00n\x00g\x00l\x00e\x00.\x00p\x00n\x00g\
\x00\x09\
\x06\xc7\x98g\
\x00a\
\x00b\x00o\x00u\x00t\x00.\x00p\x00n\x00g\
"

qt_resource_struct = b"\
\x00\x00\x00\x00\x00\x02\x00\x00\x00\x01\x00\x00\x00\x01\
\x00\x00\x00\x00\x00\x00\x00\x00\
\x00\x00\x00\x00\x00\x02\x00\x00\x00\x08\x00\x00\x00\x02\
\x00\x00\x00\x00\x00\x00\x00\x00\
\x00\x00\x00\x86\x00\x00\x00\x00\x00\x01\x00\x00\x92h\
\x00\x00\x01\x9a\x91\xc8\xea\xc2\
\x00\x00\x00r\x00\x00\x00\x00\x00\x01\x00\x00\x80`\
\x00\x00\x01\x9a\x91\xc8\xea\xc4\
\x00\x00\x00,\x00\x00\x00\x00\x00\x01\x00\x00\x19D\
\x00\x00\x01\x9a\x91\xc8\xea\xc2\
\x00\x00\x00\xbe\x00\x00\x00\x00\x00\x01\x00\x00\xdft\
\x00\x00\x01\x9a\x91\xc8\xea\xc2\
\x00\x00\x00B\x00\x00\x00\x00\x00\x01\x00\x0066\
\x00\x00\x01\x9a\x91\xc8\xea\xc4\
\x00\x00\x00\x12\x00\x00\x00\x00\x00\x01\x00\x00\x00\x00\
\x00\x00\x01\x9a\x91\xc8\xea\xc2\
\x00\x00\x00X\x00\x00\x00\x00\x00\x01\x00\x00N\xef\
\x00\x00\x01\x9a\x91\xc8\xea\xc2\
\x00\x00\x00\x9e\x00\x00\x00\x00\x00\x01\x00\x00\xd2\x14\
\x00\x00\x01\x9a\x91\xc8\xea\xc4\
"

def qInitResources():
    QtCore.qRegisterResourceData(0x03, qt_resource_struct, qt_resource_name, qt_resource_data)

def qCleanupResources():
    QtCore.qUnregisterResourceData(0x03, qt_resource_struct, qt_resource_name, qt_resource_data)

qInitResources()
